gene,score,logfc,pval,pval_adj,is_de
DPYD,12.427968,1.1566523,1.8425755509389498e-35,1.8425755509389498e-32,True
LNCAROD,8.45894,0.67514485,2.6982022425690257e-17,6.745505606422564e-15,True
HSP90AA1,8.079562,1.0191646,6.499945793587887e-16,1.1818083261068887e-13,True
NEAT1,7.831073,0.4215121,4.8372445394229495e-15,6.910349342032785e-13,True
CHSY3,6.5079203,0.5477981,7.619834067393778e-11,8.020877965677661e-09,True
NHSL1,6.375605,0.7659606,1.8224206268783557e-10,1.8224206268783556e-08,True
CCDC26,5.7738776,0.8101158,7.746766938239842e-09,6.197413550591873e-07,True
STK32B,5.6548223,1.2037103,1.560073651783595e-08,1.20005665521815e-06,True
ZNF804A,4.5427127,1.9057926,5.553494014981281e-06,0.00034709337593633006,True
PNISR,4.139958,0.4006987,3.4736923822865944e-05,0.0018776715579927538,True
RNF150,3.9738142,0.6360755,7.073076056422389e-05,0.003215034571101086,True
FAM177B,3.5881288,0.41809738,0.0003330598093303622,0.013877492055431758,True
PTPRG,3.4540517,0.9746072,0.0005522312118080864,0.02165612595325829,True
SAMD12,3.4206755,0.89903957,0.0006246582917606552,0.024025318913871354,True
CDH12,3.3523514,0.35599947,0.0008012822913403939,0.030237067597750716,True
SCAPER,3.2011578,0.33262783,0.0013687653787684809,0.04577275172355844,True
SRRM2,3.1598063,0.42409787,0.0015787404108846565,0.05176198068474284,True
LUC7L3,3.0428462,0.27939695,0.0023435213493411566,0.07101579846488353,True
FCGBP,3.036204,0.46012536,0.0023957707299262073,0.0715155441769017,True
ANKRD26,3.0266101,0.72384596,0.0024731261623935114,0.07273900477627974,True
KHDRBS2,3.0043514,0.7996714,0.0026614774924926827,0.07714427514471543,True
F13A1,2.9992807,1.8003278,0.0027061790671081306,0.07731940191737516,True
IMMP2L,2.9635475,0.26499492,0.00304115185748836,0.08566624950671438,True
RTN1,2.9491208,1.1673101,0.0031867934882214176,0.08852204133948383,True
EDA,2.8940806,0.57880986,0.003802703703347385,0.1041836631054078,True
CCDC18,2.877321,0.64549553,0.004010672251224463,0.10839654733039089,True
HSPA1A,2.8571334,0.31711325,0.0042748612721032276,0.11399630058941941,True
HSP90AB1,2.81652,0.61533827,0.004854703438070554,0.12775535363343563,True
PTCHD4,2.8089018,0.90463006,0.004971079175355581,0.12819117977560746,True
WNT2B,2.8070688,0.5706856,0.0049994560112486906,0.12819117977560746,True
ENSG00000258526,2.7381496,0.64319766,0.006178595114681036,0.1544648778670259,True
KCNIP1,2.7219615,0.3154467,0.006489572232976634,0.16023635143152185,True
MACROD2,2.683205,0.34511945,0.007292032233984184,0.17785444473132156,True
ST18,2.6790626,1.2177664,0.007382861231486869,0.1779002706382378,True
GLDN,2.5372248,0.2854884,0.011173519946556557,0.2568625275070473,True
WIPF3,2.5285592,1.3896474,0.011453175186010514,0.2602994360456935,True
AP2A2,2.4801848,0.42880848,0.01313142646667052,0.29508823520607913,True
ZEB1,2.4528553,0.38640678,0.014172733243975489,0.3149496276438998,True
ZRSR2,2.4184315,0.8676538,0.015587582471793288,0.34258423014930306,True
ALCAM,2.3198736,0.259105,0.02034772240147093,0.43293026386108363,True
ARHGAP9,2.3153026,1.4976339,0.020596373224349138,0.4336078573547187,True
DIRC3,2.275927,1.2270712,0.02285037274172067,0.47604943211918066,True
LINC02798,2.2142212,0.19315296,0.02681356252330328,0.5416881317839046,True
KHDRBS3,2.1981282,0.2539269,0.02793997042840206,0.5532667411564763,True
EFCAB13,2.1917005,0.29650295,0.028401138088728132,0.5568850605632968,True
DLGAP2,2.1050932,0.77311057,0.03528318667197817,0.6657205032448711,True
MIR646HG,2.0625277,0.22706039,0.03915752357830681,0.7251393255242002,True
CCDC30,2.0361266,0.9092034,0.04173765023087639,0.7647517141243806,True
SPON1,1.8487474,1.7546194,0.06449429825536959,0.9997150801664177,False
LINC02196,1.8482237,1.378048,0.064569996184838,0.9997150801664177,False
BOD1L1,1.825941,0.2165714,0.06785915316562682,0.9997150801664177,False
KCNK6,1.7739481,0.630063,0.07607173878262144,0.9997150801664177,False
RBM41,1.7661872,0.3871843,0.07736444178156474,0.9997150801664177,False
RIF1,1.7170035,0.32994893,0.08597853613311891,0.9997150801664177,False
MEF2C-AS1,1.696173,0.22838396,0.08985312342909738,0.9997150801664177,False
MAP1B,1.680318,0.38726223,0.09289545748699575,0.9997150801664177,False
DIPK1A,1.666177,0.52712804,0.09567814730922057,0.9997150801664177,False
ANKRD36,1.603019,0.37176862,0.10893044718877443,0.9997150801664177,False
ENSG00000287100,1.587164,0.33447272,0.11247548805710463,0.9997150801664177,False
ADGRG1,1.5776892,0.26008004,0.11463703254419189,0.9997150801664177,False
STPG2,1.5710949,0.5669092,0.11616061962172229,0.9997150801664177,False
FTL,1.5478123,0.14563392,0.12166749110532017,0.9997150801664177,False
TPT1,1.5352188,0.36828557,0.1247300929183928,0.9997150801664177,False
DOCK3,1.5048658,0.29137838,0.13235858247285232,0.9997150801664177,False
LINC01473,1.5019376,0.182456,0.13311321742320958,0.9997150801664177,False
ANKS1B,1.4941292,0.60475224,0.1351418604919297,0.9997150801664177,False
TMEM163,1.4702039,0.17302349,0.14150654689811373,0.9997150801664177,False
ZNF37BP,1.4602766,0.40018266,0.14421405532973736,0.9997150801664177,False
OSBPL1A,1.4139973,0.11130978,0.15736270567263833,0.9997150801664177,False
TMSB10,1.3938571,0.68776196,0.16336074332713768,0.9997150801664177,False
ENSG00000271945,1.3897148,0.5407706,0.1646154780967749,0.9997150801664177,False
FAM242A,1.3838586,0.92412007,0.16640177834433378,0.9997150801664177,False
RORA,1.3824778,0.64367455,0.16682505402808157,0.9997150801664177,False
ENSG00000286044,1.3609807,0.24548844,0.1735197889445348,0.9997150801664177,False
MYO1D,1.3464826,0.85800034,0.17814690231545882,0.9997150801664177,False
LINC00342,1.3414834,0.43875855,0.17976356763830637,0.9997150801664177,False
ATRX,1.3400074,0.10882253,0.18024294737850166,0.9997150801664177,False
DDX46,1.3137966,0.23745897,0.18891463842149048,0.9997150801664177,False
DNMT1,1.2963705,0.5276747,0.19484787723887198,0.9997150801664177,False
KLHL7,1.2551856,0.82719505,0.20941138030134676,0.9997150801664177,False
KIAA1328,1.2349265,0.15997386,0.21685786175414135,0.9997150801664177,False
ANKRD36C,1.2340456,0.14434084,0.21718588932591676,0.9997150801664177,False
CCDC126,1.2286416,0.76449555,0.21920619626129123,0.9997150801664177,False
DNM1,1.2241185,0.727408,0.22090754768799015,0.9997150801664177,False
MIR100HG,1.2216426,0.6321596,0.2218428130656377,0.9997150801664177,False
SIMC1,1.2185478,0.54945785,0.22301587915171373,0.9997150801664177,False
SCMH1,1.2163576,0.21449119,0.22384872687455393,0.9997150801664177,False
ENSG00000234147,1.2126676,0.63232595,0.2252569198901716,0.9997150801664177,False
MLLT3,1.2120486,0.77998084,0.22549375119139414,0.9997150801664177,False
IFI44L,1.2117392,0.26408035,0.22561223349209192,0.9997150801664177,False
MYO9A,1.1823385,0.29184663,0.23707143776034312,0.9997150801664177,False
MFSD12,1.1673167,0.90935415,0.243082502719702,0.9997150801664177,False
SERPINE1,1.1588893,1.1941197,0.24650132485614262,0.9997150801664177,False
GLCCI1,1.1443198,0.21748953,0.2524910231787204,0.9997150801664177,False
SGO1-AS1,1.1081343,0.5656029,0.267803821220872,0.9997150801664177,False
TRHDE,1.0890417,1.3206676,0.2761355116604811,0.9997150801664177,False
OGA,1.0875181,0.15605642,0.27680791894998347,0.9997150801664177,False
GMDS-DT,1.0860659,0.069053024,0.2774498450302648,0.9997150801664177,False
C5orf67,1.0782813,1.2078484,0.28090826972315397,0.9997150801664177,False
CDK14,1.0727105,0.49581912,0.28340099848761,0.9997150801664177,False
IFT172,1.0679017,0.4672543,0.28556485624133554,0.9997150801664177,False
ARID4A,1.0639737,0.12147693,0.2873406302471895,0.9997150801664177,False
AKAP9,1.0631404,0.100475155,0.2877182655553685,0.9997150801664177,False
DLG2,1.0578316,0.13319623,0.2901322024669736,0.9997150801664177,False
SNHG14,1.0525943,0.20804195,0.2925269860882198,0.9997150801664177,False
RALYL,1.0525466,0.38378447,0.2925488175595763,0.9997150801664177,False
GPNMB,1.0510468,0.9515189,0.29323706897679913,0.9997150801664177,False
WWOX,1.0347872,0.09772885,0.3007683132401948,0.9997150801664177,False
ENSG00000225689,0.99295956,0.079975575,0.32072966347655296,0.9997150801664177,False
KMT2A,0.97917575,0.5836585,0.32749315975224247,0.9997150801664177,False
CACNA1A,0.9633446,0.14188075,0.3353746398306714,0.9997150801664177,False
SRGN,0.96182096,0.12708186,0.3361395496702281,0.9997150801664177,False
NEBL,0.9463469,0.7559907,0.3439716898466242,0.9997150801664177,False
ENSG00000247679,0.92570686,0.4446344,0.35459835084656055,0.9997150801664177,False
SIRT2,0.920279,0.6875612,0.35742697342271446,0.9997150801664177,False
PROCA1,0.91887444,1.4958347,0.3581612490169245,0.9997150801664177,False
ENSG00000230021,0.9098757,0.27777657,0.36288808080390145,0.9997150801664177,False
SPARCL1,0.895211,0.2713079,0.37067430043265637,0.9997150801664177,False
SYCP2,0.8730712,0.46506408,0.3826242826099935,0.9997150801664177,False
MRC1,0.86269164,0.20921086,0.38830702800511263,0.9997150801664177,False
TNIK,0.84293246,0.24088171,0.3992662300374945,0.9997150801664177,False
MAP2K6,0.8248873,0.36869448,0.40943558538043456,0.9997150801664177,False
KCNH7,0.8176502,0.47067013,0.4135569660525005,0.9997150801664177,False
COLEC12,0.81265086,2.0411348,0.4164182612590013,0.9997150801664177,False
CCDC112,0.8058899,0.25063226,0.4203063461081403,0.9997150801664177,False
FAM217B,0.804771,0.46034825,0.4209518470726836,0.9997150801664177,False
PARD3B,0.8000097,0.12605964,0.4237051583322389,0.9997150801664177,False
GPHN,0.7977005,0.0874917,0.4250442995633782,0.9997150801664177,False
LINC02055,0.76632386,1.1100043,0.44348362511586514,0.9997150801664177,False
KCNE1,0.7467313,2.1577735,0.45522577318527924,0.9997150801664177,False
IQCJ-SCHIP1,0.7410416,0.13989347,0.45866821765680466,0.9997150801664177,False
ENSG00000253363,0.72918606,1.0283319,0.4658878469276988,0.9997150801664177,False
CRYAB,0.72861475,0.3496862,0.46623736791226233,0.9997150801664177,False
TJP1,0.7271149,0.25445017,0.467155552781632,0.9997150801664177,False
MT2A,0.7252342,0.3305949,0.4683083431563605,0.9997150801664177,False
TTC33,0.71618783,0.40229517,0.4738753626205774,0.9997150801664177,False
GMFG,0.71616405,0.22769159,0.4738900605066628,0.9997150801664177,False
BDP1,0.71490234,0.111640036,0.4746694069616689,0.9997150801664177,False
ENSG00000286215,0.71204555,0.47244617,0.47643656290391556,0.9997150801664177,False
APOC1,0.70728433,0.29411507,0.47938981548905424,0.9997150801664177,False
PDLIM2,0.70069,1.8296057,0.4834965165414121,0.9997150801664177,False
NRGN,0.69461936,0.24245495,0.4872938691169394,0.9997150801664177,False
CFAP20DC-DT,0.6900962,1.371485,0.4901337053320354,0.9997150801664177,False
IK,0.67719316,0.3132486,0.4982833936081581,0.9997150801664177,False
PATL2,0.67138445,0.4111518,0.5019756477536221,0.9997150801664177,False
ANK3,0.66300464,0.3875632,0.507327580016629,0.9997150801664177,False
LINC02284,0.6568626,0.66761786,0.5112692515985193,0.9997150801664177,False
INPP4B,0.6542677,0.5218775,0.5129393244734897,0.9997150801664177,False
POT1-AS1,0.6502921,0.5787071,0.5155035622828128,0.9997150801664177,False
WDPCP,0.6497207,0.14309268,0.5158726215787734,0.9997150801664177,False
CCDC186,0.6479829,0.20242612,0.5169960189096163,0.9997150801664177,False
GOLGB1,0.646864,0.017889522,0.5177199720677992,0.9997150801664177,False
ADCY2,0.64669734,0.79285043,0.51782783973865,0.9997150801664177,False
SMC3,0.643912,0.30388868,0.5196324904773607,0.9997150801664177,False
CCDC144CP,0.64257884,0.23096147,0.5204974017919548,0.9997150801664177,False
ITPRID1,0.63696057,0.8239448,0.524150518788779,0.9997150801664177,False
EPHA1-AS1,0.6337705,0.39387122,0.5262305798379632,0.9997150801664177,False
SAFB2,0.63291353,0.09265727,0.5267901201256293,0.9997150801664177,False
CMTM4,0.6302234,0.7997501,0.5285484258203478,0.9997150801664177,False
LINC01877,0.6290093,0.34821913,0.5293429750105765,0.9997150801664177,False
ATP5ME,0.6282475,0.431603,0.5298418256533703,0.9997150801664177,False
EFNA5,0.6270096,0.5128559,0.5306529671999343,0.9997150801664177,False
MTUS2,0.62381953,0.25821838,0.5327461175242998,0.9997150801664177,False
DNAJB1,0.6185821,1.063678,0.53619166911069,0.9997150801664177,False
SCN8A,0.6105356,0.7989859,0.5415070533512968,0.9997150801664177,False
KIAA0825,0.6104404,0.23247506,0.541570114459692,0.9997150801664177,False
PRKG1,0.6079645,0.71850485,0.5432109889230021,0.9997150801664177,False
ENSG00000227486,0.60329854,0.3792559,0.5463101197859863,0.9997150801664177,False
NPAS3,0.6031557,0.25752273,0.5464051291711833,0.9997150801664177,False
TMEM144,0.5952044,0.4120884,0.5517068600363222,0.9997150801664177,False
LRRC7,0.57315975,0.473049,0.5665365157561002,0.9997150801664177,False
PIP5K1B,0.56697017,0.029393345,0.5707344641113226,0.9997150801664177,False
CLU,0.56630355,0.09097765,0.5711874330285237,0.9997150801664177,False
FGF13,0.5654942,0.646253,0.5717376966188958,0.9997150801664177,False
SERPINI1,0.5562573,0.40545753,0.5780349558773228,0.9997150801664177,False
SNTG1,0.55454326,0.2131217,0.5792070988620054,0.9997150801664177,False
MPHOSPH8,0.5447827,0.04150628,0.5859029766762509,0.9997150801664177,False
SOX2-OT,0.54383045,0.6224658,0.5865581516121922,0.9997150801664177,False
SHTN1,0.5406642,0.063914135,0.5887390461771598,0.9997150801664177,False
YPEL3,0.5387359,0.29908648,0.5900690919558051,0.9997150801664177,False
SGCZ,0.53506976,0.43162125,0.5926016307542867,0.9997150801664177,False
LINC02814,0.5307132,1.7240454,0.5956175398929733,0.9997150801664177,False
PSMC5,0.5224048,1.0072608,0.6013885091481936,0.9997150801664177,False
TTC6,0.51719123,1.1683551,0.6050226702761605,0.9997150801664177,False
DSCAML1,0.5165723,1.122754,0.6054547762327966,0.9997150801664177,False
TPRG1,0.516358,0.160435,0.6056043835728648,0.9997150801664177,False
TMEM161B-DT,0.5152629,0.16620034,0.6063693017071147,0.9997150801664177,False
ENSG00000249001,0.51373935,1.080432,0.6074342536819635,0.9997150801664177,False
CHMP6,0.5124062,2.103702,0.6083667707809681,0.9997150801664177,False
PALLD,0.5114539,0.8921444,0.6090332446376086,0.9997150801664177,False
SYNE1,0.50959706,0.18165518,0.610333802093042,0.9997150801664177,False
TGFBR3,0.50774014,1.7990026,0.611635590802827,0.9997150801664177,False
BAZ1B,0.50464535,0.09907783,0.6138079657311211,0.9997150801664177,False
GRM5,0.50395495,0.6113166,0.6142930361991505,0.9997150801664177,False
ENSG00000259124,0.5032884,0.022175321,0.6147615402664681,0.9997150801664177,False
TMEM232,0.49990788,0.18104488,0.6171399420838968,0.9997150801664177,False
ENSG00000243276,0.49821764,1.1732222,0.6183306527948728,0.9997150801664177,False
FAAH2,0.49812242,1.1936606,0.6183977649615771,0.9997150801664177,False
EPHA5,0.494361,1.1056511,0.6210512372091106,0.9997150801664177,False
SMC4,0.49407536,1.0133365,0.6212529688928439,0.9997150801664177,False
DISC1FP1,0.48955214,0.9390164,0.6244508404170279,0.9997150801664177,False
LINC02884,0.48643354,1.4665482,0.6266598204888866,0.9997150801664177,False
SV2B,0.48350537,0.85373795,0.6287369539428818,0.9997150801664177,False
PHACTR1,0.48117235,0.06547126,0.6303940128955592,0.9997150801664177,False
ENSG00000259899,0.4802439,1.3451499,0.6310539728401774,0.9997150801664177,False
CHAMP1,0.47902977,4.841185,0.6319174414203761,0.9997150801664177,False
RGS6,0.4778871,0.54390544,0.6327305766327485,0.9997150801664177,False
EGFEM1P,0.47469705,0.84618336,0.6350029272376947,0.9997150801664177,False
TRIP6,0.4729592,1.0281767,0.6362422997335362,0.9997150801664177,False
GABBR2,0.47241163,0.46090403,0.6366329982216679,0.9997150801664177,False
ENSG00000274422,0.47131655,0.44105613,0.6374146983276507,0.9997150801664177,False
LRRTM4,0.47131655,0.18998216,0.6374146983276507,0.9997150801664177,False
PHYH,0.46898353,1.9087116,0.6390814042327728,0.9997150801664177,False
LDB2,0.4685074,0.6291679,0.639421772708171,0.9997150801664177,False
PTPRT,0.46517453,0.54315877,0.6418064748070242,0.9997150801664177,False
VTRNA1-1,0.46476984,1.0878872,0.6420962981137239,0.9997150801664177,False
WBP2NL,0.45955625,0.14185177,0.6458347660987142,0.9997150801664177,False
GRIA2,0.4571042,0.16043933,0.6475961466165471,0.9997150801664177,False
GCC2,0.4566519,-0.030946206,0.6479212775172116,0.9997150801664177,False
USE1,0.45660427,1.0316386,0.6479555057304762,0.9997150801664177,False
NRXN1-DT,0.45655665,0.49191445,0.6479897346878735,0.9997150801664177,False
LSAMP,0.45369992,0.17534162,0.6500448315687248,0.9997150801664177,False
TEX41,0.4532238,0.84173495,0.6503876072071153,0.9997150801664177,False
ENSG00000266302,0.45260483,-0.04816928,0.6508333261219127,0.9997150801664177,False
TSNAXIP1,0.45198587,0.9636122,0.6512791699204165,0.9997150801664177,False
NEFL,0.44977188,0.2563305,0.6528749390776268,0.9997150801664177,False
CAMK2N1,0.4490339,0.32308733,0.6534072157356415,0.9997150801664177,False
CDH8,0.44479635,0.9265902,0.6564669215864247,0.9997150801664177,False
CPE,0.44327277,0.41792548,0.6575684537149211,0.9997150801664177,False
LINC01229,0.4415111,0.817872,0.6588430278037771,0.9997150801664177,False
HPGDS,0.44013032,0.40165898,0.6598427117439125,0.9997150801664177,False
ZC3H13,0.43763068,0.13963492,0.6616540292540223,0.9997150801664177,False
GPM6A,0.43403593,0.24069586,0.6642623495840578,0.9997150801664177,False
LINC02698,0.4334646,1.1800923,0.664677292870838,0.9997150801664177,False
POU6F2,0.43260756,1.0710908,0.6652999004747346,0.9997150801664177,False
LARP1B,0.43222666,0.2489074,0.6655766890965013,0.9997150801664177,False
TSPAN5,0.4300365,0.1466722,0.6671691070668817,0.9997150801664177,False
CRISPLD2,0.4292985,0.9882637,0.6677060209900314,0.9997150801664177,False
ATRNL1,0.42879856,0.23852351,0.6680698335498859,0.9997150801664177,False
PPP1CB-DT,0.42553708,1.0905608,0.6704451882788478,0.9997150801664177,False
ADAM22,0.42187092,0.4577128,0.6731192324452745,0.9997150801664177,False
DPP6,0.4191094,0.13640821,0.6751361821791246,0.9997150801664177,False
SLC26A3,0.41703826,1.1633816,0.6766504279975956,0.9997150801664177,False
CNTNAP3,0.4161336,23.344992,0.6773122336170051,0.9997150801664177,False
CACNA2D3,0.41587174,0.27990526,0.6775038554539572,0.9997150801664177,False
MRPS22,0.4148481,0.549452,0.6782531227773583,0.9997150801664177,False
PATJ,0.4134197,0.3653434,0.6792991437851594,0.9997150801664177,False
KIF20B,0.41237223,-0.0790607,0.68006661865303,0.9997150801664177,False
LRP1B,0.40727767,0.14392188,0.6838040525994769,0.9997150801664177,False
H3C6,0.4050161,1.534729,0.6854656866136102,0.9997150801664177,False
COL9A2,0.4035163,0.359313,0.6865684525026908,0.9997150801664177,False
ENSG00000285987,0.4013023,1.9261612,0.6881975645269293,0.9997150801664177,False
AGBL1,0.400112,1.726937,0.6890740301829613,0.9997150801664177,False
ADCY1,0.3998025,0.4195324,0.689301979686082,0.9997150801664177,False
FASTKD1,0.39913595,0.13608794,0.6897930436238796,0.9997150801664177,False
SLC16A10,0.39887407,1.337923,0.6899859973597027,0.9997150801664177,False
ENSG00000227240,0.3985884,1.2720453,0.6901965153312306,0.9997150801664177,False
SASH1,0.3956126,0.33930364,0.6923908336089821,0.9997150801664177,False
ERBB4,0.39499363,0.17774919,0.6928475770880365,0.9997150801664177,False
LINC01609,0.39423186,23.669306,0.6934098762067131,0.9997150801664177,False
STMN2,0.39261302,0.29269657,0.6946053222861188,0.9997150801664177,False
CNN3,0.3907085,3.1046343,0.696012702292242,0.9997150801664177,False
HCN1,0.38889924,0.41347682,0.6973506837302781,0.9997150801664177,False
RABL2A,0.38649482,0.9943374,0.6991302474216647,0.9997150801664177,False
APBB2,0.38318574,0.52694404,0.7015820534888977,0.9997150801664177,False
TTLL12,0.38170975,2.155444,0.7026766694335349,0.9997150801664177,False
EFHD1,0.37413934,1.2739266,0.7083006418468702,0.9997150801664177,False
RNF217-AS1,0.3735442,0.7840047,0.7087434579873589,0.9997150801664177,False
SYNJ2,0.3701399,0.725285,0.7112782544832614,0.9997150801664177,False
SLCO1B1,0.36906862,3.2983637,0.7120765800317514,0.9997150801664177,False
PGAM1P5,0.36725935,0.66932356,0.7134255796049809,0.9997150801664177,False
CBLN2,0.36683083,0.70474446,0.7137452109802547,0.9997150801664177,False
PRR16,0.36314085,0.36480662,0.7164996662229333,0.9997150801664177,False
ENSG00000214719,0.36271235,0.17242454,0.7168197784257563,0.9997150801664177,False
CIP2A,0.3583796,0.5783724,0.7200592547994528,0.9997150801664177,False
DMD,0.35399926,0.10654094,0.7233394469481819,0.9997150801664177,False
FMN2,0.3538564,0.45249736,0.7234464957358,0.9997150801664177,False
PSMD7-DT,0.35361835,0.6038109,0.7236249224049123,0.9997150801664177,False
FGF12,0.352309,0.274933,0.7246065373513917,0.9997150801664177,False
MAD2L1-DT,0.35209474,0.0730349,0.7247672084115973,0.9997150801664177,False
SGCD,0.35071397,0.36278686,0.7258029346119068,0.9997150801664177,False
LIFR,0.34902373,1.1087776,0.7270714891067929,0.9997150801664177,False
LINC01965,0.34761918,0.632803,0.7281262096573348,0.9997150801664177,False
ENSG00000253673,0.34747633,3.7602665,0.7282334982600308,0.9997150801664177,False
ATP5F1B,0.3474287,0.14905506,0.7282692623110589,0.9997150801664177,False
ENSG00000237445,0.34702402,0.9384782,0.7285732806239574,0.9997150801664177,False
ARL11,0.34576228,1.012532,0.7295213763036968,0.9997150801664177,False
ENSG00000259925,0.34381017,2.5581892,0.7309890560273076,0.9997150801664177,False
RRAS,0.34371495,2.3302824,0.7310606754060456,0.9997150801664177,False
S100A8,0.34328642,0.1543714,0.7313829916110886,0.9997150801664177,False
LINC01572,0.34104863,0.10825182,0.733066967645781,0.9997150801664177,False
CBX3,0.3397631,0.13245986,0.7340349400546806,0.9997150801664177,False
DCDC1,0.3389775,0.5234702,0.7346266870173225,0.9997150801664177,False
CCDC3,0.33771574,1.8015443,0.7355773981932439,0.9997150801664177,False
ENSG00000286221,0.33762053,0.4874224,0.7356491664410805,0.9997150801664177,False
ASTN2,0.33719203,0.23331587,0.7359721521018734,0.9997150801664177,False
TFR2,0.33643022,1.2668866,0.7365464640378512,0.9997150801664177,False
BMPR1B,0.33643022,0.65256536,0.7365464640378512,0.9997150801664177,False
MANF,0.3363826,0.17155774,0.7365823634247773,0.9997150801664177,False
ANKRD20A21P,0.3330497,0.7465248,0.739096745181923,0.9997150801664177,False
NOP10,0.33197844,0.44926,0.7399055335718703,0.9997150801664177,False
PAPSS2,0.32957402,0.446767,0.7417218604103941,0.9997150801664177,False
ZNF540,0.3279552,0.37234512,0.7429455455628885,0.9997150801664177,False
ENSG00000287292,0.32669345,0.59219027,0.7438997509357774,0.9997150801664177,False
NEFM,0.32562217,0.4155375,0.7447102341757934,0.9997150801664177,False
CNBD1,0.3249794,2.7189732,0.7451966599039734,0.9997150801664177,False
ENSG00000280383,0.31917068,2.1871402,0.7495970940085886,0.9997150801664177,False
SGIP1,0.31874216,0.6713468,0.7499220412477786,0.9997150801664177,False
GRIP1,0.31767088,0.27283368,0.7507346034171485,0.9997150801664177,False
ENSG00000276128,0.3158616,0.89889663,0.752107558193372,0.9997150801664177,False
ENAH,0.31550452,0.5111661,0.7523786289756342,0.9997150801664177,False
RFTN2,0.312862,0.8917856,0.754385499939915,0.9997150801664177,False
ENSG00000287231,0.30857688,1.1464666,0.7576434079293878,0.9997150801664177,False
ENSG00000225096,0.3051726,0.9777156,0.7602347101511138,0.9997150801664177,False
FBXO32,0.30417272,0.20157263,0.7609963048648448,0.9997150801664177,False
PPIG,0.3037204,0.061706305,0.7613409119519052,0.9997150801664177,False
PRRC2C,0.30238727,0.034833215,0.762356871169611,0.9997150801664177,False
RORB,0.30038753,0.5616725,0.7638815775657,0.9997150801664177,False
LONRF3,0.29964954,0.9721328,0.7644444985666431,0.9997150801664177,False
PCOLCE,0.29934004,1.6678718,0.7646805992796892,0.9997150801664177,False
ENSG00000217455,0.29929245,1.6599784,0.7647169244082561,0.9997150801664177,False
THSD4,0.2972451,0.92629963,0.7662793936301395,0.9997150801664177,False
ENSG00000248373,0.29672137,1.657456,0.7666792480773588,0.9997150801664177,False
ENSG00000267748,0.29557866,1.0349857,0.7675518733496742,0.9997150801664177,False
ADAMTSL1,0.2945788,0.70566964,0.7683156623151002,0.9997150801664177,False
S100A13,0.29291236,1.3477943,0.7695891435760668,0.9997150801664177,False
SLC22A15,0.29205534,0.9430706,0.7702443191071885,0.9997150801664177,False
CDRT15P6,0.29186487,0.2785347,0.770389935958158,0.9997150801664177,False
TMCC2,0.29167444,0.78109807,0.7705355609035691,0.9997150801664177,False
TAFA2,0.29031748,0.06067409,0.7715733725102059,0.9997150801664177,False
HPCAL4,0.28905573,1.0332396,0.7725387221558504,0.9997150801664177,False
LINC01579,0.28843677,0.7595475,0.7730124187392958,0.9997150801664177,False
NECAB1,0.28793684,0.33181074,0.7733950815777211,0.9997150801664177,False
OR3A2,0.28657988,-0.08005822,0.7744340152881968,0.9997150801664177,False
LRRC4B,0.28650847,0.31003207,0.7744887072189488,0.9997150801664177,False
ENSG00000230615,0.28638944,0.4933454,0.7745798629236822,0.9997150801664177,False
ENSG00000289159,0.28481823,0.68702257,0.7757834090080146,0.9997150801664177,False
EPHA7,0.284723,23.058786,0.775856368536652,0.9997150801664177,False
CDC42BPA,0.28303275,0.21482399,0.7771517287833873,0.9997150801664177,False
SMOC2,0.28160438,3.830138,0.7782468827846066,0.9997150801664177,False
HTR5BP,0.28146154,3.0727582,0.7783564224516802,0.9997150801664177,False
GABRA3,0.27905712,0.7179878,0.7802009995694874,0.9997150801664177,False
RHOT2,0.27870002,0.10986767,0.7804750524947807,0.9997150801664177,False
ENSG00000286046,0.27810484,2.1192703,0.7809318679669831,0.9997150801664177,False
VAV3,0.27729544,0.90154415,0.7815532583298116,0.9997150801664177,False
ENSG00000286416,0.27696216,1.1962222,0.7818091655134567,0.9997150801664177,False
SORCS2,0.2767241,0.7617097,0.7819919708237526,0.9997150801664177,False
NBPF20,0.2733198,0.5108543,0.7846073995820779,0.9997150801664177,False
FLRT2,0.27196285,0.36602813,0.7856505933614099,0.9997150801664177,False
NKAIN3,0.2718676,0.58320236,0.7857238144218794,0.9997150801664177,False
UCHL1,0.27165335,0.14566168,0.7858885687378468,0.9997150801664177,False
TSPAN17,0.27127245,0.43142718,0.7861814889729922,0.9997150801664177,False
PSMB6,0.27124864,0.45038396,0.7861997974931014,0.9997150801664177,False
STK39,0.26891562,0.5214573,0.7879946044704247,0.9997150801664177,False
EXT1,0.26620173,-0.05116488,0.7900838577852428,0.9997150801664177,False
ENSG00000287452,0.26548752,1.1447976,0.790633912829833,0.9997150801664177,False
FAM227B,0.26543993,0.48717126,0.7906705868776371,0.9997150801664177,False
PBDC1,0.26434484,0.91343105,0.7915142177465216,0.9997150801664177,False
LINC00378,0.2630117,0.6690065,0.7925415762071062,0.9997150801664177,False
LINC02511,0.26282123,22.815287,0.7926883711525742,0.9997150801664177,False
ENSG00000283108,0.26282123,22.773678,0.7926883711525742,0.9997150801664177,False
RYR3,0.26244032,0.30955705,0.79298198308228,0.9997150801664177,False
LINC01117,0.26117858,0.9081752,0.7939547820297534,0.9997150801664177,False
ARMC9,0.26051202,0.23554279,0.7944688430784819,0.9997150801664177,False
KNDC1,0.2604644,0.69333017,0.7945055651434745,0.9997150801664177,False
LINC01846,0.25939313,1.0331142,0.7953319318569282,0.9997150801664177,False
C14orf178,0.25925028,2.213134,0.7954421314571921,0.9997150801664177,False
KANK1,0.25715533,0.70531666,0.7970588600064803,0.9997150801664177,False
NR2F1-AS1,0.2562983,0.5433876,0.7977205004380831,0.9997150801664177,False
PPIL6,0.2562031,2.1500227,0.7977940250220044,0.9997150801664177,False
ENSG00000277007,0.25601265,1.8186537,0.7979410795706184,0.9997150801664177,False
GLI3,0.25601265,1.9235333,0.7979410795706184,0.9997150801664177,False
PRPF38B,0.25389388,0.023340574,0.7995775438858646,0.9997150801664177,False
CACNA1C,0.25332254,0.24552467,0.8000189886630973,0.9997150801664177,False
ABCA12,0.25296542,1.6947193,0.8002949241054055,0.9997150801664177,False
DKK2,0.2528226,1.572729,0.8004053052637476,0.9997150801664177,False
REXO2,0.25270358,0.50302285,0.8004972926074849,0.9997150801664177,False
NCAM1,0.25148943,0.3106301,0.8014357213502129,0.9997150801664177,False
PNN,0.25148943,0.0801184,0.8014357213502129,0.9997150801664177,False
CFAP100,0.25113234,0.2786404,0.801711784401817,0.9997150801664177,False
RSL1D1,0.25113234,0.30898595,0.801711784401817,0.9997150801664177,False
CACNG8,0.24984682,0.72369057,0.8027058161458935,0.9997150801664177,False
CCDC178,0.24901359,1.1389947,0.8033502666334825,0.9997150801664177,False
LINC02930,0.24815656,0.7275468,0.8040132695000572,0.9997150801664177,False
GNAL,0.24798992,0.62754315,0.804142203114549,0.9997150801664177,False
PCDH10,0.2456331,1.0062431,0.8059662618041559,0.9997150801664177,False
PAIP2B,0.24544266,0.85103375,0.8061137067401422,0.9997150801664177,False
RHBDL3,0.24458563,0.7497121,0.8067772941731395,0.9997150801664177,False
CHODL,0.24301441,1.0584064,0.8079942321108846,0.9997150801664177,False
CADPS,0.24265732,0.27037227,0.8082708738317116,0.9997150801664177,False
KCNB2,0.24096708,0.24160348,0.809580636029077,0.9997150801664177,False
ENSG00000259560,0.24091946,22.723972,0.8096175384821058,0.9997150801664177,False
IGFBP5,0.24091946,22.868435,0.8096175384821058,0.9997150801664177,False
MBOAT2,0.2403243,0.4942269,0.8100788548356349,0.9997150801664177,False
TTC3P1,0.23972915,0.42463112,0.810540237176253,0.9997150801664177,False
ACVR1C,0.23844361,0.61924136,0.811537047503785,0.9997150801664177,False
KIF18B,0.23741993,2.290186,0.812331022512112,0.9997150801664177,False
KCNC2,0.23658672,0.04981932,0.8129774237486944,0.9997150801664177,False
TINAG,0.23582491,0.75688213,0.8135685306957665,0.9997150801664177,False
ENSG00000286780,0.23520596,0.31095108,0.8140488833053067,0.9997150801664177,False
KCNN2,0.23453937,2.273778,0.8145662643237643,0.9997150801664177,False
ZBTB7C,0.23411086,1.5883676,0.814898909137042,0.9997150801664177,False
ENSG00000258465,0.23401564,1.6429417,0.8149728347407521,0.9997150801664177,False
LINC01194,0.23372997,1.5957307,0.8151946214336772,0.9997150801664177,False
ENSG00000215146,0.23363474,1.2463012,0.8152685536231382,0.9997150801664177,False
SRRM4,0.23301578,0.7028317,0.8157491529196084,0.9997150801664177,False
ENSG00000284418,0.23253965,0.64461935,0.8161188918662983,0.9997150801664177,False
LINC00992,0.23206353,0.5851658,0.8164886717520252,0.9997150801664177,False
BMERB1,0.23187308,0.8702043,0.8166365951514831,0.9997150801664177,False
RETREG1,0.23163502,0.8688474,0.816821508586512,0.9997150801664177,False
ENSG00000253100,0.23113509,1.7563564,0.8172098599797448,0.9997150801664177,False
ENSG00000289019,0.23113509,1.6124216,0.8172098599797448,0.9997150801664177,False
GPKOW,0.23108748,1.5799501,0.8172468481687027,0.9997150801664177,False
ENSG00000267248,0.23080179,1.4237689,0.8174687858460588,0.9997150801664177,False
ENSG00000272647,0.23056373,1.297675,0.8176537450898479,0.9997150801664177,False
GPC6,0.23037328,0.5020701,0.8178017197951108,0.9997150801664177,False
PARP6,0.22749272,0.16011296,0.8200406260197924,0.9997150801664177,False
C8orf88,0.22744511,1.1384656,0.8200776451125966,0.9997150801664177,False
DNAJC3-DT,0.22744511,1.1944672,0.8200776451125966,0.9997150801664177,False
ENSG00000285940,0.22734989,1.1425482,0.8201516845007977,0.9997150801664177,False
SYNPR,0.22592151,0.537298,0.8212624673183716,0.9997150801664177,False
LINC01440,0.22485022,1.2745054,0.8220957898203547,0.9997150801664177,False
GNAO1-DT,0.22389798,0.88275385,0.8228366894950646,0.9997150801664177,False
NTRK3,0.2224458,0.31574422,0.8239668654483421,0.9997150801664177,False
RPAP2,0.22201729,0.07327524,0.8243004298641105,0.9997150801664177,False
EFCAB5,0.2217078,0.14958872,0.8245413572380711,0.9997150801664177,False
GCM1,0.22077936,0.6763558,0.8252642384621925,0.9997150801664177,False
BAIAP2L1,0.22001755,0.6116757,0.8258574824822722,0.9997150801664177,False
CALN1,0.21977949,0.043406848,0.8260428916472582,0.9997150801664177,False
ENSG00000251199,0.2190177,22.639202,0.8266362661173332,0.9997150801664177,False
LINC01950,0.2190177,22.411135,0.8266362661173332,0.9997150801664177,False
ZNF284,0.2190177,22.355022,0.8266362661173332,0.9997150801664177,False
ENSG00000255094,0.2190177,22.560072,0.8266362661173332,0.9997150801664177,False
ENSG00000260658,0.2190177,22.776217,0.8266362661173332,0.9997150801664177,False
BLOC1S6,0.2190177,22.424261,0.8266362661173332,0.9997150801664177,False
ENSG00000243797,0.21813686,0.8369168,0.8273224787530163,0.9997150801664177,False
PKHD1,0.21797022,0.21346809,0.8274523176139612,0.9997150801664177,False
MAMLD1,0.21732745,0.70413435,0.8279531687973785,0.9997150801664177,False
ENO2,0.21692275,0.049519133,0.8282685554515401,0.9997150801664177,False
KCNH1,0.21654184,0.28867257,0.8285654152442418,0.9997150801664177,False
LINC00960,0.21592288,3.6528602,0.8290478646137411,0.9997150801664177,False
SCN4B,0.21573243,2.649476,0.8291963235546471,0.9997150801664177,False
CDKN3,0.21539915,1.7380557,0.8294561413756685,0.9997150801664177,False
ADRB1,0.21475637,0.20537233,0.8299572712534583,0.9997150801664177,False
EYS,0.21468495,0.5571053,0.8300129566249821,0.9997150801664177,False
GRM3,0.21320896,0.451234,0.8311639783961543,0.9997150801664177,False
ADGRL2,0.21287568,0.33932027,0.8314239367617173,0.9997150801664177,False
ZNF382,0.21211387,1.331476,0.8320181965278244,0.9997150801664177,False
CCDC33,0.20930474,1.5197109,0.8342103568392218,0.9997150801664177,False
SH3GL2,0.20925713,0.10951224,0.8342475232568789,0.9997150801664177,False
KCNN3,0.20925713,1.5198306,0.8342475232568789,0.9997150801664177,False
TJP3,0.2092095,1.6058987,0.8342846900448366,0.9997150801664177,False
FRMD5,0.20906667,0.21254405,0.8343961926297081,0.9997150801664177,False
TAFA5,0.20863816,0.67864686,0.8347307203544513,0.9997150801664177,False
CXCR4,0.20811442,0.12821537,0.8351396281855094,0.9997150801664177,False
C8orf34,0.20792396,0.64595884,0.8352883329988918,0.9997150801664177,False
GRHL3,0.20749545,0.58802366,0.8356229403517048,0.9997150801664177,False
SLC44A5,0.20706694,0.386024,0.8359575774572773,0.9997150801664177,False
ENSG00000287704,0.20644797,1.659733,0.8364409945725984,0.9997150801664177,False
LINC00393,0.20440064,0.80718344,0.838040428787985,0.9997150801664177,False
NCAL1,0.20382929,0.025413893,0.8384869022811441,0.9997150801664177,False
MIR9-2HG,0.2019724,0.88142186,0.8399382995241974,0.9997150801664177,False
GPALPP1,0.20163912,0.60378546,0.8401988644898334,0.9997150801664177,False
PRKD1,0.20130582,0.5082398,0.8404594469670279,0.9997150801664177,False
LINC01418,0.201163,0.52244943,0.8405711305253392,0.9997150801664177,False
NDST3,0.20011552,0.4156786,0.8413902412017213,0.9997150801664177,False
ADAMTS9-AS2,0.19978222,0.27466568,0.8416509033780153,0.9997150801664177,False
NSUN3,0.1993061,0.07290759,0.8420233080173585,0.9997150801664177,False
ADAM12,0.1993061,0.9093043,0.8420233080173585,0.9997150801664177,False
SAP25,0.19925849,0.9394427,0.8420605504263802,0.9997150801664177,False
GRM7,0.19835384,0.21683529,0.8427682232376681,0.9997150801664177,False
KCTD16,0.1977825,0.24430633,0.8432152399545023,0.9997150801664177,False
CAMKV,0.19678263,0.41423196,0.8439976406814658,0.9997150801664177,False
COL4A5,0.19602084,0.83892983,0.8445938588973194,0.9997150801664177,False
CNTN6,0.19399731,3.1204305,0.8461779950113799,0.9997150801664177,False
ENSG00000289294,0.19394968,3.3592257,0.8462152763164801,0.9997150801664177,False
GNGT2,0.19390208,3.2583075,0.8462525579658537,0.9997150801664177,False
ENSG00000253619,0.19390208,3.0248578,0.8462525579658537,0.9997150801664177,False
ENSG00000251339,0.19380686,2.4139152,0.8463271222970962,0.9997150801664177,False
GRID1,0.19375923,0.51830727,0.8463644049788022,0.9997150801664177,False
SMIM43,0.19371162,2.1792345,0.8464016880044564,0.9997150801664177,False
SLC20A1-DT,0.1936164,1.664415,0.8464762550872835,0.9997150801664177,False
MYO1B,0.19356878,2.0188744,0.846513539144294,0.9997150801664177,False
THORLNC,0.19356878,1.735091,0.846513539144294,0.9997150801664177,False
ZNF776,0.19352117,1.7001722,0.8465508235449271,0.9997150801664177,False
MTRFR,0.19297363,0.7550921,0.846979618823775,0.9997150801664177,False
SLC35F4,0.1924975,0.61755437,0.8473525211181168,0.9997150801664177,False
KCND3,0.19159287,0.58953124,0.8480611295736684,0.9997150801664177,False
DANT2,0.19154525,0.15003462,0.8480984281628711,0.9997150801664177,False
CAP2,0.19121197,0.22542498,0.8483595278072935,0.9997150801664177,False
TRMT10A,0.19078346,2.3758993,0.8486952517968954,0.9997150801664177,False
MROH7-TTC4,0.19073585,2.2977273,0.8487325561577909,0.9997150801664177,False
ROR1,0.19068822,2.0108056,0.8487698608574643,0.9997150801664177,False
CLNK,0.19064061,2.1100726,0.8488071658958344,0.9997150801664177,False
PPARGC1A,0.190593,2.0489433,0.8488444712728194,0.9997150801664177,False
ENSG00000226622,0.19049779,1.7110363,0.8489190830423088,0.9997150801664177,False
CD320,0.19049779,1.8368169,0.8489190830423088,0.9997150801664177,False
CHCHD4,0.19045016,1.9159548,0.84895638943465,0.9997150801664177,False
DCX,0.19030733,1.5487691,0.8490683106410821,0.9997150801664177,False
SLC2A10,0.19025971,1.5246532,0.8491056183860906,0.9997150801664177,False
SULT1C4,0.19025971,1.0423098,0.8491056183860906,0.9997150801664177,False
ZSCAN31,0.1902121,1.3569491,0.849142926469062,0.9997150801664177,False
ENSG00000287129,0.1902121,1.3642188,0.849142926469062,0.9997150801664177,False
MAP7D2,0.19006927,0.4926966,0.8492548527449393,0.9997150801664177,False
RAB39B,0.19002165,1.2203432,0.8492921621789475,0.9997150801664177,False
ADGRL3,0.19002165,0.1753755,0.8492921621789475,0.9997150801664177,False
CACNA1I,0.18992643,1.2674806,0.849366782059549,0.9997150801664177,False
TRPV4,0.18964076,0.08022929,0.849590649796161,0.9997150801664177,False
STOX2,0.18933128,0.3271385,0.8498331868636285,0.9997150801664177,False
TENM2,0.18849805,0.18846662,0.8504862418515763,0.9997150801664177,False
LINC00299,0.18835522,0.56291944,0.8505982044469231,0.9997150801664177,False
GRK4,0.18773626,0.30811033,0.8510834104740024,0.9997150801664177,False
SLC6A1,0.1875696,1.661128,0.8512140525072156,0.9997150801664177,False
ENSG00000251598,0.18737915,1.5598716,0.8513633626881348,0.9997150801664177,False
CNTNAP1,0.18723632,1.4123496,0.8514753488208966,0.9997150801664177,False
C1orf56,0.1841177,0.30096316,0.8539211221236598,0.9997150801664177,False
ENSG00000258077,0.18407008,1.2701366,0.8539584731195515,0.9997150801664177,False
ENSG00000248515,0.18383202,1.0815448,0.8541452330075829,0.9997150801664177,False
ENSG00000241954,0.18321306,0.84273076,0.8546308469427023,0.9997150801664177,False
OXSM,0.18321306,0.8372271,0.8546308469427023,0.9997150801664177,False
NLRP2,0.18278454,0.72773635,0.8549670734778434,0.9997150801664177,False
ENSG00000260084,0.18273693,0.6056436,0.8550044336085278,0.9997150801664177,False
GALNTL6,0.18202275,0.22674143,0.855564874529648,0.9997150801664177,False
CDH7,0.18114191,1.2560499,0.8562561853154861,0.9997150801664177,False
ENSG00000285253,0.17821375,0.25838143,0.8585551165738283,0.9997150801664177,False
UPF3A,0.17783284,0.04112636,0.8588542531498335,0.9997150801664177,False
ENSG00000283692,0.17707105,0.7818794,0.8594525870493429,0.9997150801664177,False
NALCN-AS1,0.1769282,0.7293509,0.8595647836516485,0.9997150801664177,False
LINC02647,0.1768806,0.8374619,0.8596021831492974,0.9997150801664177,False
BCAS2,0.17673776,-0.044020273,0.8597143835317353,0.9997150801664177,False
ZNF385B,0.17554744,0.15476553,0.860649496661114,0.9997150801664177,False
CKB,0.17530937,0.11508886,0.8608365427782888,0.9997150801664177,False
ITIH2,0.17447616,0.8525362,0.8614912655968555,0.9997150801664177,False
ARHGEF26,0.17400004,0.7400121,0.8618654356877198,0.9997150801664177,False
ENSG00000226022,0.1730716,0.27479175,0.8625951564529147,0.9997150801664177,False
CCDC88C,0.17207173,3.5497081,0.8633811407111621,0.9997150801664177,False
MUC6,0.17192888,2.520803,0.8634934352343152,0.9997150801664177,False
ENSG00000249951,0.17173843,2.116753,0.8636431655546399,0.9997150801664177,False
MIR4527HG,0.17169082,1.9264104,0.863680598900146,0.9997150801664177,False
NHP2,0.17169082,1.6545535,0.863680598900146,0.9997150801664177,False
HSPA1L,0.17164321,1.7160102,0.8637180325516574,0.9997150801664177,False
TCHH,0.17164321,1.6404744,0.8637180325516574,0.9997150801664177,False
KCNH8,0.17140515,0.75847113,0.86390520539641,0.9997150801664177,False
ANK1,0.17130992,0.7420963,0.8639800766734651,0.9997150801664177,False
ENSG00000250075,0.17116709,-0.10998051,0.8640923858789391,0.9997150801664177,False
LHFPL3,0.17092903,0.28954864,0.8642795739889475,0.9997150801664177,False
GREB1,0.1693578,0.43001696,0.8655152060716504,0.9997150801664177,False
LMNTD2,0.1689293,2.542114,0.8658522538361137,0.9997150801664177,False
DNAH3,0.16888168,2.178015,0.8658897050949454,0.9997150801664177,False
SLC35C1,0.16883408,2.3009014,0.8659271566549196,0.9997150801664177,False
SRP14,0.16864362,-0.10361234,0.8660769659045922,0.9997150801664177,False
FAM163B,0.16859601,1.7460473,0.8661144189690417,0.9997150801664177,False
PKIA-AS1,0.16840556,1.3317063,0.8662642342324912,0.9997150801664177,False
GALNT14,0.16826272,1.1267986,0.8663765988337022,0.9997150801664177,False
CDK5,0.16821511,0.93415916,0.8664140543010228,0.9997150801664177,False
ENSG00000249776,0.16807227,1.2420604,0.8665264225025804,0.9997150801664177,False
ENSG00000257703,0.16797705,1.1090776,0.8666013361357899,0.9997150801664177,False
DMAP1,0.16773899,0.11136551,0.8667886254599333,0.9997150801664177,False
CNDP1,0.1674057,0.4914415,0.8670508430762454,0.9997150801664177,False
SPMIP2,0.1674057,0.16021854,0.8670508430762454,0.9997150801664177,False
CACNA1B,0.16726285,0.12921269,0.8671632265350862,0.9997150801664177,False
MAPK4,0.16535836,1.359855,0.8686619283470661,0.9997150801664177,False
GPRIN1,0.16516791,1.096788,0.8688118245784501,0.9997150801664177,False
ELN,0.16516791,1.0594277,0.8688118245784501,0.9997150801664177,False
MCMDC2,0.16488223,0.6887243,0.8690366777649638,0.9997150801664177,False
NEXN,0.16373953,0.51316,0.8699361962470537,0.9997150801664177,False
ROBO1,0.16200167,0.1253913,0.8713045362087221,0.9997150801664177,False
CEND1,0.16181122,0.5706464,0.8714545147711,0.9997150801664177,False
PWRN4,0.1613113,0.6382771,0.8718482304740924,0.9997150801664177,False
ENSG00000286415,0.16107322,0.5775847,0.8720357253081841,0.9997150801664177,False
DNAH7,0.15888305,0.55558497,0.8737610137959949,0.9997150801664177,False
ENSG00000257060,0.15874021,0.9028486,0.8738735535554057,0.9997150801664177,False
CLCA4-AS1,0.15816887,0.61246526,0.8743237380883037,0.9997150801664177,False
NWD2,0.15807363,0.74281114,0.8743987728031377,0.9997150801664177,False
GRB10,0.15797842,0.70243776,0.8744738086474458,0.9997150801664177,False
DPP10,0.15712139,-0.03986979,0.8751491819630844,0.9997150801664177,False
SPOCK1,0.1567881,0.037527345,0.8754118517300977,0.9997150801664177,False
BTBD8,0.15597868,0.02658995,0.8760498211112735,0.9997150801664177,False
FAM182B,0.15478837,0.6255728,0.876988157588401,0.9997150801664177,False
AFF2,0.15471695,0.37854776,0.8770444632882208,0.9997150801664177,False
ANO3,0.15216969,0.69752824,0.8790531046228839,0.9997150801664177,False
PAM,0.15169355,0.06657224,0.8794286383666857,0.9997150801664177,False
LINC00504,0.15093176,0.41628316,0.8800295487400079,0.9997150801664177,False
THSD7B,0.1503128,0.77845365,0.8805178393117813,0.9997150801664177,False
LINC02458,0.15014616,3.0243635,0.8806493099280108,0.9997150801664177,False
TBPL2,0.15014616,3.0961869,0.8806493099280108,0.9997150801664177,False
ESR2,0.15014616,3.4303262,0.8806493099280108,0.9997150801664177,False
TMPRSS5,0.15009853,3.052925,0.8806868735655802,0.9997150801664177,False
ENSG00000249773,0.15009853,2.5515163,0.8806868735655802,0.9997150801664177,False
ZBTB32,0.15009853,2.8391824,0.8806868735655802,0.9997150801664177,False
CCDC141,0.15005092,2.2889578,0.8807244374716018,0.9997150801664177,False
LINC02112,0.15000331,2.75391,0.8807620016459923,0.9997150801664177,False
IRAG1,0.15000331,2.6441584,0.8807620016459923,0.9997150801664177,False
LINC02210-CRHR1,0.1499557,2.3287923,0.8807995660886686,0.9997150801664177,False
NUDT17,0.14986047,2.0852888,0.8808746957785455,0.9997150801664177,False
COL4A6,0.14981286,1.6759293,0.8809122610255796,0.9997150801664177,False
PRTG,0.14981286,1.4479628,0.8809122610255796,0.9997150801664177,False
ENSG00000259868,0.14981286,1.65617,0.8809122610255796,0.9997150801664177,False
NOP2,0.14976525,1.57257,0.8809498265405665,0.9997150801664177,False
KCNJ10,0.14976525,1.2284472,0.8809498265405665,0.9997150801664177,False
NPRL2,0.14869396,0.06268272,0.8817951212880282,0.9997150801664177,False
RGS7BP,0.14850351,0.54846334,0.8819454100348035,0.9997150801664177,False
NELL1,0.14793217,0.17904286,0.8823963017574316,0.9997150801664177,False
LINC02885,0.14764649,0.40201035,0.88262176191955,0.9997150801664177,False
CATSPERB,0.14697991,2.2643874,0.8831478725828874,0.9997150801664177,False
SLC35F1,0.14674185,0.169392,0.8833357817525691,0.9997150801664177,False
PCDH17,0.14669424,0.17204519,0.8833733643745776,0.9997150801664177,False
LINC01252,0.14669424,1.5441316,0.8833733643745776,0.9997150801664177,False
ENSG00000282527,0.14626573,0.84732443,0.8837116197749786,0.9997150801664177,False
CD5L,0.14621812,0.8997433,0.8837492050181974,0.9997150801664177,False
PABPC4,0.14602767,-0.050079882,0.8838995486068635,0.9997150801664177,False
PPCDC,0.14517064,0.008532994,0.8845761464219268,0.9997150801664177,False
COBL,0.1442898,0.4342252,0.8852716263403309,0.9997150801664177,False
CASC9,0.14343278,1.167183,0.8859483943550379,0.9997150801664177,False
DLG3,0.14333756,1.1725574,0.8860235959456522,0.9997150801664177,False
ELOVL7,0.14324233,1.0445002,0.8860987985627247,0.9997150801664177,False
C4orf50,0.14295666,0.8352626,0.8863244125660137,0.9997150801664177,False
COQ3,0.14248054,0.2777797,0.8867004563716515,0.9997150801664177,False
LINC00968,0.14248054,0.34897283,0.8867004563716515,0.9997150801664177,False
SNAP91,0.14150448,-0.037228636,0.8874714258360492,0.9997150801664177,False
ATP10B,0.14136164,0.4142677,0.8875842595852114,0.9997150801664177,False
ST8SIA5,0.1408379,0.3124815,0.8879980028074027,0.9997150801664177,False
PPM1E,0.14057603,0.31526965,0.8882048858703447,0.9997150801664177,False
TUBA8,0.140457,1.1475887,0.888298926144757,0.9997150801664177,False
ENSG00000267740,0.14017132,0.90229356,0.8885246292156493,0.9997150801664177,False
LINC01205,0.13998087,1.1344861,0.8886751029518684,0.9997150801664177,False
ZNF471,0.13988565,0.09423284,0.8887503413246585,0.9997150801664177,False
HTR2C,0.1396952,0.7250374,0.8889008210762559,0.9997150801664177,False
PTCHD1,0.13964759,0.7263896,0.8889384416399211,0.9997150801664177,False
BRINP1,0.13888578,0.4116055,0.8895404046206101,0.9997150801664177,False
SGSM3,0.1385525,0.4023417,0.8898037834733344,0.9997150801664177,False
CFAP47,0.13845727,0.38985544,0.8898790368093057,0.9997150801664177,False
OCEL1,0.13690986,0.8704534,0.8911020421038264,0.9997150801664177,False
GHR,0.1366718,0.83959067,0.8912902198359619,0.9997150801664177,False
B4GALNT4,0.1366718,0.7754805,0.8912902198359619,0.9997150801664177,False
TMEM38A,0.13652897,0.7655581,0.8914031294148267,0.9997150801664177,False
ANXA9,0.13648134,0.6568092,0.8914407664305433,0.9997150801664177,False
SLC6A15,0.13624328,0.61931366,0.8916289551760692,0.9997150801664177,False
ENSG00000250049,0.13614807,0.59739554,0.8917042323839568,0.9997150801664177,False
ITGA2-AS1,0.13407692,0.8247562,0.8933417519658371,0.9997150801664177,False
ENSG00000276900,0.13198197,0.25750095,0.894998556246637,0.9997150801664177,False
NUCKS1,0.12898238,-0.009683846,0.8973715945916607,0.9997150801664177,False
BET1,0.12891096,0.2541052,0.8974281067802583,0.9997150801664177,False
RNF208,0.12886335,0.2827204,0.897465781861725,0.9997150801664177,False
LINC02350,0.12876812,0.30978122,0.897541132718044,0.9997150801664177,False
PLPPR4,0.1279349,0.75249064,0.8982004920492175,0.9997150801664177,False
THRB-AS1,0.12707788,0.48884732,0.8988787635450993,0.9997150801664177,False
GRM8,0.12683982,0.5130231,0.8990671854252342,0.9997150801664177,False
NUPR1,0.12679219,0.5042542,0.8991048704843543,0.9997150801664177,False
LINC01118,0.12672079,0.1797132,0.8991613984995737,0.9997150801664177,False
RRAS2,0.12660176,0.47142863,0.8992556129950099,0.9997150801664177,False
ENSG00000253693,0.1264113,0.18289849,0.8994063591403108,0.9997150801664177,False
RGPD1,0.12512577,2.5061214,0.900423990279287,0.9997150801664177,False
KCNAB1,0.12512577,2.1050668,0.900423990279287,0.9997150801664177,False
LINC03013,0.12507814,2.6938348,0.9004616834754964,0.9997150801664177,False
PNCK,0.12503053,2.469023,0.9004993768961803,0.9997150801664177,False
ENSG00000277611,0.12474486,1.5625029,0.9007255421295386,0.9997150801664177,False
LINC02427,0.12464964,1.0768541,0.9008009323326409,0.9997150801664177,False
ENSG00000272154,0.12460202,1.0594283,0.9008386277698104,0.9997150801664177,False
CDH19,0.12455441,1.1308879,0.9008763234306131,0.9997150801664177,False
ENSG00000286836,0.124506794,0.9807923,0.9009140193149651,0.9997150801664177,False
ENSG00000286797,0.124459185,1.0808189,0.9009517154227821,0.9997150801664177,False
ENSG00000222031,0.12441157,0.14914913,0.9009894117539801,0.9997150801664177,False
USP43,0.12441157,0.8312557,0.9009894117539801,0.9997150801664177,False
PLPPR5-AS1,0.124221124,0.4970207,0.9011401993108985,0.9997150801664177,False
SBDS,0.12257849,0.3012636,0.9024408894946113,0.9997150801664177,False
SLC8A1-AS1,0.1222452,0.27026924,0.9027048297231223,0.9997150801664177,False
MCOLN2,0.12155482,1.2088975,0.9032515972302411,0.9997150801664177,False
ENSG00000285835,0.121269144,0.9827701,0.9034778592906866,0.9997150801664177,False
SLC48A1,0.121221535,0.8723865,0.9035155703966781,0.9997150801664177,False
ADARB2,0.12112631,0.21571696,0.9035909932615463,0.9997150801664177,False
FSTL4,0.12107869,0.038065013,0.9036287050202546,0.9997150801664177,False
CD244,0.12098347,0.5218909,0.9037041291897985,0.9997150801664177,False
DNMT3B,0.12098347,0.6173458,0.9037041291897985,0.9997150801664177,False
ENSG00000261584,0.12088824,0.6320558,0.9037795542282835,0.9997150801664177,False
CHRD,0.120793015,0.39501765,0.903854980135036,0.9997150801664177,False
IDH3B,0.12076921,0.0075731557,0.9038738367473118,0.9997150801664177,False
GHDC,0.12060257,0.41678318,0.904005834550647,0.9997150801664177,False
ALK,0.11941226,0.005289606,0.9049487529378905,0.9997150801664177,False
PP2D1,0.118507616,1.2441081,0.9056654606246501,0.9997150801664177,False
GNG12,0.118317164,0.93174434,0.9058163562640629,0.9997150801664177,False
AMBP,0.11812671,0.91701907,0.9059672553037246,0.9997150801664177,False
ENSG00000242593,0.11812671,0.20600122,0.9059672553037246,0.9997150801664177,False
ENSG00000288088,0.11793627,0.8073475,0.9061181577382381,0.9997150801664177,False
ENSG00000263745,0.11793627,0.69999474,0.9061181577382381,0.9997150801664177,False
SPAG11A,0.1176982,0.6449881,0.9063067905471686,0.9997150801664177,False
NXPH1,0.117317304,0.1571914,0.9066086140308719,0.9997150801664177,False
LINC01320,0.11662692,0.116502486,0.9071557034429597,0.9997150801664177,False
DOK5,0.11569848,1.1560853,0.9078915137861118,0.9997150801664177,False
IGSF22,0.11526997,1.0917727,0.9082311452578105,0.9997150801664177,False
ENSG00000288098,0.115127124,0.81910926,0.9083443594795036,0.9997150801664177,False
CNTN1,0.115079515,0.08142631,0.9083820979672395,0.9997150801664177,False
SDK1-AS1,0.11498429,0.84818226,0.9084575755629617,0.9997150801664177,False
LINC00620,0.11498429,0.6699654,0.9084575755629617,0.9997150801664177,False
GIPC3,0.11403204,0.28011554,0.9092123968628311,0.9997150801664177,False
GABRA4,0.11093722,0.4449098,0.9116661286806955,0.9997150801664177,False
TSPAN9,0.110842,0.024707694,0.9117416416018818,0.9997150801664177,False
MLIP,0.1100802,0.3521741,0.9123457736079402,0.9997150801664177,False
BTG1-DT,0.10898511,-0.031900097,0.9132143020393253,0.9997150801664177,False
GNG12-AS1,0.10860421,0.40312442,0.9135164232366912,0.9997150801664177,False
PURG,0.108223304,0.6428134,0.9138185569322776,0.9997150801664177,False
LINC01170,0.108175695,0.5361581,0.9138563245208496,0.9997150801664177,False
BCS1L,0.10765196,0.37203377,0.914271780815057,0.9997150801664177,False
PA2G4,0.10760435,0.40113273,0.9143095507323226,0.9997150801664177,False
MT3,0.10727105,0.07553935,0.9145739455666583,0.9997150801664177,False
DGCR5,0.10712822,0.32538125,0.9146872605339383,0.9997150801664177,False
SORCS1,0.10689016,0.24639772,0.9148761226648368,0.9997150801664177,False
PIEZO2,0.10550939,0.55433744,0.9159716174635342,0.9997150801664177,False
ENSG00000230773,0.10531894,0.14456773,0.9161227327666196,0.9997150801664177,False
CRYBG2,0.104461916,0.11801286,0.9168027890621371,0.9997150801664177,False
DNM3,0.10384295,0.03282007,0.9172939787252907,0.9997150801664177,False
ACTR3C,0.10336683,0.08277445,0.917671838421506,0.9997150801664177,False
KNSTRN,0.10312877,-0.03523105,0.9178607752488,0.9997150801664177,False
ENSG00000257452,0.10308115,1.7689115,0.9178985631712379,0.9997150801664177,False
B3GAT2,0.102985926,1.5081483,0.9179741395724144,0.9997150801664177,False
CPVL-AS2,0.10293832,1.5165992,0.9180119280509836,0.9997150801664177,False
MYO7B,0.10293832,1.4791286,0.9180119280509836,0.9997150801664177,False
LINC02362,0.1028907,1.4756845,0.9180497167147605,0.9997150801664177,False
ZNF691-DT,0.1028907,1.2686024,0.9180497167147605,0.9997150801664177,False
PAX2,0.10284309,1.4433267,0.9180875055636603,0.9997150801664177,False
TSPAN4,0.10284309,1.139075,0.9180875055636603,0.9997150801664177,False
CRYM,0.102795474,1.1600132,0.9181252945975982,0.9997150801664177,False
ENSG00000255241,0.102795474,1.3948396,0.9181252945975982,0.9997150801664177,False
TPD52L1,0.102747865,1.1565317,0.9181630838164894,0.9997150801664177,False
CHAT,0.10255741,0.9689502,0.9183142425398927,0.9997150801664177,False
TMEM37,0.102509804,0.65814525,0.9183520326822793,0.9997150801664177,False
ENSG00000267811,0.10246219,0.7810253,0.9183898230091107,0.9997150801664177,False
ABCA8,0.101795614,0.42001238,0.9189189069039778,0.9997150801664177,False
ENSG00000227681,0.09977208,1.204742,0.9205252733969247,0.9997150801664177,False
ENSG00000234464,0.09972447,1.1781939,0.9205630741867201,0.9997150801664177,False
ENSG00000237735,0.099629246,0.8799849,0.9206386763046771,0.9997150801664177,False
ENSG00000248774,0.0994864,1.0355783,0.9207520808262555,0.9997150801664177,False
DOLPP1,0.099438794,0.8352765,0.9207898826916804,0.9997150801664177,False
RFTN1P1,0.09934357,0.7286159,0.9208654869593693,0.9997150801664177,False
LINC01284,0.09929596,0.7858879,0.9209032893614635,0.9997150801664177,False
ARL13A,0.09924834,0.652734,0.9209410919422778,0.9997150801664177,False
RBM20,0.09924834,0.73485106,0.9209410919422778,0.9997150801664177,False
LINC03021-1,0.09910551,0.43970427,0.9210545007561928,0.9997150801664177,False
LINC02724,0.09905789,0.48767465,0.9210923040510389,0.9997150801664177,False
ENSG00000288087,0.09862938,0.112111725,0.921432541717782,0.9997150801664177,False
MAP1A,0.09805803,0.11748331,0.9218862142984482,0.9997150801664177,False
DAB1,0.097558096,-0.09017449,0.922283198662204,0.9997150801664177,False
ENSG00000249259,0.09627256,0.78658503,0.9233041042699038,0.9997150801664177,False
TPTE2P1,0.09617733,0.7584071,0.9233797319545914,0.9997150801664177,False
NIHCOLE,0.09612972,0.63999695,0.9234175460567173,0.9997150801664177,False
MECOM,0.09612972,0.493018,0.9234175460567173,0.9997150801664177,False
NTM,0.096082106,0.07393197,0.923455360331918,0.9997150801664177,False
CCDC81,0.0960345,0.63982207,0.9234931747801085,0.9997150801664177,False
SHISA9,0.09598689,0.044979114,0.923530989401204,0.9997150801664177,False
ST6GALNAC5,0.095844045,0.073416844,0.9236444343010707,0.9997150801664177,False
CCDC148,0.095796436,0.43369046,0.9236822496129365,0.9997150801664177,False
LINC00824,0.09517747,0.098665394,0.9241738643319768,0.9997150801664177,False
LIN7A,0.0945109,0.30579683,0.9247033279525652,0.9997150801664177,False
PDZRN4,0.09403477,-0.059567954,0.9250815366889559,0.9997150801664177,False
LINC03000,0.09332058,0.20132263,0.9256488815176159,0.9997150801664177,False
RELN,0.093249165,0.8352898,0.9257056180849805,0.9997150801664177,False
FGFR2,0.092773035,0.52842027,0.9260838715097883,0.9997150801664177,False
SAMD5,0.092725426,0.50133806,0.9261216977726353,0.9997150801664177,False
CPAMD8,0.092534974,0.43408313,0.9262730044931661,0.9997150801664177,False
ABCA10,0.09191601,0.14538395,0.9267647697225496,0.9997150801664177,False
SHANK2,0.090939954,0.12493458,0.9275403024352539,0.9997150801664177,False
FRAS1,0.09065428,0.194559,0.927767300675074,0.9997150801664177,False
ASCL2,0.08979725,0.58319867,0.9284483305938647,0.9997150801664177,False
ZRANB2,0.089463964,0.02155841,0.9287131897443518,0.9997150801664177,False
FIGN,0.08936874,0.40433893,0.9287888652391837,0.9997150801664177,False
FGF14,0.089178294,0.09790371,0.9289402181602033,0.9997150801664177,False
LINC02208,0.08908307,0.4712483,0.9290158955850296,0.9997150801664177,False
ADGRB3,0.088940226,0.021165065,0.9291294129257499,0.9997150801664177,False
MAP3K2-DT,0.088940226,0.2531324,0.9291294129257499,0.9997150801664177,False
LINC02463,0.08889262,0.26431468,0.9291672523599113,0.9997150801664177,False
PLCH1,0.088845,0.35470256,0.9292050919542246,0.9997150801664177,False
DCLK1,0.08860694,0.04227941,0.9293942923250942,0.9997150801664177,False
TOMM22,0.0884641,0.030008573,0.9295078144639942,0.9997150801664177,False
SYT16,0.08822604,0.14024527,0.9296970212154151,0.9997150801664177,False
RUNX1T1,0.08822604,0.031308066,0.9296970212154151,0.9997150801664177,False
ENSG00000286749,0.088178426,0.45988247,0.9297348630429214,0.9997150801664177,False
UQCC3,0.08789275,0.011881927,0.9299619173413638,0.9997150801664177,False
ENSG00000259704,0.08760708,-0.34582573,0.9301889773409351,0.9997150801664177,False
FAT3,0.08751185,-0.0329166,0.9302646652711983,0.9997150801664177,False
LINC00536,0.08496458,0.16140778,0.9322895493367477,0.9997150801664177,False
LINC00698,0.0842742,0.5201913,0.9328384257286948,0.9997150801664177,False
CCDC34,0.08420278,-0.18536682,0.9328952078722389,0.9997150801664177,False
SHROOM3,0.083512396,0.5261624,0.9334441194883253,0.9997150801664177,False
GADD45GIP1,0.082036406,0.015389729,0.9346177604972986,0.9997150801664177,False
SLC6A7,0.081227,1.6096001,0.9352614305827861,0.9997150801664177,False
CITED4,0.080988936,1.1124374,0.935450753386599,0.9997150801664177,False
ITGA11,0.080988936,1.2408625,0.935450753386599,0.9997150801664177,False
COLEC11,0.08089371,0.9585354,0.9355264835307947,0.9997150801664177,False
SDS,0.08089371,1.1873341,0.9355264835307947,0.9997150801664177,False
SYT12,0.08089371,0.77317077,0.9355264835307947,0.9997150801664177,False
ENSG00000230303,0.08089371,1.0474641,0.9355264835307947,0.9997150801664177,False
PPEF2,0.08089371,0.9807785,0.9355264835307947,0.9997150801664177,False
ENSG00000289201,0.08084609,0.9851931,0.9355643488216951,0.9997150801664177,False
LINC02465,0.08084609,1.0304784,0.9355643488216951,0.9997150801664177,False
OGDHL,0.08084609,1.052116,0.9355643488216951,0.9997150801664177,False
SHCBP1L,0.08084609,1.1327435,0.9355643488216951,0.9997150801664177,False
CDON,0.080798484,0.79297084,0.9356022142583503,0.9997150801664177,False
ZIC1,0.08075087,0.88423705,0.9356400798406749,0.9997150801664177,False
ATP2C2,0.08075087,0.75062025,0.9356400798406749,0.9997150801664177,False
ENSG00000287544,0.08075087,0.7431874,0.9356400798406749,0.9997150801664177,False
LINC00836,0.08065565,0.47237676,0.9357158114419911,0.9997150801664177,False
HID1,0.08065565,0.37795207,0.9357158114419911,0.9997150801664177,False
ENSG00000261786,0.0804652,0.31786102,0.9358672763889043,0.9997150801664177,False
KCND2,0.080036685,0.16388784,0.936208080997881,0.9997150801664177,False
LONRF2,0.07960817,0.28487214,0.9365488972955481,0.9997150801664177,False
AKAP6,0.07917966,0.0058095437,0.9368897252197226,0.9997150801664177,False
AP4M1,0.07787031,-0.044912916,0.9379312152652401,0.9997150801664177,False
RAB3C,0.07775128,0.8164359,0.9380259014709945,0.9997150801664177,False
ENSG00000238260,0.07765605,0.9229405,0.938101651066605,0.9997150801664177,False
GAD2,0.07756083,0.5901213,0.938177401222371,0.9997150801664177,False
ST8SIA1,0.07753702,-0.053153273,0.9381963388487569,0.9997150801664177,False
NPY,0.07741799,0.56611323,0.9382910275048181,0.9997150801664177,False
GLRA3,0.07737038,0.41296065,0.9383289032116385,0.9997150801664177,False
LINC00613,0.07722754,0.4934388,0.9384425311689194,0.9997150801664177,False
ENSG00000237633,0.077132314,0.19398743,0.9385182838369359,0.9997150801664177,False
COX7C,0.0767038,0.019558404,0.9388591777186042,0.9997150801664177,False
STAC,0.07522782,0.1743032,0.9400334531330472,0.9997150801664177,False
TMEM132D,0.074894525,0.088926084,0.9402986302345732,0.9997150801664177,False
FAM133A,0.07463266,0.497656,0.9405069883165836,0.9997150801664177,False
LINC03122,0.0744184,0.5730729,0.9406774661404947,0.9997150801664177,False
ANKRD31,0.07432318,0.6398074,0.9407532349352127,0.9997150801664177,False
DYNLRB2-AS1,0.07418034,0.39760584,0.9408668891325453,0.9997150801664177,False
TLCD2,0.0740375,0.35476586,0.9409805445341352,0.9997150801664177,False
ENSG00000269242,0.073942274,0.37183842,0.9410563154697545,0.9997150801664177,False
JPH4,0.07356138,-0.036761772,0.9413594045405701,0.9997150801664177,False
LINC01725,0.07356138,0.045039307,0.9413594045405701,0.9997150801664177,False
MYRIP,0.07348996,0.02553884,0.9414162346881252,0.9997150801664177,False
ENSG00000289309,0.07346615,-0.03882881,0.9414351781369417,0.9997150801664177,False
VAT1L,0.073370926,-0.0065209,0.9415109522634136,0.9997150801664177,False
CDH20,0.07234725,-0.008046926,0.9423255574186915,0.9997150801664177,False
ELAVL2,0.07110933,0.09610405,0.9433107418427009,0.9997150801664177,False
LASP1NB,0.07056179,0.22323477,0.943746524244562,0.9997150801664177,False
ENSG00000253553,0.06951431,0.06971549,0.9445802417308004,0.9997150801664177,False
GUCY1A2,0.069466695,0.19767378,0.9446181394295228,0.9997150801664177,False
MYO16,0.06789549,0.17984195,0.9458688332949879,0.9997150801664177,False
IFT74,0.0675622,-0.04582407,0.9461341492509052,0.9997150801664177,False
NGEF,0.067466974,-0.008966338,0.9462099549083531,0.9997150801664177,False
ZC3H12A,0.06741936,0.33081836,0.9462478579197519,0.9997150801664177,False
ENSG00000279851,0.06737175,0.38173774,0.9462857610528198,0.9997150801664177,False
ENSG00000235872,0.0671813,0.25961512,0.9464373748000718,0.9997150801664177,False
FAAH,0.066943236,0.15788454,0.946626894711428,0.9997150801664177,False
SYN3,0.066752784,0.17448547,0.9467785128156736,0.9997150801664177,False
TULP2,0.06656233,0.036665846,0.9469301328474644,0.9997150801664177,False
HTR2A,0.06646711,-0.01743138,0.9470059435844783,0.9997150801664177,False
MARK1,0.06637188,-0.08417348,0.9470817548013253,0.9997150801664177,False
GPR137C,0.065871954,-0.041989826,0.9474797715348983,0.9997150801664177,False
UCN,0.063991256,0.25383124,0.9489771891661465,0.9997150801664177,False
IL2RA,0.062015336,0.012834771,0.9505506194565913,0.9997150801664177,False
GPR173,0.061753467,0.4392865,0.9507591609656368,0.9997150801664177,False
FAM178B,0.061467793,0.40183404,0.9509866646394232,0.9997150801664177,False
ENSG00000287474,0.060372703,0.17705065,0.9518587989026313,0.9997150801664177,False
DNAJC9,0.06018225,0.036484357,0.952010480342032,0.9997150801664177,False
VMO1,0.06013464,0.1349534,0.9520484009737431,0.9997150801664177,False
ENSG00000233290,0.059087165,-0.030188262,0.9528826821886863,0.9997150801664177,False
LINC01500,0.0588491,-0.19731858,0.953072298789963,0.9997150801664177,False
PPFIA3,0.05873007,0.112868145,0.9531671080874601,0.9997150801664177,False
ENSG00000285095,0.05713505,0.18663271,0.9544376160857838,0.9997150801664177,False
TMPRSS9,0.0569446,0.19593237,0.9545893263347053,0.9997150801664177,False
PKNOX2,0.056801762,0.12392212,0.9547031101014396,0.9997150801664177,False
ENSG00000286686,0.055825707,1.0081182,0.9554806570949228,0.9997150801664177,False
GTSCR1,0.05573048,0.7279746,0.9555565176184988,0.9997150801664177,False
ENSG00000250149,0.055682868,0.76969945,0.9555944480313002,0.9997150801664177,False
PNPLA4,0.055682868,0.8570689,0.9555944480313002,0.9997150801664177,False
TSC22D1-AS1,0.055635255,0.58015454,0.955632378544663,0.9997150801664177,False
KLHL13,0.055444803,0.5575202,0.9557841016020133,0.9997150801664177,False
GLO1,0.055373386,-0.026977282,0.955840998161862,0.9997150801664177,False
ENSG00000272449,0.055301968,0.08200612,0.95589789494672,0.9997150801664177,False
TENM3-AS1,0.055301968,0.24810508,0.95589789494672,0.9997150801664177,False
UQCRB,0.055254355,-0.17022566,0.9559358262614875,0.9997150801664177,False
ENSG00000237480,0.055206742,0.1590689,0.9559737576760451,0.9997150801664177,False
FZD1,0.05501629,-0.06293768,0.9561254843304589,0.9997150801664177,False
ENSG00000258654,0.05501629,0.02235002,0.9561254843304589,0.9997150801664177,False
MGLL,0.053468883,0.064753085,0.9573583218480957,0.9997150801664177,False
PARD3,0.053326048,0.05625733,0.9574721274218374,0.9997150801664177,False
TTC41P,0.053278435,0.05818933,0.9575100628058338,0.9997150801664177,False
RGSL1,0.052849922,0.781884,0.9578514855819338,0.9997150801664177,False
ENSG00000273398,0.05265947,0.80438477,0.9580032315236499,0.9997150801664177,False
ENSG00000286163,0.05251663,0.76118195,0.9581170419789632,0.9997150801664177,False
ENSG00000259536,0.05251663,0.79593146,0.9581170419789632,0.9997150801664177,False
TRIM68,0.05242141,0.49712297,0.9581929160902791,0.9997150801664177,False
LHFPL4,0.052373797,-0.039589584,0.9582308532880119,0.9997150801664177,False
LARP6,0.052326184,0.5405246,0.9582687905803469,0.9997150801664177,False
LINC01524,0.052326184,0.41926342,0.9582687905803469,0.9997150801664177,False
VSTM2L,0.05227857,0.36483255,0.9583067279671983,0.9997150801664177,False
ENSG00000289339,0.052230958,0.3448219,0.9583446654484804,0.9997150801664177,False
LINC00558,0.052183345,0.34927,0.9583826030241074,0.9997150801664177,False
KIAA1217,0.052183345,0.13315167,0.9583826030241074,0.9997150801664177,False
OMA1,0.052135732,0.1759353,0.9584205406939934,0.9997150801664177,False
ENSG00000229195,0.05204051,0.35649946,0.9584964163162,0.9997150801664177,False
LRRC3B,0.051992897,0.19301058,0.9585343542683488,0.9997150801664177,False
LHX2,0.05185006,0.11002807,0.9586481686879486,0.9997150801664177,False
ENSG00000254698,0.05170722,0.19034766,0.9587619839504768,0.9997150801664177,False
C14orf132,0.051659606,0.038787413,0.9587999225582368,0.9997150801664177,False
ENSG00000260912,0.051611993,-0.21408631,0.9588378612593123,0.9997150801664177,False
CEP290,0.05158819,-0.052354664,0.9588568306448166,0.9997150801664177,False
HAPLN1,0.051564384,0.13625029,0.9588758000536177,0.9997150801664177,False
TMC5,0.05151677,-0.026650865,0.9589137389410672,0.9997150801664177,False
ENSG00000283782,0.050088394,0.0507102,0.9600519484510706,0.9997150801664177,False
HS6ST2,0.04911234,0.4579435,0.9608297719273253,0.9997150801664177,False
LINC01378,0.04908853,0.071484,0.9608487437004376,0.9997150801664177,False
H2BC26,0.048112474,-0.32263437,0.9616266053638788,0.9997150801664177,False
EPB41L4B,0.048112474,-0.030689608,0.9616266053638788,0.9997150801664177,False
ENSG00000287172,0.04806486,0.092978194,0.9616645507756916,0.9997150801664177,False
SLC22A5,0.047922023,-0.28634107,0.9617783875318138,0.9997150801664177,False
BMPER,0.047660153,0.23136385,0.9619870902735146,0.9997150801664177,False
CD22,0.04725545,-0.58135116,0.9623096359926616,0.9997150801664177,False
ARPP21,0.047041193,0.14919002,0.9624803979917093,0.9997150801664177,False
LINC01830,0.046898354,0.13629512,0.9625942402810561,0.9997150801664177,False
ZMAT4,0.04685074,0.102813825,0.9626321878804228,0.9997150801664177,False
NKAIN2,0.04661268,0.05409729,0.9628219271452769,0.9997150801664177,False
BBOF1,0.046327002,0.63957965,0.9630496170414162,0.9997150801664177,False
FAM13C,0.04608894,0.46772856,0.9632393609242045,0.9997150801664177,False
CDKL2,0.04589849,0.32355893,0.9633911575299126,0.9997150801664177,False
AQP4-AS1,0.045469977,0.34644407,0.9637327047359252,0.9997150801664177,False
TMEM44,0.04537475,0.36164722,0.9638086050209987,0.9997150801664177,False
MOG,0.04527953,0.14650789,0.9638845056340242,0.9997150801664177,False
DDX27,0.04468437,0.010090083,0.9643588918527959,0.9997150801664177,False
MYO3B,0.044470113,-0.11691625,0.964529673988731,0.9997150801664177,False
TXNDC17,0.0444225,-0.24537309,0.9645676257957505,0.9997150801664177,False
ENSG00000253736,0.043898765,0.13469987,0.9649851009519438,0.9997150801664177,False
LINC01909,0.04313696,0.044218957,0.9655923546463128,0.9997150801664177,False
LINC02775,0.04263703,0.3733547,0.9659908757502434,0.9997150801664177,False
STK31,0.042494193,0.26034102,0.9661047404874139,0.9997150801664177,False
DACH1,0.04225613,0.20554875,0.9662945165840747,0.9997150801664177,False
ANKRD18A,0.041780006,0.08918619,0.9666740744939087,0.9997150801664177,False
CHD4,0.04144672,0.17432925,0.9669397695284145,0.9997150801664177,False
LINC02250,0.041399106,0.14714982,0.9669777262622151,0.9997150801664177,False
TRNAU1AP,0.040756337,0.049002185,0.9674901494562262,0.9997150801664177,False
TCEAL4,0.039280348,-0.044892382,0.968666875398395,0.9997150801664177,False
TMEM150C,0.03709017,-0.16624933,0.9704131098308063,0.9997150801664177,False
SELENOP,0.035947468,-0.5454494,0.9713242455092145,0.9997150801664177,False
LINC02147,0.03549515,0.16190869,0.9716849137877456,0.9997150801664177,False
LRP2,0.03549515,0.17574917,0.9716849137877456,0.9997150801664177,False
NR2F1,0.034828573,0.090118065,0.9722164354685008,0.9997150801664177,False
SSRP1,0.034828573,0.015679924,0.9722164354685008,0.9997150801664177,False
ENSG00000228509,0.034352448,-0.064610265,0.9725961013806832,0.9997150801664177,False
ENSG00000287264,0.034042966,1.2171705,0.972842887559036,0.9997150801664177,False
ZDHHC4,0.033947743,0.75601494,0.9729188222919474,0.9997150801664177,False
MEGF6,0.033852518,0.5280355,0.9729947572703316,0.9997150801664177,False
ABCC8,0.033852518,0.5748105,0.9729947572703316,0.9997150801664177,False
MRPL42P1,0.033662066,0.21021797,0.9731466279607672,0.9997150801664177,False
MTERF4,0.033662066,0.37528276,0.9731466279607672,0.9997150801664177,False
CALB1,0.033614453,0.28949866,0.973184595785722,0.9997150801664177,False
KCNV1,0.033566844,0.2942421,0.9732225636714432,0.9997150801664177,False
GLIS1,0.03351923,0.16140324,0.9732605316178449,0.9997150801664177,False
ZNF480,0.033376392,0.37190282,0.9733744358202725,0.9997150801664177,False
RIN1,0.03332878,-0.14823699,0.9734124040085361,0.9997150801664177,False
DUBR,0.03332878,-0.15422636,0.9734124040085361,0.9997150801664177,False
ACSM3,0.033281166,-0.35026425,0.9734503722570502,0.9997150801664177,False
DYM-AS1,0.033233553,-0.25926593,0.9734883405657289,0.9997150801664177,False
ASIC2,0.03282885,0.08026756,0.9738110736064924,0.9997150801664177,False
ARL6,0.03280504,0.030821629,0.9738300580370564,0.9997150801664177,False
JAKMIP2,0.03223369,0.13395873,0.9742856887937277,0.9997150801664177,False
STK33,0.030757703,0.55924565,0.9754627733910916,0.9997150801664177,False
ENSG00000259200,0.030662477,0.64126176,0.9755387161953278,0.9997150801664177,False
ZFPM2,0.030614864,0.08511057,0.9755766876806419,0.9997150801664177,False
C7orf57,0.030329188,0.34342757,0.9758045177518498,0.9997150801664177,False
LINC01562,0.030233964,0.22126888,0.9758804615485024,0.9997150801664177,False
TBL1Y,0.030186351,0.23405927,0.9759184335288634,0.9997150801664177,False
PRAMEF6,0.030186351,0.21380173,0.9759184335288634,0.9997150801664177,False
ENSG00000283380,0.030138738,-0.14882335,0.9759564055637998,0.9997150801664177,False
PARM1,0.030114932,0.283636,0.9759753916017068,0.9997150801664177,False
FBXW9,0.029995902,0.16500735,0.9760703219952002,0.9997150801664177,False
ENSG00000249881,0.027972369,0.0416825,0.9776841894465872,0.9997150801664177,False
ENSG00000248994,0.027781919,-0.008422643,0.9778360876599782,0.9997150801664177,False
ANKRD33B,0.027615273,0.58037823,0.977968999256174,0.9997150801664177,False
CFAP46,0.027234374,0.4459078,0.9782727994812064,0.9997150801664177,False
AOC1,0.02713915,0.49354383,0.9783487500316089,0.9997150801664177,False
ELMOD1,0.027043924,0.28205234,0.9784247007782928,0.9997150801664177,False
MPP2,0.027043924,0.1915245,0.9784247007782928,0.9997150801664177,False
LINC02994,0.026948698,0.15661974,0.9785006517205698,0.9997150801664177,False
CYP2D7,0.026901087,0.18678601,0.9785386272648406,0.9997150801664177,False
LINC02109,0.026853474,0.07066138,0.9785766028577517,0.9997150801664177,False
TRMT9B,0.026520185,-0.11600052,0.9788424333628291,0.9997150801664177,False
PDE1A,0.026424961,0.02707236,0.9789183853685667,0.9997150801664177,False
HAS2-AS1,0.026186898,-0.19495723,0.9791082662175539,0.9997150801664177,False
CSTF3-DT,0.026163092,-0.229889,0.979127254367736,0.9997150801664177,False
LINC01470,0.025710773,0.15243673,0.9794880314560074,0.9997150801664177,False
CDH2,0.025520323,0.124743916,0.9796399388579112,0.9997150801664177,False
SCAMP5,0.025234647,-0.038606107,0.9798678013434055,0.9997150801664177,False
LINC02377,0.025187034,0.13069831,0.9799057785845248,0.9997150801664177,False
CSMD1,0.024663297,0.023928946,0.9803235312237504,0.9997150801664177,False
HS3ST2,0.023853883,0.23751175,0.980969159511953,0.9997150801664177,False
ZNF404,0.02361582,0.17575744,0.981159052576246,0.9997150801664177,False
DNAI4,0.023139695,-0.17309943,0.9815388418968477,0.9997150801664177,False
RFX5,0.022949245,-0.2964778,0.9816907588015148,0.9997150801664177,False
RMST,0.022758795,-0.14217208,0.9818426763701646,0.9997150801664177,False
APOOL,0.021949382,-0.10397908,0.98248833331648,0.9997150801664177,False
PSAT1,0.020854292,0.2632004,0.9833618873640609,0.9997150801664177,False
NCAN,0.020568619,0.2244509,0.9835897743520522,0.9997150801664177,False
IL20RB,0.020521006,0.35257265,0.9836277556474055,0.9997150801664177,False
RGS20,0.02042578,0.28375772,0.9837037183493555,0.9997150801664177,False
LINC01250,0.01992585,-0.12240257,0.9841025249426325,0.9997150801664177,False
LINC03036,0.019521141,-0.1889053,0.9844253712896703,0.9997150801664177,False
SEMA3A,0.019378304,-0.07021412,0.984539317670903,0.9997150801664177,False
GPX1,0.017473802,-0.095830515,0.98605863197912,0.9997150801664177,False
SVEP1,0.017378578,0.18308161,0.986134599067576,0.9997150801664177,False
LINC01630,0.017378578,0.20559354,0.986134599067576,0.9997150801664177,False
MITD1,0.017188128,0.15496287,0.9862865336209481,0.9997150801664177,False
SLC16A7,0.016950065,0.113234274,0.9864764525114244,0.9997150801664177,False
GRAMD1C,0.015997814,-0.12983583,0.9872361356293055,0.9997150801664177,False
FRY,0.014569438,0.061815556,0.9883756817903712,0.9997150801664177,False
ANKHD1-DT,0.0144266,0.17302325,0.988489637749153,0.9997150801664177,False
NTNG1,0.0140456995,0.043335423,0.9887935214476238,0.9997150801664177,False
GLUD1P2,0.013474349,-0.030164551,0.9892493500299028,0.9997150801664177,False
NAGK,0.01283158,-0.092252254,0.9897621613722009,0.9997150801664177,False
JPH1,0.012284036,-0.14406139,0.990199004008108,0.9997150801664177,False
ENSG00000287725,0.012069779,0.69913,0.9903699432379092,0.9997150801664177,False
ENSG00000248664,0.012045973,-0.3539579,0.9903889365130956,0.9997150801664177,False
DLX6-AS1,0.0119745545,0.4146459,0.9904459163712922,0.9997150801664177,False
ENSG00000285955,0.011926942,0.38258892,0.9904839029705131,0.9997150801664177,False
ENSG00000253356,0.011926942,0.288969,0.9904839029705131,0.9997150801664177,False
RFPL2,0.01187933,0.33224776,0.9905218895913057,0.9997150801664177,False
CDH17,0.011831717,0.13367517,0.9905598762335838,0.9997150801664177,False
TRPC2,0.011831717,0.28446293,0.9905598762335838,0.9997150801664177,False
NT5E,0.011831717,0.36464775,0.9905598762335838,0.9997150801664177,False
ENSG00000288714,0.011784104,0.1733363,0.990597862897261,0.9997150801664177,False
GNGT1,0.011784104,0.13026127,0.990597862897261,0.9997150801664177,False
ENSG00000256982,0.011736492,0.05749667,0.9906358495822516,0.9997150801664177,False
PLPP4,0.011736492,0.05610495,0.9906358495822516,0.9997150801664177,False
E2F5,0.011688879,0.111568615,0.9906738362884693,0.9997150801664177,False
ACSS3,0.011688879,0.0005524936,0.9906738362884693,0.9997150801664177,False
SLC5A4-AS1,0.011688879,0.064755514,0.9906738362884693,0.9997150801664177,False
ZNF827,0.011641267,0.046824988,0.9907118230158279,0.9997150801664177,False
TMEM196,0.011641267,-0.061987378,0.9907118230158279,0.9997150801664177,False
CACNA1F,0.011641267,-0.2046674,0.9907118230158279,0.9997150801664177,False
LINC02636,0.011593654,-0.10852621,0.9907498097642415,0.9997150801664177,False
MARCHF11,0.011546042,-0.08049509,0.990787796533624,0.9997150801664177,False
ENSG00000285080,0.011498429,-0.067924,0.9908257833238892,0.9997150801664177,False
PLEKHA6,0.010903272,-0.03533561,0.9913006199290685,0.9997150801664177,False
ME2,0.009474896,0.028825821,0.9924402400329926,0.9997150801664177,False
NACA,0.009070189,-0.13515936,0.9927631353008053,0.9997150801664177,False
KCNH5,0.009046383,-0.14339536,0.9927821291775167,0.9997150801664177,False
FA2H,0.008760707,0.414144,0.9930100560140371,0.9997150801664177,False
VSTM2B-DT,0.008713095,0.36131972,0.9930480438760854,0.9997150801664177,False
SLC1A6,0.008570258,0.312795,0.9931620075564418,0.9997150801664177,False
GIMAP7,0.008570258,-0.23044378,0.9931620075564418,0.9997150801664177,False
PITRM1,0.008522645,0.13140666,0.9931999954810108,0.9997150801664177,False
GRIP2,0.008522645,0.12147338,0.9931999954810108,0.9997150801664177,False
ENSG00000250791,0.008475033,0.14984712,0.9932379834209947,0.9997150801664177,False
ADCYAP1R1,0.008379808,0.07043683,0.993313959346863,0.9997150801664177,False
SCRT1,0.008379808,-0.0067506363,0.993313959346863,0.9997150801664177,False
MMP26,0.008332195,-0.009190681,0.993351947332575,0.9997150801664177,False
ENSG00000237844,0.008332195,-0.14919929,0.993351947332575,0.9997150801664177,False
SMAD1,0.008332195,-0.04887829,0.993351947332575,0.9997150801664177,False
PAMR1,0.00823697,-0.09898064,0.9934279233491244,0.9997150801664177,False
FNBP1P1,0.00823697,-0.05638965,0.9934279233491244,0.9997150801664177,False
ENSG00000248973,0.008189357,-0.33917704,0.9934659113797896,0.9997150801664177,False
LINC01586,0.008141745,-0.24847244,0.993503899425267,0.9997150801664177,False
LAMA3,0.007998907,0.39484358,0.9936178636497106,0.9997150801664177,False
CDC25C,0.007903682,-0.3803198,0.9936938398718218,0.9997150801664177,False
ENSG00000269973,0.007903682,-0.38478494,0.9936938398718218,0.9997150801664177,False
LINC01010,0.0066181435,0.04037553,0.9947195241860599,0.9997150801664177,False
CCND2-AS1,0.0065705306,-0.5847034,0.994757512672029,0.9997150801664177,False
GRM1,0.0063324682,0.3275814,0.994947455278417,0.9997150801664177,False
PLPPR1,0.005975374,0.62496954,0.9952323697215288,0.9997150801664177,False
EPHA6,0.005903955,0.0686563,0.9952893526842669,0.9997150801664177,False
ADGRL3-AS1,0.005737311,0.43215206,0.9954223130235919,0.9997150801664177,False
TTN,0.005737311,0.24939129,0.9954223130235919,0.9997150801664177,False
DLGAP1,0.00561828,0.04978104,0.9955172847725834,0.9997150801664177,False
ENSG00000264324,0.00542783,-0.16582595,0.9956692397025159,0.9997150801664177,False
LINC01060,0.005261186,0.21257465,0.9958022003952505,0.9997150801664177,False
ENSG00000253642,0.005118348,0.065501,0.995916166796231,0.9997150801664177,False
PRKCG,0.0050707357,0.06798503,0.9959541556151881,0.9997150801664177,False
DDIT4-AS1,0.005023123,0.10989112,0.995992144443317,0.9997150801664177,False
PCSK6,0.0049278983,-0.03795288,0.9960681221267452,0.9997150801664177,False
CRIP2,0.0047850604,-0.04850894,0.9961820887185222,0.9997150801664177,False
ITIH4,0.0046898355,-0.16127826,0.9962580664897918,0.9997150801664177,False
NDUFS3,0.0043327413,-0.061743684,0.9965429834286257,0.9997150801664177,False
ENSG00000286536,0.0043327413,0.14699359,0.9965429834286257,0.9997150801664177,False
EFCAB10,0.0043089353,-0.34184396,0.9965619779072902,0.9997150801664177,False
EPB41L1,0.0037613907,-0.05560597,0.9969988514325574,0.9997150801664177,False
ENSG00000258472,0.0037375845,-0.74358416,0.9970178459550136,0.9997150801664177,False
PEBP1,0.002904365,-0.064675406,0.9976826552288782,0.9997150801664177,False
HTR4,0.0026663023,0.48901534,0.9978726010513789,0.9997150801664177,False
SYT10,0.0026186898,0.47192717,0.9979105902306916,0.9997150801664177,False
LIMCH1,0.0021425644,-0.04121276,0.9982904822701213,0.9997150801664177,False
SLC12A1,0.0019997268,-0.12124177,0.9984044499614388,0.9997150801664177,False
VWA3A,0.0017140515,-0.0001269663,0.9986323854394085,0.9997150801664177,False
SPRY4-AS1,0.0011903135,-0.18455406,0.9990502674254788,0.9997150801664177,False
LINC01182,0.001047476,-0.24229701,0.9991642352898973,0.9997150801664177,False
PRICKLE1,0.0005713505,0.06912227,0.9995441282813824,0.9997150801664177,False
ENSG00000254553,0.0005713505,-0.57546633,0.9995441282813824,0.9997150801664177,False
ENSG00000227303,0.000523738,-0.36272958,0.9995821175876358,0.9997150801664177,False
BCL11B,-0.00035709408,-0.029669553,0.9997150801664177,0.9997150801664177,False
SYT7,-0.0009046383,-0.05941895,0.9992782031713676,0.9997150801664177,False
BRINP3,-0.001047476,-0.06597937,0.9991642352898973,0.9997150801664177,False
ENSG00000270792,-0.0011665073,0.26711056,0.9990692620682657,0.9997150801664177,False
B3GALT1,-0.0015236014,0.1463971,0.9987843424878762,0.9997150801664177,False
TMEM132C,-0.0017378578,-0.039154176,0.9986133908117248,0.9997150801664177,False
ABHD17C,-0.002023533,-0.12424272,0.9983854553438958,0.9997150801664177,False
RUNDC3B,-0.0026186898,0.03643119,0.9979105902306916,0.9997150801664177,False
ATF3,-0.0036185533,0.34876978,0.9971128185924306,0.9997150801664177,False
TBC1D32,-0.003975647,-0.1292462,0.9968279008082822,0.9997150801664177,False
CEP126,-0.004189904,-0.06567235,0.9966569503296241,0.9997150801664177,False
ADAMTSL3,-0.0045231916,0.19252881,0.9963910276707455,0.9997150801664177,False
FYB2,-0.005094542,-0.041083425,0.9959351612045577,0.9997150801664177,False
TLE1,-0.0054754424,-0.08466302,0.9956312509550912,0.9997150801664177,False
PPME1,-0.005832536,0.10118684,0.995346335671032,0.9997150801664177,False
LINC00882,-0.00823697,0.028118417,0.9934279233491244,0.9997150801664177,False
IL3RA,-0.0086178705,0.07524516,0.9931240196473737,0.9997150801664177,False
ZNF385D,-0.009093995,-0.026479078,0.9927441414281951,0.9997150801664177,False
INPP1,-0.009117802,-0.179033,0.9927251475596971,0.9997150801664177,False
TSPAN13,-0.009784377,-0.23060185,0.9921933209549482,0.9997150801664177,False
CWF19L2,-0.0099510215,-0.0059393384,0.9920603648364963,0.9997150801664177,False
GSDMB,-0.010070053,0.024813708,0.9919653963152305,0.9997150801664177,False
HECW1,-0.010474759,0.12143804,0.9916425042024569,0.9997150801664177,False
ENSG00000251031,-0.010950885,0.111746825,0.9912626328850344,0.9997150801664177,False
HECW2,-0.011855523,-0.14463015,0.9905408829097644,0.9997150801664177,False
CCNT1,-0.011950748,0.08315255,0.9904649096682009,0.9997150801664177,False
KAZN,-0.012188811,0.016269753,0.9902749769440539,0.9997150801664177,False
ACADS,-0.0127125485,-0.21529508,0.989857126906052,0.9997150801664177,False
ZNF700,-0.013093449,0.47424182,0.9895532377101861,0.9997150801664177,False
LMNTD1,-0.013236287,0.39261138,0.9894392796501049,0.9997150801664177,False
GRAP2,-0.013236287,0.1531484,0.9894392796501049,0.9997150801664177,False
GREM2,-0.013283899,0.19658366,0.9894012936778416,0.9997150801664177,False
SAMD12-AS1,-0.013379124,-0.38402462,0.989325321805477,0.9997150801664177,False
EIF2S2P3,-0.013474349,-0.021212714,0.9892493500299028,0.9997150801664177,False
PSD2,-0.013474349,-0.16242641,0.9892493500299028,0.9997150801664177,False
MED28-DT,-0.013521962,-0.108355254,0.9892113641786273,0.9997150801664177,False
SCN11A,-0.013617187,-0.24705148,0.9891353925495299,0.9997150801664177,False
GALNT15,-0.013617187,-0.16517477,0.9891353925495299,0.9997150801664177,False
ENSG00000229337,-0.013617187,-0.29423386,0.9891353925495299,0.9997150801664177,False
NDN,-0.01385525,-0.42900708,0.9889454639092837,0.9997150801664177,False
SETD9,-0.01385525,-0.45419976,0.9889454639092837,0.9997150801664177,False
ENSG00000283897,-0.013902863,-0.54414207,0.9889074782560657,0.9997150801664177,False
ENSG00000279267,-0.013950475,-0.51923156,0.9888694926279923,0.9997150801664177,False
ZBBX,-0.0139980875,-0.5201411,0.9888315070251497,0.9997150801664177,False
THSD7A,-0.015021757,-0.037701424,0.9880148228298312,0.9997150801664177,False
SPAG7,-0.015069369,-0.1405114,0.9879768378174406,0.9997150801664177,False
MIR3171HG,-0.015878784,-0.026269082,0.9873310968468941,0.9997150801664177,False
ENSG00000287855,-0.016045427,0.78167146,0.9871981511928267,0.9997150801664177,False
C16orf96,-0.016378714,0.3393396,0.9869322609548205,0.9997150801664177,False
SLC29A4,-0.016569164,0.18843395,0.9867803243257347,0.9997150801664177,False
GRIN2B,-0.016712002,0.036181014,0.9866663721682586,0.9997150801664177,False
OR2B11,-0.016997678,-0.24670024,0.9864384686716761,0.9997150801664177,False
GNA14,-0.016997678,-0.20932314,0.9864384686716761,0.9997150801664177,False
NOL8,-0.017092902,-0.10146223,0.986362501084487,0.9997150801664177,False
LASTR,-0.017140515,-0.2436675,0.9863245173372183,0.9997150801664177,False
RORA-AS1,-0.017283352,-0.5532401,0.9862105662817483,0.9997150801664177,False
CCDC28A-AS1,-0.017330965,-0.38063404,0.9861725826589907,0.9997150801664177,False
MGAT4C,-0.017354771,0.16827764,0.98615359085936,0.9997150801664177,False
COL28A1,-0.01742619,-0.484667,0.9860966155075904,0.9997150801664177,False
LINC02934,-0.017949928,-0.008254769,0.9856787984466862,0.9997150801664177,False
TRMT1,-0.019068822,-0.118491285,0.9847862025757984,0.9997150801664177,False
ENSG00000283183,-0.019092629,0.520351,0.9847672113772394,0.9997150801664177,False
DTX1,-0.01947353,0.21706559,0.9844633533815602,0.9997150801664177,False
ARHGEF4,-0.01966398,-0.17776498,0.9843114252261601,0.9997150801664177,False
ZDHHC8,-0.019711593,0.17969036,0.9842734432759968,0.9997150801664177,False
LINC01331,-0.019711593,0.17358047,0.9842734432759968,0.9997150801664177,False
PLEKHA5,-0.019711593,-0.05672546,0.9842734432759968,0.9997150801664177,False
PRICKLE2-AS1,-0.019759204,0.021618571,0.98423546136148,0.9997150801664177,False
CXXC4-AS1,-0.019806817,-0.037175916,0.9841974794826962,0.9997150801664177,False
FSIP1,-0.019997267,0.022364946,0.9840455523266105,0.9997150801664177,False
C1orf115,-0.02023533,-0.11684539,0.9838556441958206,0.9997150801664177,False
CFAP69,-0.02023533,-0.08018798,0.9838556441958206,0.9997150801664177,False
CTNNA2,-0.020330556,-0.060299236,0.9837796811990567,0.9997150801664177,False
SLC13A3,-0.020878099,0.036842518,0.9833428968427546,0.9997150801664177,False
ARL14EPL,-0.02156848,0.0099495705,0.9827921758744458,0.9997150801664177,False
ENSG00000259891,-0.022973051,-0.18577911,0.9816717691520069,0.9997150801664177,False
PLPP3,-0.023330145,-0.015290509,0.9813869256616706,0.9997150801664177,False
HTR1E,-0.024282396,-0.11401325,0.9806273547208866,0.9997150801664177,False
CISD3,-0.024377622,-0.3299459,0.980551398581432,0.9997150801664177,False
C1QTNF4,-0.024901358,-0.641655,0.9801336429846337,0.9997150801664177,False
KCTD8,-0.026567798,-0.110744804,0.9788044574318453,0.9997150801664177,False
LINC02882,-0.026710635,-0.03639726,0.9786905299274661,0.9997150801664177,False
PWRN1,-0.027091537,-0.080604464,0.9783867253804587,0.9997150801664177,False
ENSG00000258410,-0.027472436,-0.12641048,0.9780829239684474,0.9997150801664177,False
SNHG33,-0.0292341,-0.8577918,0.9766778844824976,0.9997150801664177,False
SHROOM4,-0.029995902,-0.039028354,0.9760703219952002,0.9997150801664177,False
SPOCK3,-0.03132905,-0.05309038,0.9750071212607598,0.9997150801664177,False
CACNA2D1,-0.032709815,0.051031616,0.9739059959074663,0.9997150801664177,False
NMT2,-0.03280504,-0.11501468,0.9738300580370564,0.9997150801664177,False
PLCB4,-0.03318594,0.05663304,0.9735263089344862,0.9997150801664177,False
ENSG00000271860,-0.034447674,-0.025839712,0.9725201676987042,0.9997150801664177,False
ENSG00000237720,-0.035090443,0.12023917,0.9720076218949145,0.9997150801664177,False
CRMP1,-0.03537612,-0.33314076,0.9717798274580614,0.9997150801664177,False
PZP,-0.03542373,-0.26283297,0.9717418619418995,0.9997150801664177,False
ENSG00000237153,-0.035661794,-0.61315954,0.9715520353233058,0.9997150801664177,False
GRIA4,-0.0356856,-0.13819939,0.9715330527499056,0.9997150801664177,False
NSG2,-0.035709407,-0.51698995,0.9715140701926319,0.9997150801664177,False
C1orf21,-0.035947468,-0.33875436,0.9713242455092145,0.9997150801664177,False
SNTG2,-0.035947468,-0.020265337,0.9713242455092145,0.9997150801664177,False
NMNAT2,-0.036447402,-0.094985574,0.9709256189744961,0.9997150801664177,False
SLC14A2,-0.0372092,-0.18192504,0.9703182020646479,0.9997150801664177,False
ABLIM1,-0.037233006,0.03503899,0.9702992205618154,0.9997150801664177,False
CA11,-0.038185257,-0.30229306,0.9695399743593648,0.9997150801664177,False
LINC01344,-0.038399514,0.14846689,0.9693691477439514,0.9997150801664177,False
HEPACAM,-0.038589966,-0.15921679,0.9692173030432188,0.9997150801664177,False
PDE10A,-0.03861377,-0.055170335,0.9691983225339814,0.9997150801664177,False
ENSG00000268912,-0.03863758,-0.13584568,0.9691793420421918,0.9997150801664177,False
PCYT1B,-0.038732804,-0.24429736,0.9691034202497262,0.9997150801664177,False
CASZ1,-0.038828027,-0.27016845,0.9690274987372851,0.9997150801664177,False
EPS15-AS1,-0.038828027,-0.2690727,0.9690274987372851,0.9997150801664177,False
PCDH11X,-0.03887564,-0.17770983,0.9689895380862885,0.9997150801664177,False
SF1-DT,-0.03901848,-0.43982264,0.9688756565552258,0.9997150801664177,False
SEPTIN14P23,-0.039113704,-0.41643828,0.9687997358869824,0.9997150801664177,False
KIF6,-0.040042147,-0.08447272,0.9680595242957999,0.9997150801664177,False
LRCH2,-0.041232463,0.41621044,0.9671105754191388,0.9997150801664177,False
ROMO1,-0.04218471,-0.34233075,0.9663514497858327,0.9997150801664177,False
BMP6,-0.042232323,-0.23297103,0.9663134942989176,0.9997150801664177,False
ZNF793,-0.042279936,-0.32787603,0.9662755388883227,0.9997150801664177,False
ADAMTS16,-0.04232755,-0.37334156,0.9662375835541344,0.9997150801664177,False
ASIP,-0.042470388,-0.37488624,0.9661237180108653,0.9997150801664177,False
LINC00358,-0.042518,-0.39229703,0.9660857629831607,0.9997150801664177,False
PRICKLE2,-0.04532714,0.05654134,0.9638465552865604,0.9997150801664177,False
AJAP1,-0.045422364,0.036934525,0.9637706548374251,0.9997150801664177,False
OPALIN,-0.045874685,-0.33064026,0.9634101321990376,0.9997150801664177,False
MAST4,-0.045993716,0.12845176,0.9633152590608505,0.9997150801664177,False
HIF3A,-0.046065133,-0.41130283,0.9632583354271644,0.9997150801664177,False
PRADC1,-0.04692216,-0.71903306,0.962575266513143,0.9997150801664177,False
NSA2,-0.048041053,-0.056081988,0.9616835235141676,0.9997150801664177,False
GULP1,-0.048469566,-0.04162767,0.9613420175518996,0.9997150801664177,False
RNF128,-0.04851718,-0.15750809,0.9613040728816731,0.9997150801664177,False
ZNF208,-0.048755243,-0.13064286,0.9611143508470527,0.9997150801664177,False
ENSG00000262801,-0.04889808,-0.15107936,0.9610005186825799,0.9997150801664177,False
ENSG00000228430,-0.04889808,-0.1659818,0.9610005186825799,0.9997150801664177,False
APRT,-0.048993304,-0.28899312,0.9609246310144863,0.9997150801664177,False
ZNF483,-0.049755108,-0.49796194,0.9603175424730155,0.9997150801664177,False
PRMT8,-0.05018362,-0.034223348,0.9599760652578759,0.9997150801664177,False
TMEM120A,-0.05068355,0.28619263,0.9595776844588746,0.9997150801664177,False
LINC02306,-0.05177864,-0.041314863,0.9587050762139914,0.9997150801664177,False
ZDHHC11B,-0.05177864,-0.027284019,0.9587050762139914,0.9997150801664177,False
RNF144A,-0.05227857,-0.21695621,0.9583067279671983,0.9997150801664177,False
WASH6P,-0.0527785,-0.30540776,0.957908390131385,0.9997150801664177,False
MAOB,-0.052968953,-0.32576618,0.957756645143624,0.9997150801664177,False
SLITRK4,-0.053730752,-0.42085272,0.9571496805553384,0.9997150801664177,False
PCLO,-0.055682868,-0.004178034,0.9555944480313002,0.9997150801664177,False
SRRM3,-0.055706672,-0.20463595,0.955575482812324,0.9997150801664177,False
ENSG00000253796,-0.055944737,-0.1711379,0.9553858320076373,0.9997150801664177,False
CHST10,-0.05599235,-0.28151146,0.9553479021494554,0.9997150801664177,False
MEG8,-0.056135185,-0.2133257,0.955234113181964,0.9997150801664177,False
ENSG00000286523,-0.0569446,0.19150628,0.9545893263347053,0.9997150801664177,False
JPX,-0.0569446,0.18091469,0.9545893263347053,0.9997150801664177,False
SLFN12L,-0.057087436,-0.2229763,0.9544755434934652,0.9997150801664177,False
C4orf51,-0.05713505,-0.2661348,0.9544376160857838,0.9997150801664177,False
ZNF230,-0.05713505,-0.2089337,0.9544376160857838,0.9997150801664177,False
CCBE1,-0.057182662,-0.29204753,0.9543996887812779,0.9997150801664177,False
ENSG00000258807,-0.057182662,-0.23335712,0.9543996887812779,0.9997150801664177,False
FAM72A,-0.057230275,-0.58314526,0.9543617615800333,0.9997150801664177,False
GRXCR1,-0.057230275,-0.3490202,0.9543617615800333,0.9997150801664177,False
EBF1,-0.057230275,-0.42654443,0.9543617615800333,0.9997150801664177,False
LINC01467,-0.0573255,-0.9257376,0.9542859074876702,0.9997150801664177,False
XIRP2,-0.0573255,-0.74846214,0.9542859074876702,0.9997150801664177,False
EGFLAM,-0.057373114,-0.48965904,0.9542479805967233,0.9997150801664177,False
CARMIL2,-0.057420727,-0.71966743,0.9542100538093803,0.9997150801664177,False
SLC7A11,-0.057420727,-0.7196448,0.9542100538093803,0.9997150801664177,False
RHOJ,-0.057420727,-0.6337812,0.9542100538093803,0.9997150801664177,False
LINC00924,-0.057658788,-0.817146,0.9540204214297245,0.9997150801664177,False
ANKRD17-DT,-0.057754014,-0.09844595,0.9539445692060893,0.9997150801664177,False
WWTR1,-0.058753878,-0.37036374,0.9531481461748949,0.9997150801664177,False
ENSG00000287092,-0.059967995,-0.3243751,0.9521811240391834,0.9997150801664177,False
OLFML3,-0.06046793,-0.19955444,0.9517829588365965,0.9997150801664177,False
ITSN1,-0.060563155,-0.2875727,0.9517071192072524,0.9997150801664177,False
CLGN,-0.060658377,-0.47031713,0.9516312800152841,0.9997150801664177,False
ENSG00000286366,-0.060753603,-0.4598456,0.9515554412613768,0.9997150801664177,False
HEPH,-0.06084883,-0.4996515,0.9514796029462157,0.9997150801664177,False
IFRD2,-0.06089644,-0.551929,0.9514416839533791,0.9997150801664177,False
TCEAL2,-0.06089644,-0.64146227,0.9514416839533791,0.9997150801664177,False
CSPG5,-0.060991667,-0.7021094,0.9513658462976219,0.9997150801664177,False
SERP2,-0.060991667,-0.70145804,0.9513658462976219,0.9997150801664177,False
RGPD2,-0.060991667,-0.5588925,0.9513658462976219,0.9997150801664177,False
ENSG00000273269,-0.06122973,0.069007084,0.9511762540867358,0.9997150801664177,False
ILRUN-AS1,-0.061324954,-0.9763155,0.9511004179755824,0.9997150801664177,False
KLF2-DT,-0.063277066,0.15092714,0.9495458762727654,0.9997150801664177,False
ENSG00000226965,-0.06341991,-0.07028511,0.9494321367861538,0.9997150801664177,False
CARD18,-0.06356274,-0.17969379,0.9493183983298749,0.9997150801664177,False
CACHD1,-0.06356274,0.07018864,0.9493183983298749,0.9997150801664177,False
ERICH3,-0.063800804,-0.29400223,0.9491288365319824,0.9997150801664177,False
B4GAT1-DT,-0.06389603,-0.23399943,0.9490530126183897,0.9997150801664177,False
GTF2IRD1P1,-0.064038865,-0.36214972,0.9489392776132449,0.9997150801664177,False
BICDL1,-0.064038865,-0.2506895,0.9489392776132449,0.9997150801664177,False
CDH9,-0.0641579,-0.01693209,0.948844499236903,0.9997150801664177,False
SEPTIN8,-0.06422932,-0.49833456,0.9487876325584365,0.9997150801664177,False
PPP1R14A,-0.064753056,-0.94861907,0.948370618238952,0.9997150801664177,False
ECI2,-0.064753056,-0.9192669,0.948370618238952,0.9997150801664177,False
STARD8,-0.06477686,0.003166354,0.9483516633777747,0.9997150801664177,False
OFCC1,-0.06713369,-0.2465016,0.9464752785402024,0.9997150801664177,False
NME5,-0.0671813,-0.16152224,0.9464373748000718,0.9997150801664177,False
ENSG00000287122,-0.06732413,0.014568826,0.9463236643074713,0.9997150801664177,False
VSTM2B,-0.06818116,-0.5289923,0.9456414243958283,0.9997150801664177,False
ENSG00000242880,-0.06837161,-0.15056576,0.9454898209226661,0.9997150801664177,False
LINC01414,-0.06837161,-0.09209672,0.9454898209226661,0.9997150801664177,False
PCDH15,-0.069061995,-0.17767052,0.9449402749208914,0.9997150801664177,False
DZIP1,-0.07008566,-0.056005593,0.9441254791542636,0.9997150801664177,False
MTSS2,-0.07032372,-0.05062437,0.9439360001133486,0.9997150801664177,False
C4orf3,-0.07046656,-0.17716295,0.9438223142107373,0.9997150801664177,False
TEX11,-0.070895076,-0.25348467,0.9434812633777809,0.9997150801664177,False
OLFM3,-0.0709665,-0.02317512,0.9434244225779035,0.9997150801664177,False
CYP7B1,-0.07108553,-0.33847097,0.943329688551779,0.9997150801664177,False
VSNL1,-0.07146642,0.034006447,0.9430265450613771,0.9997150801664177,False
OPCML,-0.07246629,-0.018900717,0.942230832772987,0.9997150801664177,False
CDH11,-0.07256151,0.15237749,0.9421550536446487,0.9997150801664177,False
FRMPD4,-0.07332332,0.01907098,0.9415488395252236,0.9997150801664177,False
CNTNAP5,-0.07415653,-0.06022372,0.9408858316159102,0.9997150801664177,False
ENSG00000287912,-0.074846916,-0.40751427,0.9403365132186811,0.9997150801664177,False
MIR124-2HG,-0.07508498,-0.46516627,0.9401470996498694,0.9997150801664177,False
ENSG00000255557,-0.07568014,-0.1411317,0.9396735805637347,0.9997150801664177,False
NPIPB2,-0.076084845,0.17420381,0.9393515997572995,0.9997150801664177,False
RFXANK,-0.07641813,-0.9195457,0.9390864465351565,0.9997150801664177,False
UNC79,-0.076489545,-0.13719541,0.9390296288651568,0.9997150801664177,False
HERC2P3,-0.0767038,-0.07772932,0.9388591777186042,0.9997150801664177,False
USH2A,-0.077846505,-0.2586513,0.9379501524362223,0.9997150801664177,False
POLR3D,-0.07794173,-0.34347123,0.937874403962971,0.9997150801664177,False
ACAA1,-0.078084566,-0.3386105,0.9377607823074393,0.9997150801664177,False
FRRS1L,-0.07910824,-0.1065766,0.9369465309997399,0.9997150801664177,False
DACH2,-0.08017952,-0.13568518,0.9360944781597416,0.9997150801664177,False
IQCA1,-0.08184596,-0.38393638,0.9347692084525914,0.9997150801664177,False
FABP12,-0.08189357,-0.08888029,0.9347313462422371,0.9997150801664177,False
FAM133DP,-0.08248873,-0.3665009,0.9342580810967117,0.9997150801664177,False
CAMK1G,-0.08248873,-0.59556973,0.9342580810967117,0.9997150801664177,False
SLC16A2,-0.082631566,-0.66628486,0.9341445009126959,0.9997150801664177,False
LNP1,-0.08267918,-0.76992345,0.9341066411491473,0.9997150801664177,False
COL4A1,-0.08272679,-0.751149,0.934068781534636,0.9997150801664177,False
LINC01937,-0.08272679,-0.7740946,0.934068781534636,0.9997150801664177,False
NXPH2,-0.0827744,-0.749863,0.9340309220692471,0.9997150801664177,False
RRP9,-0.08291724,-0.9447377,0.9339173445686672,0.9997150801664177,False
LINC02694,-0.08301247,-1.0800604,0.9338416269821219,0.9997150801664177,False
ENSG00000275807,-0.083107695,-1.3339431,0.9337659099941118,0.9997150801664177,False
RNF32-DT,-0.083107695,-1.0399698,0.9337659099941118,0.9997150801664177,False
TMEM151A,-0.08325053,-1.0341016,0.9336523356358419,0.9997150801664177,False
CFAP61,-0.083274335,-0.13075562,0.9336334067073706,0.9997150801664177,False
ATP2B1-AS1,-0.08484555,0.13613032,0.9323841809077575,0.9997150801664177,False
SYCP2L,-0.085107416,-0.5328318,0.9321759927149547,0.9997150801664177,False
MED18,-0.085512124,-0.19697526,0.931854256457437,0.9997150801664177,False
METTL21EP,-0.085750185,-0.40633723,0.9316650050331283,0.9997150801664177,False
TUBBP5,-0.08584541,-0.46871108,0.9315893055445394,0.9997150801664177,False
STAC2,-0.086226314,-0.7582498,0.9312865137851302,0.9997150801664177,False
POLR2J3,-0.08632154,-0.62529486,0.9312108173974212,0.9997150801664177,False
SLC22A4,-0.08636915,-0.99818826,0.9311729694368565,0.9997150801664177,False
NTRK2,-0.08648818,-0.12332588,0.9310783502165568,0.9997150801664177,False
SLC22A25,-0.08679766,-1.1024735,0.9308323448057998,0.9997150801664177,False
CPT1C,-0.08689289,-0.89004767,0.930756652161629,0.9997150801664177,False
DDX24,-0.087178566,-0.09177314,0.930529577989685,0.9997150801664177,False
CA10,-0.088654555,-0.33232415,0.9293564519312969,0.9997150801664177,False
SCN2A,-0.08879739,-0.069123186,0.929242931708605,0.9997150801664177,False
LINC01934,-0.08886881,-0.22713688,0.9291861721370542,0.9997150801664177,False
EIF2B4,-0.088940226,0.06899109,0.9291294129257499,0.9997150801664177,False
SLC44A3-AS1,-0.08896404,-0.21496083,0.929110493268753,0.9997150801664177,False
PCSK2,-0.08932113,-0.20793854,0.9288267032281468,0.9997150801664177,False
ENSG00000285638,-0.08960681,-0.18057016,0.9285996777111161,0.9997150801664177,False
TMEM266,-0.08960681,-0.5035389,0.9285996777111161,0.9997150801664177,False
CD1D,-0.09010673,-0.9624537,0.928202397051112,0.9997150801664177,False
SHROOM2,-0.090297185,-0.8616518,0.9280510567397648,0.9997150801664177,False
TCEAL7,-0.0903448,-0.89132565,0.9280132220683708,0.9997150801664177,False
PAK5,-0.09079712,-0.18629143,0.927653800819165,0.9997150801664177,False
ENSG00000286685,-0.09174937,-0.049030486,0.9268971728416808,0.9997150801664177,False
KSR2,-0.091892205,-0.048002634,0.9267836843297736,0.9997150801664177,False
SNHG32,-0.092654005,-0.4789552,0.926178437480003,0.9997150801664177,False
CACNG7,-0.09270162,-0.41363528,0.9261406109666889,0.9997150801664177,False
ENSG00000260296,-0.09293968,-0.5010732,0.9259514809061704,0.9997150801664177,False
PET100,-0.09303491,-0.52382565,0.9258758300530407,0.9997150801664177,False
MIR137HG,-0.09351103,-0.53842074,0.9254975858541032,0.9997150801664177,False
MTFR1L,-0.09379671,-0.82685393,0.9252706474125891,0.9997150801664177,False
MPDZ,-0.09398716,-0.024053834,0.9251193584953491,0.9997150801664177,False
RAB27B,-0.09446328,-0.828261,0.9247411480617671,0.9997150801664177,False
CAMK4,-0.095082246,0.027325017,0.9242494999409868,0.9997150801664177,False
TSPYL2,-0.09555837,-0.14452195,0.9238713287577709,0.9997150801664177,False
ENSG00000286072,-0.095772624,-0.3459961,0.9237011573335548,0.9997150801664177,False
GRIK2,-0.09624875,-0.04455631,0.9233230111261037,0.9997150801664177,False
ENSG00000253452,-0.09653443,-0.4703045,0.9230961317139792,0.9997150801664177,False
CNTN3,-0.09822468,-0.23366393,0.9217538904969251,0.9997150801664177,False
ASXL3,-0.0990817,-0.22587787,0.9210734023813235,0.9997150801664177,False
RXFP1,-0.09993873,-0.43405607,0.9203929720472999,0.9997150801664177,False
NCALD,-0.100272015,-0.05277366,0.9201283759617432,0.9997150801664177,False
CIAO2B,-0.1013433,-0.54534656,0.9192779485792445,0.9997150801664177,False
MAGEF1,-0.101986066,-0.37835127,0.9187677364032368,0.9997150801664177,False
PLEKHA7,-0.102033675,-0.3929939,0.9187299442366204,0.9997150801664177,False
CTNNAL1,-0.10377154,-0.38670406,0.9173506564908303,0.9997150801664177,False
F2RL1,-0.1040334,-0.28362465,0.9171428400729577,0.9997150801664177,False
ATF4,-0.1040334,-0.009511338,0.9171428400729577,0.9997150801664177,False
CXCL14,-0.1040334,-0.22415821,0.9171428400729577,0.9997150801664177,False
SLITRK2,-0.10436669,-0.7804759,0.9168783546401704,0.9997150801664177,False
NRAS,-0.104461916,-2.5158728e-05,0.9168027890621371,0.9997150801664177,False
GFAP,-0.10455714,-0.8613957,0.9167272242357807,0.9997150801664177,False
ENSG00000285557,-0.10460475,-0.9705244,0.9166894421046929,0.9997150801664177,False
CRYZL1,-0.10460475,-1.0021038,0.9166894421046929,0.9997150801664177,False
FAM124A,-0.10474759,-1.0719006,0.9165760968408092,0.9997150801664177,False
PPP1R1B,-0.10474759,-1.0702529,0.9165760968408092,0.9997150801664177,False
BCAP29,-0.10474759,-1.1081034,0.9165760968408092,0.9997150801664177,False
EFEMP1,-0.1047952,-1.295872,0.9165383154629233,0.9997150801664177,False
DNAJC28,-0.10484282,-1.1842005,0.9165005342735497,0.9997150801664177,False
SNRNP25,-0.10567604,-0.85381025,0.9158393940640469,0.9997150801664177,False
SLITRK5,-0.10679493,-0.41045806,0.9149516688634556,0.9997150801664177,False
PCGF1,-0.10722344,-0.13551879,0.9146117170296159,0.9997150801664177,False
ENSG00000261261,-0.10755673,-0.4904156,0.9143473208430958,0.9997150801664177,False
COL11A1,-0.10755673,-0.3978278,0.9143473208430958,0.9997150801664177,False
LINC00326,-0.10760435,-0.5801216,0.9143095507323226,0.9997150801664177,False
LINC00621,-0.10774718,-0.47640163,0.9141962415613876,0.9997150801664177,False
CREG2,-0.10789002,-0.011592778,0.9140829341343073,0.9997150801664177,False
EMCN,-0.10827092,-0.9868657,0.9137807895383135,0.9997150801664177,False
ENSG00000261313,-0.10846137,-0.91278285,0.9136297219102276,0.9997150801664177,False
ST3GAL3,-0.10869943,-1.2707114,0.9134408917639495,0.9997150801664177,False
LRRIQ4,-0.109056525,-0.23812024,0.9131576557097387,0.9997150801664177,False
CCDC144BP,-0.10950885,-0.14246678,0.9127989058797615,0.9997150801664177,False
LRRC4C,-0.10979452,-0.034538683,0.912572336190662,0.9997150801664177,False
LINC02613,-0.110889606,-0.41057652,0.9117038850416166,0.9997150801664177,False
LINC02988,-0.11108006,-0.5553588,0.9115528607948427,0.9997150801664177,False
H2AZ1-DT,-0.1112229,-0.673004,0.9114395947061305,0.9997150801664177,False
SLC24A3,-0.11127051,-0.6168923,0.9114018397429855,0.9997150801664177,False
ENSG00000288643,-0.11127051,-0.694337,0.9114018397429855,0.9997150801664177,False
PDE7B,-0.111413345,-0.58856934,0.9112885760540113,0.9997150801664177,False
MAL,-0.1119847,-0.9852983,0.9108355393455952,0.9997150801664177,False
TNR,-0.11319882,0.024197904,0.909872932762933,0.9997150801664177,False
GABRB2,-0.1142701,-0.09332079,0.9090236838269455,0.9997150801664177,False
ENSG00000235837,-0.11441294,-0.42079175,0.908910458468855,0.9997150801664177,False
COPS6,-0.11453197,-0.20816939,0.9088161054171577,0.9997150801664177,False
ENSG00000254444,-0.115127124,-0.64269125,0.9083443594795036,0.9997150801664177,False
NALF1,-0.11724588,-0.10796757,0.9066652074369228,0.9997150801664177,False
ENSG00000229588,-0.11760298,-0.2927034,0.9063822451512658,0.9997150801664177,False
ENSG00000227088,-0.11774582,0.20199461,0.9062690635622066,0.9997150801664177,False
ENSG00000258881,-0.118317164,-0.5789994,0.9058163562640629,0.9997150801664177,False
LINC01122,-0.11834097,-0.40183425,0.9057974941230745,0.9997150801664177,False
TARID,-0.11876948,-0.4154546,0.905457984682339,0.9997150801664177,False
ENSG00000286540,-0.11912658,-0.698702,0.9051750733447453,0.9997150801664177,False
PHC1,-0.119745545,-0.070295066,0.904684722222188,0.9997150801664177,False
UPF3B,-0.12019786,0.042563166,0.9043264116819278,0.9997150801664177,False
GABRA2,-0.12053115,-0.043752607,0.9040624058501063,0.9997150801664177,False
ENSG00000287722,-0.12065018,-0.24237758,0.9039681206216916,0.9997150801664177,False
ZRANB2-DT,-0.12088824,-0.2614909,0.9037795542282835,0.9997150801664177,False
CNNM1,-0.12098347,-0.3666152,0.9037041291897985,0.9997150801664177,False
ENSG00000286883,-0.12112631,-0.49572012,0.9035909932615463,0.9997150801664177,False
ENSG00000232035,-0.12131675,-0.40538123,0.9034401484024358,0.9997150801664177,False
SORBS2,-0.12179288,-0.17091511,0.903063051514199,0.9997150801664177,False
CACNG3,-0.12207856,-0.5340628,0.9028368038718922,0.9997150801664177,False
NYAP2,-0.12307842,-0.14425041,0.9020449993785643,0.9997150801664177,False
CHL1,-0.12341171,-0.099036925,0.9017810861611217,0.9997150801664177,False
TMEFF2,-0.12431635,-0.32360533,0.9010648050861821,0.9997150801664177,False
EDF1,-0.12581614,-0.26321018,0.8998774642115583,0.9997150801664177,False
ENSG00000251205,-0.12619704,-0.7428707,0.8995759528916123,0.9997150801664177,False
HYDIN,-0.12619704,-1.0638247,0.8995759528916123,0.9997150801664177,False
ENSG00000262213,-0.12629227,-0.94129455,0.8995005773244515,0.9997150801664177,False
INSC,-0.12633988,-0.97775817,0.8994628898807575,0.9997150801664177,False
FBXO27,-0.12638749,-0.8956009,0.8994252026637665,0.9997150801664177,False
ENSG00000287578,-0.12638749,-1.0165471,0.8994252026637665,0.9997150801664177,False
MRPS9-AS2,-0.12648271,-1.2383119,0.8993498289102295,0.9997150801664177,False
CDH6,-0.12653033,-1.4195744,0.8993121423738517,0.9997150801664177,False
NETO1-DT,-0.12657794,-1.2810781,0.8992744560645132,0.9997150801664177,False
ENSG00000266947,-0.12672079,-1.9757644,0.8991613984995737,0.9997150801664177,False
ARHGEF28,-0.1267684,-1.685767,0.8991237130992328,0.9997150801664177,False
FXYD7,-0.12693503,-0.7581882,0.898991815989835,0.9997150801664177,False
CRB1,-0.12698264,-0.22474168,0.898954131613724,0.9997150801664177,False
EFCAB6,-0.12729213,-0.032360677,0.8987091887263043,0.9997150801664177,False
F5,-0.12936327,-0.5448741,0.8970702050513177,0.9997150801664177,False
YES1,-0.12950611,-0.66408306,0.8969571878000135,0.9997150801664177,False
OLFM1,-0.1298632,-0.22373737,0.8966746538231432,0.9997150801664177,False
DPY19L2P1,-0.12993462,-0.9022113,0.8966181485988459,0.9997150801664177,False
ENSG00000250137,-0.13007747,-1.0765146,0.896505139723595,0.9997150801664177,False
CEACAM16-AS1,-0.13022031,-1.4358103,0.8963921329480244,0.9997150801664177,False
TAFA1,-0.13026792,0.01038264,0.8963544644898217,0.9997150801664177,False
ENSG00000259986,-0.13050598,-1.6130223,0.896166125704991,0.9997150801664177,False
C12orf57,-0.13286279,-0.5587376,0.8943018891228318,0.9997150801664177,False
LINC01478,-0.13312466,-0.46123454,0.8940947875674301,0.9997150801664177,False
ELAVL3,-0.1332437,-0.07125733,0.8940006528826279,0.9997150801664177,False
DTX4,-0.13333893,-0.8549813,0.8939253462096695,0.9997150801664177,False
BEND6,-0.13341033,-0.1899541,0.8938688668324062,0.9997150801664177,False
GOLGA8B,-0.13345796,-0.6033834,0.8938312142131762,0.9997150801664177,False
ZNF415,-0.13352938,-0.8611291,0.8937747357329592,0.9997150801664177,False
SPHKAP,-0.13367221,-1.0032802,0.893661780388623,0.9997150801664177,False
GPC3,-0.13405311,-1.4713352,0.8933605766869924,0.9997150801664177,False
CAVIN1,-0.13417214,-0.6224503,0.8932664536821806,0.9997150801664177,False
CCDC163,-0.1343864,-1.644652,0.8930970360624568,0.9997150801664177,False
NALCN,-0.13481492,-0.1320769,0.8927582154646366,0.9997150801664177,False
CHCHD1,-0.13502917,-0.31401977,0.892588812501812,0.9997150801664177,False
GRIA1,-0.13536246,-0.21275678,0.8923253065259756,0.9997150801664177,False
GRM5P1,-0.13541007,-0.39525223,0.8922876637848973,0.9997150801664177,False
EBF4,-0.13579097,-0.44722435,0.8919865306001521,0.9997150801664177,False
ZBTB7A,-0.13595761,-0.013965037,0.8918547897269228,0.9997150801664177,False
PLEKHG3,-0.13612425,-0.38223436,0.8917230518384477,0.9997150801664177,False
CABLES2,-0.13612425,-0.4674107,0.8917230518384477,0.9997150801664177,False
PTPRZ1,-0.13612425,-0.4394998,0.8917230518384477,0.9997150801664177,False
KCNS3,-0.13636231,-0.5678144,0.8915348600396649,0.9997150801664177,False
DIXDC1,-0.13702889,-0.24021496,0.8910079555370553,0.9997150801664177,False
B9D1,-0.13717173,-0.9601975,0.8908950536827283,0.9997150801664177,False
CSMD2,-0.13731457,-0.3744472,0.8907821540404978,0.9997150801664177,False
LINC02223,-0.13764785,-1.0410997,0.8905187301572525,0.9997150801664177,False
WWC1,-0.1389572,-0.09649161,0.8894839678801545,0.9997150801664177,False
MNS1,-0.14317091,-0.47628543,0.8861552011987408,0.9997150801664177,False
NETO1,-0.14331375,-0.4638529,0.8860423965037159,0.9997150801664177,False
CFAP77,-0.14336136,-0.5786403,0.8860047954517419,0.9997150801664177,False
PTPN21,-0.14369465,-0.64556015,0.8857415952789774,0.9997150801664177,False
PTPRR,-0.1438851,-0.42018452,0.8855912008377139,0.9997150801664177,False
ENSG00000234261,-0.144266,-0.24080804,0.8852904243241095,0.9997150801664177,False
FAM171A1,-0.1465514,0.0016553932,0.8834861138152468,0.9997150801664177,False
AIF1,-0.14683709,-0.1323362,0.8832606172963742,0.9997150801664177,False
BCAS1,-0.14714655,-0.4989255,0.8830163400755611,0.9997150801664177,False
KCNQ5,-0.14719418,0.022293612,0.882978759951424,0.9997150801664177,False
CHRM3,-0.14762269,-0.21035065,0.8826405506959065,0.9997150801664177,False
WNK2,-0.14893202,-0.28071442,0.8816072663400926,0.9997150801664177,False
LINC00844,-0.15145549,-0.9345009,0.8796164154152715,0.9997150801664177,False
PRP4K,-0.1514793,-0.026958676,0.8795976374055646,0.9997150801664177,False
ADGRA2,-0.1515031,-0.91499865,0.8795788594635741,0.9997150801664177,False
GLT8D2,-0.15164594,-1.1041212,0.8794661932342562,0.9997150801664177,False
SLC39A1,-0.15169355,-1.1458584,0.8794286383666857,0.9997150801664177,False
KCNB1,-0.15207446,-1.5076041,0.8791282091977349,0.9997150801664177,False
RASL11A,-0.15216969,-1.5971404,0.8790531046228839,0.9997150801664177,False
SEPHS2,-0.15347902,-0.43178418,0.8780205273642763,0.9997150801664177,False
XKR4,-0.15359806,-0.20890383,0.8779266669668323,0.9997150801664177,False
MIR3681HG,-0.15407419,0.009939157,0.877551242550366,0.9997150801664177,False
KCNK1,-0.15443128,-0.5108474,0.8772696923063433,0.9997150801664177,False
SMOC1,-0.15455031,-0.68968606,0.8771758456735119,0.9997150801664177,False
LINC01854,-0.15474077,-0.7504276,0.877025694652471,0.9997150801664177,False
ENSG00000274642,-0.15493122,-0.79723114,0.8768755480563761,0.9997150801664177,False
ANXA3,-0.15512165,-1.0305648,0.8767254058905426,0.9997150801664177,False
ANO5,-0.1553121,-0.0720173,0.8765752681602855,0.9997150801664177,False
FAM229B,-0.1556454,-1.0895729,0.876312537821426,0.9997150801664177,False
CSPP1,-0.15735945,-0.051940966,0.8749615691205626,0.9997150801664177,False
SH2D4B,-0.15807363,-0.6292974,0.8743987728031377,0.9997150801664177,False
LINC02608,-0.15840693,-0.7946298,0.8741361562470218,0.9997150801664177,False
ADGRL4,-0.15893066,-0.96139854,0.8737235011103035,0.9997150801664177,False
TLE1-DT,-0.16102561,-0.47448698,0.8720732251381008,0.9997150801664177,False
KLF11,-0.16135891,-0.5652662,0.8718107323709522,0.9997150801664177,False
RERG,-0.16154936,-0.6252302,0.8716607428400773,0.9997150801664177,False
TRIM69,-0.16183503,-0.74890316,0.8714357671979309,0.9997150801664177,False
LNC-LBCS,-0.16221593,-0.23496556,0.8711358158573251,0.9997150801664177,False
SHISA6,-0.16304915,-0.01584392,0.8704797369698178,0.9997150801664177,False
CHD5,-0.16316818,-0.45033446,0.8703860186797123,0.9997150801664177,False
INTS4P1,-0.16369192,-0.2885316,0.8699736798445195,0.9997150801664177,False
PLCB1,-0.16428708,0.04642945,0.869505155900531,0.9997150801664177,False
ADCY8,-0.16573925,-0.7756977,0.8683621500511963,0.9997150801664177,False
NLRC3,-0.16573925,-0.6762228,0.8683621500511963,0.9997150801664177,False
LANCL2,-0.16602494,0.0670374,0.8681373287461498,0.9997150801664177,False
ZNF528,-0.16602494,0.07403052,0.8681373287461498,0.9997150801664177,False
ARHGAP44,-0.16633442,-0.2979246,0.8678937843656329,0.9997150801664177,False
HTR1F,-0.16642964,-0.31835338,0.8678188501542927,0.9997150801664177,False
TCEAL6,-0.16683434,-0.1538836,0.8675003930128939,0.9997150801664177,False
MOBP,-0.16712002,-0.30136377,0.8672756126789605,0.9997150801664177,False
ZNF704,-0.16735809,-0.16639839,0.8670883039307177,0.9997150801664177,False
SLCO1A2,-0.17230979,-0.54305536,0.8631939893069522,0.9997150801664177,False
PLA2G10CP,-0.17359532,-1.3429229,0.8621835046417171,0.9997150801664177,False
VGF,-0.17364293,-1.3555756,0.8621460836039321,0.9997150801664177,False
OCIAD2,-0.17373817,-1.4759556,0.8620712424565847,0.9997150801664177,False
GALNT13,-0.1753808,-0.38891643,0.8607804281229903,0.9997150801664177,False
PALB2,-0.1757855,-0.56621677,0.8604624583606761,0.9997150801664177,False
SEMA6D,-0.17602357,-0.21238023,0.8602754278872482,0.9997150801664177,False
TUBB2A,-0.17647588,-0.44842908,0.8599200915879349,0.9997150801664177,False
DALRD3,-0.17657112,-0.63094187,0.8598452875577378,0.9997150801664177,False
PDZD11,-0.17680918,-0.91964734,0.8596582829863137,0.9997150801664177,False
SPATC1L,-0.17685679,-1.0531803,0.8596208830162407,0.9997150801664177,False
MCHR2,-0.17747575,-1.4052712,0.859134712093715,0.9997150801664177,False
TMEM132B,-0.17773762,-0.07477374,0.8589290404615981,0.9997150801664177,False
ENSG00000250697,-0.17785665,-1.7740065,0.8588355565197494,0.9997150801664177,False
STEAP2-AS1,-0.17968974,-0.61064374,0.8573961545110705,0.9997150801664177,False
PPP1R9A,-0.18159424,-0.20772888,0.8559011740733888,0.9997150801664177,False
ENSG00000226994,-0.18166566,-0.120254956,0.8558451223304357,0.9997150801664177,False
KCNJ3,-0.18202275,-0.08573474,0.855564874529648,0.9997150801664177,False
ENSG00000232451,-0.18316545,-0.49658638,0.8546682041442006,0.9997150801664177,False
CCDC122,-0.18361777,-0.71876985,0.854313323895406,0.9997150801664177,False
DNTTIP2,-0.18364157,-0.16404176,0.8542946468033861,0.9997150801664177,False
EPHA3,-0.18366538,-0.8936026,0.8542759697930187,0.9997150801664177,False
LIN28B,-0.18371299,-0.82825154,0.8542386160172831,0.9997150801664177,False
ENSG00000286721,-0.18433195,-1.0293988,0.853753046695262,0.9997150801664177,False
ROBO2,-0.1856413,-0.0013155796,0.8527260635838692,0.9997150801664177,False
ENSG00000226197,-0.18590316,-0.23318641,0.8525206968588237,0.9997150801664177,False
SLC4A4,-0.1864031,-0.4619212,0.8521286608840348,0.9997150801664177,False
IGFBP7,-0.18721251,-0.764168,0.851494013467601,0.9997150801664177,False
SNORD3A,-0.18773626,-0.92424494,0.8510834104740024,0.9997150801664177,False
NCAM2,-0.18973598,-0.08288996,0.8495160258688079,0.9997150801664177,False
LARP7,-0.18985501,-0.102714516,0.8494227478556907,0.9997150801664177,False
CUX2,-0.19045016,-0.5113079,0.84895638943465,0.9997150801664177,False
LINC02296,-0.19052158,-0.5850271,0.8489004299730221,0.9997150801664177,False
CARNS1,-0.19109294,-0.7577777,0.8484527817144176,0.9997150801664177,False
RIT2,-0.19199757,-0.9744963,0.8477441053110393,0.9997150801664177,False
LMBR1L,-0.19233087,-0.25204968,0.8474830450001306,0.9997150801664177,False
FAM216A,-0.19275938,-0.16059314,0.8471474206213526,0.9997150801664177,False
SYBU,-0.19335453,-0.2615138,0.8466813216519973,0.9997150801664177,False
EXOSC4,-0.1954971,-1.8180714,0.845003810590516,0.9997150801664177,False
ENSG00000285784,-0.1954971,-1.8049334,0.845003810590516,0.9997150801664177,False
NOTCH4,-0.1955447,-1.8318801,0.8449665405185673,0.9997150801664177,False
ZNF556,-0.19559231,-1.7856497,0.8449292707936157,0.9997150801664177,False
ZNF568,-0.19583039,-0.20760128,0.8447429273766552,0.9997150801664177,False
ZMIZ2,-0.19711593,-0.22267391,0.8437368232956816,0.9997150801664177,False
RTF1,-0.19849668,-0.05685915,0.8426564769681935,0.9997150801664177,False
COL13A1,-0.19887759,-1.3945053,0.8423585024115497,0.9997150801664177,False
LINC01090,-0.19902043,-1.3084134,0.8422467677697866,0.9997150801664177,False
NACAD,-0.19978222,-1.9969269,0.8416509033780153,0.9997150801664177,False
CCDC144A,-0.19982983,-2.4327579,0.8416136648609517,0.9997150801664177,False
TPRN,-0.20097254,-0.626461,0.8407200469280101,0.9997150801664177,False
ZC3H12B,-0.20168673,-0.7273884,0.84016163985053,0.9997150801664177,False
C2orf80,-0.20330556,-1.4910423,0.8388962153324516,0.9997150801664177,False
KCNT2,-0.20416258,-0.17026989,0.8382264530819221,0.9997150801664177,False
PKN2-AS1,-0.2046387,-0.26148415,0.8378544135458016,0.9997150801664177,False
ENSG00000288016,-0.20525767,-0.90947217,0.8373708163508133,0.9997150801664177,False
MAP1LC3B2,-0.20530528,-0.78369004,0.8373336191089927,0.9997150801664177,False
MAP9,-0.20540051,-0.83494675,0.8372592257162479,0.9997150801664177,False
MOK,-0.20559095,-0.9201557,0.8371104432966053,0.9997150801664177,False
LENG9,-0.20982847,-1.083059,0.833801550707877,0.9997150801664177,False
DYNC1I1,-0.21016176,-0.1969942,0.8335414247346379,0.9997150801664177,False
ARL6IP4,-0.21101879,-0.5848676,0.8328726131032603,0.9997150801664177,False
CLSTN2,-0.21116163,-0.25856656,0.8327611562436705,0.9997150801664177,False
POF1B,-0.21154252,-0.61056775,0.8324639543922678,0.9997150801664177,False
ZNF98,-0.2122091,-0.75439155,0.8319439087984855,0.9997150801664177,False
CCDC171,-0.21254238,-0.31507966,0.8316839135716849,0.9997150801664177,False
MPPED2,-0.21378031,-1.0457128,0.8307183784746318,0.9997150801664177,False
PTPRN2,-0.21397077,-0.12731424,0.8305698572547819,0.9997150801664177,False
HAMP,-0.21435167,-0.14112857,0.8302728329769131,0.9997150801664177,False
NAALADL2,-0.21473256,-0.056797273,0.8299758329490823,0.9997150801664177,False
GPR158,-0.21597049,-0.2824952,0.8290107508322022,0.9997150801664177,False
PGGHG,-0.2160181,-0.06302602,0.8289736374322988,0.9997150801664177,False
PUS7L,-0.21625617,-0.30211064,0.8287880761601214,0.9997150801664177,False
PLXDC1,-0.21787499,-0.3813791,0.8275265133665184,0.9997150801664177,False
TUSC3,-0.2183035,-0.56843597,0.8271926446117811,0.9997150801664177,False
ATP8A2,-0.21873201,-0.18290079,0.826858807087623,0.9997150801664177,False
FBXL2,-0.21882725,-0.5909441,0.8267846252182056,0.9997150801664177,False
LINC02444,-0.2205651,-1.4198933,0.8254310782728792,0.9997150801664177,False
TRPC7,-0.2205651,-1.5384425,0.8254310782728792,0.9997150801664177,False
VRK2,-0.22149354,-0.07084617,0.8247081627979028,0.9997150801664177,False
ARNT2,-0.22344565,-0.4782379,0.8231886722226986,0.9997150801664177,False
DNAH8,-0.2235885,-0.9778873,0.8230775159357335,0.9997150801664177,False
HYDIN2,-0.22520733,-0.48362374,0.8218179933022675,0.9997150801664177,False
ATP6AP2,-0.22530255,-0.15167634,0.8217439180022916,0.9997150801664177,False
MIR219A2HG,-0.22751653,-1.0961547,0.8200221166237492,0.9997150801664177,False
ADAM23,-0.22808789,-0.23056905,0.8195779212173523,0.9997150801664177,False
ENSG00000261848,-0.22861162,-1.551829,0.8191707929400223,0.9997150801664177,False
LINC00609,-0.22949246,-0.5134691,0.8184861871799882,0.9997150801664177,False
RSRC2,-0.23025425,-0.04910979,0.8178942072831841,0.9997150801664177,False
LINC01483,-0.23058754,-0.85976607,0.8176352487084456,0.9997150801664177,False
EPIC1,-0.2312065,-0.27874455,0.8171543784595516,0.9997150801664177,False
TNFAIP2,-0.23144457,-0.07843943,0.816969446676912,0.9997150801664177,False
PPP1R15A,-0.23168263,-0.5637105,0.816784525083422,0.9997150801664177,False
GABRG3,-0.23177785,-0.45080727,0.8167105593012098,0.9997150801664177,False
RNF220,-0.23303959,-0.1693571,0.8157306670483457,0.9997150801664177,False
GATC,-0.23399183,-0.80096316,0.8149913163991087,0.9997150801664177,False
DUSP7,-0.23482506,-0.6947784,0.8143445196836662,0.9997150801664177,False
NDUFB6,-0.2361344,-1.2313156,0.8133283806715605,0.9997150801664177,False
OBI1-AS1,-0.23677717,-0.63746345,0.8128296636440804,0.9997150801664177,False
ENSG00000254303,-0.23796748,-0.8351885,0.8119063141489393,0.9997150801664177,False
DOCK9,-0.23877689,-0.5885887,0.8112785857899487,0.9997150801664177,False
RASGRF2,-0.24044333,-0.5172377,0.8099865862810347,0.9997150801664177,False
GHRL,-0.24244307,-1.6739136,0.8084368703731111,0.9997150801664177,False
FAM153CP,-0.24282396,-2.1581786,0.8081417713767336,0.9997150801664177,False
HYPK,-0.2433477,-2.7913196,0.8077360548292125,0.9997150801664177,False
FUT9,-0.24368098,-0.39219302,0.8074778984861126,0.9997150801664177,False
SH2D4A,-0.24389525,0.0112315295,0.8073119519063743,0.9997150801664177,False
UPB1,-0.246014,-1.6662107,0.8056713926295289,0.9997150801664177,False
TMEM237,-0.24653774,-1.9940388,0.8052659926371575,0.9997150801664177,False
LINC00871,-0.24746619,-0.58679634,0.8045474577192926,0.9997150801664177,False
MEIS2,-0.2493707,-0.26521537,0.803074057168244,0.9997150801664177,False
EDIL3-DT,-0.24939449,-1.2531188,0.8030556440780192,0.9997150801664177,False
SPEF2,-0.2494183,-0.7820733,0.8030372310971153,0.9997150801664177,False
NAXE,-0.24948972,-1.2614309,0.8029819928104277,0.9997150801664177,False
USP47,-0.24960876,-0.05251106,0.8028899311866151,0.9997150801664177,False
MMP16,-0.25179893,-0.31133386,0.8011964867573358,0.9997150801664177,False
PPFIBP1,-0.25196558,-0.21168473,0.801067675850629,0.9997150801664177,False
BLVRA,-0.2521084,-0.9017579,0.8009572708065938,0.9997150801664177,False
ZNF732,-0.25294164,-0.4083832,0.8003133206882188,0.9997150801664177,False
KIF3A,-0.25313208,-0.4368979,0.8001661511282915,0.9997150801664177,False
TAFA4,-0.25763145,-1.4802912,0.7966913449607541,0.9997150801664177,False
TOX2,-0.25948834,-0.8498385,0.7952584677249231,0.9997150801664177,False
PAPPA2,-0.26448768,-0.48458764,0.7914041650657957,0.9997150801664177,False
ENSG00000283162,-0.26489237,-2.6716552,0.7910923717219633,0.9997150801664177,False
ST8SIA3,-0.2649876,-2.9291492,0.791019013437889,0.9997150801664177,False
KCNIP4,-0.2657494,-0.045179747,0.7904322138554152,0.9997150801664177,False
CSMD3,-0.26720157,-0.12183074,0.7893139564511977,0.9997150801664177,False
ENSG00000287001,-0.2672492,-0.86860853,0.7892772996071736,0.9997150801664177,False
SEC22A,-0.26734442,-0.10266045,0.789203987318504,0.9997150801664177,False
UBC,-0.26739204,-0.22624822,0.789167331874013,0.9997150801664177,False
FAM169A,-0.26743963,-0.38284823,0.7891306768961873,0.9997150801664177,False
CCDC168,-0.26796338,-1.7146521,0.7887275029620814,0.9997150801664177,False
LAMP5,-0.26834428,-2.1062331,0.7884343210865108,0.9997150801664177,False
LINC01709,-0.26848713,-2.3725364,0.7883243856064805,0.9997150801664177,False
ENSG00000269069,-0.26853475,-2.4245484,0.7882877413832459,0.9997150801664177,False
PPIP5K1,-0.2687252,-0.05324406,0.7881411691762397,0.9997150801664177,False
RBPMS,-0.26996312,-0.76144063,0.7871886328925924,0.9997150801664177,False
OTOGL,-0.27117723,-1.4507354,0.7862547237627475,0.9997150801664177,False
LRFN5,-0.27146292,-0.13898137,0.7860350250694141,0.9997150801664177,False
SLC7A9,-0.2715105,-1.5421764,0.7859984102764541,0.9997150801664177,False
CAMK2A,-0.2721771,-1.8957846,0.7854858529093858,0.9997150801664177,False
INKA1,-0.27239135,-0.49471197,0.7853211220640354,0.9997150801664177,False
LTBP1,-0.27353406,-0.6694834,0.7844427200905364,0.9997150801664177,False
AK5,-0.27391496,-0.14785828,0.784149980384111,0.9997150801664177,False
ENSG00000260158,-0.27420062,-1.1201805,0.7839304456448047,0.9997150801664177,False
SLC8A3,-0.27553377,-1.4820404,0.7829061778316517,0.9997150801664177,False
HMGN5,-0.2760337,-0.4586868,0.7825221742935664,0.9997150801664177,False
MAP2,-0.27620035,-0.2405377,0.7823941848849517,0.9997150801664177,False
ANKRD55,-0.2771288,-0.79620814,0.781681208967069,0.9997150801664177,False
GALNT17,-0.28062832,-0.33759803,0.7789954915499104,0.9997150801664177,False
DNAH9,-0.28139013,-0.9500316,0.7784111939368249,0.9997150801664177,False
RIMS2,-0.2816758,-0.11354592,0.7781921146031919,0.9997150801664177,False
DLC1,-0.28269947,-0.15700899,0.7774072251994288,0.9997150801664177,False
MIR4300HG,-0.2827471,-0.32174367,0.7773707242368906,0.9997150801664177,False
CNTN5,-0.2831994,-0.041683566,0.7770239896113055,0.9997150801664177,False
PALMD,-0.28391358,-0.08550893,0.7764766043369767,0.9997150801664177,False
REEP2,-0.28603235,-1.0368522,0.7748533486780748,0.9997150801664177,False
STX5-DT,-0.28957948,-1.7141917,0.7721379681535868,0.9997150801664177,False
GCSAML,-0.29029366,-2.5757284,0.7715915833864812,0.9997150801664177,False
INTS11,-0.2931028,-0.22199246,0.7694435713308669,0.9997150801664177,False
ENSG00000271933,-0.29329327,-1.4919504,0.7692980072114982,0.9997150801664177,False
PCDH7,-0.29529297,-0.26787633,0.7677700757686868,0.9997150801664177,False
ENSG00000235292,-0.2957691,-1.1296136,0.7674064153049553,0.9997150801664177,False
PTPRF,-0.29605478,-1.1910969,0.7671882436018482,0.9997150801664177,False
CDH22,-0.29619762,-1.2530384,0.7670791646684816,0.9997150801664177,False
LINC01608,-0.29657853,-1.3886005,0.7667883100797511,0.9997150801664177,False
LINC02067,-0.2979355,-0.63547003,0.7657524078861029,0.9997150801664177,False
DYNLL1,-0.29976857,-0.31600353,0.764353696428731,0.9997150801664177,False
SCN3B,-0.30086365,-1.5558102,0.763518468927637,0.9997150801664177,False
PEBP4,-0.30186352,-0.6321817,0.7627561101733589,0.9997150801664177,False
PEX5L,-0.30210158,-0.2500166,0.7625746300677021,0.9997150801664177,False
GABRD,-0.30253008,-0.91305155,0.7622479987733786,0.9997150801664177,False
ANO4,-0.3025777,-0.4383805,0.762211709019994,0.9997150801664177,False
SNHG25,-0.3028634,-0.12330837,0.7619939814811929,0.9997150801664177,False
ENOX1,-0.30319667,-0.33838734,0.7617399898283876,0.9997150801664177,False
EPHA4,-0.30348235,-0.69043285,0.7615223031236884,0.9997150801664177,False
ZNF804B,-0.3040537,-0.7587695,0.7610869863465715,0.9997150801664177,False
NRG3,-0.30569634,-0.043388702,0.7598358722725433,0.9997150801664177,False
BACH2,-0.30648193,-0.3025236,0.7592377352057975,0.9997150801664177,False
KIF5C,-0.3068152,-0.3683942,0.7589840235709244,0.9997150801664177,False
NEGR1,-0.30705327,-0.097920835,0.7588028168563585,0.9997150801664177,False
ENSG00000287825,-0.30810076,-1.3303103,0.7580056647922552,0.9997150801664177,False
LINGO2,-0.3082198,-0.16245851,0.7579150955912889,0.9997150801664177,False
NLGN1,-0.30883875,-0.10170586,0.7574441893348034,0.9997150801664177,False
CDH13,-0.31081468,-0.20100673,0.7559415147736789,0.9997150801664177,False
ENSG00000287862,-0.31176692,-0.35459876,0.7552176633794352,0.9997150801664177,False
ENSG00000250771,-0.31574258,-0.028618637,0.7521979117253325,0.9997150801664177,False
HLA-DPB1,-0.3159092,-0.218853,0.7520714177316826,0.9997150801664177,False
ENSG00000223393,-0.3177661,-0.601077,0.7506623644568853,0.9997150801664177,False
DYSF,-0.318147,-0.6118959,0.7503734304803966,0.9997150801664177,False
SVOP,-0.321218,-1.0864844,0.7480451826171255,0.9997150801664177,False
LAMB1,-0.3230749,-1.8680046,0.7466385172379226,0.9997150801664177,False
DGKI,-0.3264792,-0.32876188,0.7440618249220472,0.9997150801664177,False
NELL2,-0.3275981,-0.29953638,0.7432155636938691,0.9997150801664177,False
MDGA2,-0.3276695,-0.27991143,0.743161557539532,0.9997150801664177,False
AGBL4,-0.3295502,-0.06153499,0.7417398510586714,0.9997150801664177,False
SUSD4,-0.3296216,-0.49162874,0.7416858795373074,0.9997150801664177,False
AFF3,-0.3299073,-0.26215404,0.7414700061596913,0.9997150801664177,False
PDZD2,-0.33302593,-0.13811277,0.7391147151258115,0.9997150801664177,False
CRACD,-0.33440667,-0.7901238,0.7380726941744233,0.9997150801664177,False
ADAMTSL2,-0.3348114,-0.21968055,0.7377673653196016,0.9997150801664177,False
MYH11,-0.33681113,-2.115189,0.7362592896500322,0.9997150801664177,False
SLC24A2,-0.33807287,-0.124901645,0.7353082878238215,0.9997150801664177,False
PTN,-0.34066772,-1.0740234,0.7333537301152275,0.9997150801664177,False
CSKMT,-0.3420485,-1.2369707,0.7323143934848781,0.9997150801664177,False
ATP1B2,-0.3420485,-1.2899821,0.7323143934848781,0.9997150801664177,False
ABCF1,-0.34407204,-0.089038044,0.7307921148275331,0.9997150801664177,False
FYN,-0.3446672,-0.6982831,0.7303445872003814,0.9997150801664177,False
LINC03051,-0.3458813,-0.37007576,0.729431915620885,0.9997150801664177,False
APLP1,-0.34719065,-0.36123538,0.7284480914389615,0.9997150801664177,False
A2MP1,-0.34804767,-1.6666394,0.7278043758194177,0.9997150801664177,False
PPP2R2C,-0.34866664,-0.5583841,0.7273395894668564,0.9997150801664177,False
ENSG00000286615,-0.3522852,-0.7841268,0.7246243890926334,0.9997150801664177,False
ENSG00000223727,-0.3523566,-0.27773818,0.7245708343180919,0.9997150801664177,False
AKAP12,-0.35490388,-0.4116372,0.7226615970675491,0.9997150801664177,False
CTNND2,-0.35521337,-0.12451018,0.7224297509848403,0.9997150801664177,False
NRG1,-0.3553324,-0.31952536,0.7223405861996934,0.9997150801664177,False
SEC14L5,-0.35728452,-0.9399853,0.7208788226070759,0.9997150801664177,False
CYFIP2,-0.35728452,-1.0099959,0.7208788226070759,0.9997150801664177,False
MARCKSL1,-0.35842723,-1.2903377,0.7200236287051907,0.9997150801664177,False
TMF1,-0.3614506,-0.49116528,0.7177626197798705,0.9997150801664177,False
TESPA1,-0.36333132,-0.8124167,0.7163574101178161,0.9997150801664177,False
CACNA1E,-0.36497393,-0.6988343,0.7151308602566588,0.9997150801664177,False
ENSG00000233928,-0.36733076,-0.8040822,0.7133723125978281,0.9997150801664177,False
GPC5,-0.3681878,-0.22833276,0.7127332175768428,0.9997150801664177,False
BEX2,-0.3689496,-0.9042201,0.7121653023727066,0.9997150801664177,False
ADAM11,-0.3709493,-2.0116131,0.7106752850383221,0.9997150801664177,False
DCC,-0.3712826,-0.34792182,0.710427056096162,0.9997150801664177,False
LINC00632,-0.3724729,-0.8310621,0.7095407750602736,0.9997150801664177,False
NFASC,-0.37323472,-0.9205498,0.708973761299019,0.9997150801664177,False
MYT1L,-0.37523445,-0.15197316,0.7074861178471066,0.9997150801664177,False
UNC5D,-0.37632954,-0.44229504,0.7066719284786052,0.9997150801664177,False
PIH1D1,-0.37690088,-0.276761,0.7062472671457107,0.9997150801664177,False
SNHG6,-0.37732938,-0.33676717,0.7059288311455854,0.9997150801664177,False
SYT14,-0.37837687,-0.7258242,0.7051506488766954,0.9997150801664177,False
MPIG6B,-0.3807575,-3.1838315,0.7033832007729617,0.9997150801664177,False
U2AF1L4,-0.38335237,-2.1050386,0.7014585066634174,0.9997150801664177,False
CCAR1,-0.3838047,-0.05558324,0.7011232050721905,0.9997150801664177,False
LINC02476,-0.38475695,-3.1031578,0.7004174973072623,0.9997150801664177,False
GUSBP5,-0.38789937,-0.5171744,0.6980904987979312,0.9997150801664177,False
ENSG00000228566,-0.38808984,-0.31026855,0.6979495594967318,0.9997150801664177,False
NEXMIF,-0.39051807,-0.26482764,0.6961534979837927,0.9997150801664177,False
GAP43,-0.39120844,-0.47411886,0.6956431634572868,0.9997150801664177,False
FN3K,-0.39142272,-1.9292905,0.6954848117886885,0.9997150801664177,False
GAD1,-0.3914703,-1.7834653,0.6954496243321828,0.9997150801664177,False
ENSG00000285939,-0.39194643,-0.6147213,0.6950977858499796,0.9997150801664177,False
LUZP2,-0.40299255,-0.7374627,0.6869537027262274,0.9997150801664177,False
NDUFA4,-0.4031592,-0.4070276,0.6868311142845116,0.9997150801664177,False
SRSF5,-0.40558743,-0.22084896,0.6850457613569084,0.9997150801664177,False
GABRB3,-0.40708724,-0.35889563,0.6839439207838627,0.9997150801664177,False
SCG3,-0.40799186,-0.568636,0.6832796435629938,0.9997150801664177,False
IFNG-AS1,-0.4092536,-2.1305044,0.6823535611189251,0.9997150801664177,False
SLTM,-0.4111343,-0.06880819,0.6809740618458942,0.9997150801664177,False
ENSG00000237400,-0.4126103,-1.1126664,0.6798921634053703,0.9997150801664177,False
MAP7,-0.4138244,-0.35897246,0.6790027083576976,0.9997150801664177,False
NRXN1,-0.41461003,-0.09425466,0.6784274166287538,0.9997150801664177,False
SYN2,-0.41577652,-0.47317004,0.6775735412967685,0.9997150801664177,False
CNKSR2,-0.41656214,-0.42205274,0.6769987156555293,0.9997150801664177,False
ARMCX3,-0.4194665,-0.3615765,0.6748752379556795,0.9997150801664177,False
RYR2,-0.42187092,-0.124941014,0.6731192324452745,0.9997150801664177,False
NOPCHAP1,-0.4263227,-0.61924106,0.6698727201419742,0.9997150801664177,False
ADAMTS3,-0.42737016,-1.3297963,0.6691097275429044,0.9997150801664177,False
PCAT1,-0.42803675,-0.13808458,0.6686243645527337,0.9997150801664177,False
SREK1,-0.42913184,-0.018516388,0.6678272831721964,0.9997150801664177,False
CCL4,-0.43036976,-1.8518859,0.6669266856415983,0.9997150801664177,False
NRCAM,-0.43760687,-0.33218396,0.6616712894420489,0.9997150801664177,False
SCD5,-0.43917808,-0.49570414,0.6605325031117747,0.9997150801664177,False
IGSF6,-0.4433918,-0.8575742,0.6574823696918083,0.9997150801664177,False
CADM2,-0.4434632,-0.107973345,0.6574307214586053,0.9997150801664177,False
LMCD1-AS1,-0.4472722,-0.45416158,0.6546785243924345,0.9997150801664177,False
EDIL3,-0.4521049,-0.41695547,0.6511934210359442,0.9997150801664177,False
MAGI2,-0.452462,0.0034737007,0.6509362020729292,0.9997150801664177,False
PLEKHH2,-0.45760414,-0.60311544,0.6472368696142936,0.9997150801664177,False
CHRNA7,-0.45953244,-1.7290596,0.6458518573578382,0.9997150801664177,False
SLIT2,-0.46793607,-0.40916118,0.6398303151060688,0.9997150801664177,False
COPG2,-0.4745542,-0.07504101,0.635104754961503,0.9997150801664177,False
ENSG00000287277,-0.47545883,-1.0529023,0.6344599626867837,0.9997150801664177,False
NEMF,-0.47874412,-0.107129164,0.6321206835386919,0.9997150801664177,False
FSTL5,-0.48902842,-0.8217765,0.6248215791639171,0.9997150801664177,False
CACNB2,-0.48988545,-0.17952652,0.624214965240826,0.9997150801664177,False
ARFGEF3,-0.49059963,-0.59629124,0.6237096481329227,0.9997150801664177,False
GLIDR,-0.49369445,-0.75572634,0.6215219887641443,0.9997150801664177,False
FAM171B,-0.50031257,-0.6511675,0.6168549914672281,0.9997150801664177,False
GRIN2A,-0.5036931,-0.33031663,0.6144770726108209,0.9997150801664177,False
PEA15,-0.507264,-0.44405857,0.6119695807051369,0.9997150801664177,False
HSPD1,-0.5081925,-0.3714184,0.6113183751724347,0.9997150801664177,False
GABRB1,-0.50966847,-0.5582589,0.6102837578639123,0.9997150801664177,False
TTLL7,-0.51459634,-0.4825381,0.6068351154706831,0.9997150801664177,False
SLC12A2,-0.51892906,-0.34089175,0.6038101893911374,0.9997150801664177,False
DNER,-0.5192624,-0.5362445,0.6035777836310968,0.9997150801664177,False
DDX55,-0.5307846,-0.35863817,0.5955680423632795,0.9997150801664177,False
KIF21A,-0.5325939,-0.39426675,0.5943147312905405,0.9997150801664177,False
PPP2R3A,-0.5353078,-0.37172136,0.5924370289493404,0.9997150801664177,False
KLHL29,-0.53921205,-1.4531313,0.5897405569251243,0.9997150801664177,False
OTUD7A,-0.5461159,-0.34947625,0.58498630271803,0.9997150801664177,False
DGKB,-0.54794896,-0.33686784,0.5837269655829429,0.9997150801664177,False
TSBP1-AS1,-0.5501629,-0.9521471,0.5822076339233113,0.9997150801664177,False
ENSG00000227579,-0.5531625,-0.29535568,0.5801521358975752,0.9997150801664177,False
SOX5,-0.56358963,-0.1707038,0.5730334277881965,0.9997150801664177,False
MLXIPL,-0.56501806,-0.07004224,0.5720614987800459,0.9997150801664177,False
ANKDD1A,-0.5667797,-0.11988192,0.5708638663428729,0.9997150801664177,False
CIAO3,-0.579397,-2.030779,0.5623213141506465,0.9997150801664177,False
NR4A1,-0.5846344,-1.4124569,0.5587935720197259,0.9997150801664177,False
CNTNAP2,-0.58777684,-0.08120178,0.5566820995905228,0.9997150801664177,False
CELF4,-0.5930618,-1.0190393,0.5531397808257744,0.9997150801664177,False
PHACTR3,-0.59394264,-1.3402313,0.5525504703814937,0.9997150801664177,False
ANTXR1,-0.5952996,-0.37648645,0.5516432170220857,0.9997150801664177,False
ENSG00000254092,-0.5983468,-1.1520047,0.54960854743908,0.9997150801664177,False
NPIPB5,-0.6027272,-1.4783334,0.546690206436202,0.9997150801664177,False
RNASET2,-0.60534585,-0.104247294,0.5449492188554579,0.9997150801664177,False
LINC01517,-0.6073456,-0.88450325,0.5436215939981308,0.9997150801664177,False
ENSG00000229618,-0.6090834,-0.45567936,0.5424691333941669,0.9997150801664177,False
TNF,-0.619582,-2.7238393,0.535533016690169,0.9997150801664177,False
SP140,-0.6301996,-0.14528997,0.5285639993772293,0.9997150801664177,False
TMEM220,-0.6339372,-0.4276464,0.5261218156133504,0.9997150801664177,False
NCKAP5,-0.6351513,-0.16067559,0.5253297374558927,0.9997150801664177,False
CPNE5,-0.6401268,-1.1121068,0.5220901556496662,0.9997150801664177,False
UNC13C,-0.6411981,-0.76039237,0.5213939842151867,0.9997150801664177,False
LINC01619,-0.6452452,-0.45116362,0.5187683213116658,0.9997150801664177,False
SNHG8,-0.6510539,-0.391186,0.5150116964948507,0.9997150801664177,False
CD96,-0.6519585,-2.04595,0.5144279226585072,0.9997150801664177,False
KCNMB4,-0.6562437,-0.41749278,0.511667359544071,0.9997150801664177,False
LINC02955,-0.66152865,-1.1678054,0.508273344381144,0.9997150801664177,False
PPP2R2B,-0.68769175,-0.2603511,0.4916469185368715,0.9997150801664177,False
SRSF11,-0.696143,-0.118083276,0.4863392969748277,0.9997150801664177,False
SLC4A10,-0.69638103,-0.5494151,0.4861902364578362,0.9997150801664177,False
PTPRK,-0.7000234,-0.48478043,0.48391269428383155,0.9997150801664177,False
RIMS1,-0.7044514,-0.64252526,0.4811517300239171,0.9997150801664177,False
DHX36,-0.70526075,-0.14965229,0.4806479664050556,0.9997150801664177,False
PALS2,-0.71399766,-1.0110725,0.4752286165965426,0.9997150801664177,False
MEG3,-0.71499753,-3.351455,0.47461056381708555,0.9997150801664177,False
PBX1,-0.7235678,-0.641144,0.4693311177939469,0.9997150801664177,False
CDK11B,-0.72604364,-0.41059247,0.4678120125501031,0.9997150801664177,False
SLK,-0.7315667,-0.30710948,0.46443307718405824,0.9997150801664177,False
CDH18,-0.738661,-0.3677106,0.4601128899549791,0.9997150801664177,False
SOX6,-0.73904186,-0.45012447,0.4598815714240885,0.9997150801664177,False
KALRN,-0.7443507,-0.30381614,0.45666435359003454,0.9997150801664177,False
ANKRD12,-0.7479454,-0.09610916,0.45449308078423156,0.9997150801664177,False
BIN2,-0.755373,-0.13586226,0.45002522407476353,0.9997150801664177,False
UBA6-DT,-0.77118033,-0.44172108,0.4406000465127409,0.9997150801664177,False
AMZ2P1,-0.7726563,-0.98530096,0.4397257994053999,0.9997150801664177,False
ADGRV1,-0.77417994,-0.903376,0.4388243959718845,0.9997150801664177,False
RGS7,-0.7908681,-0.34346023,0.4290209509301952,0.9997150801664177,False
STXBP5L,-0.7920346,-0.24796449,0.428340483261322,0.9997150801664177,False
FBN2,-0.7970101,-1.4513596,0.42544514092180874,0.9997150801664177,False
ENSG00000288694,-0.8009382,-0.53092235,0.42316743722794414,0.9997150801664177,False
H2BC5,-0.8016524,-0.6603939,0.4227540775960529,0.9997150801664177,False
PPFIA2,-0.8033188,-0.61291456,0.4217904920032368,0.9997150801664177,False
HS6ST3,-0.8067469,-0.29407448,0.4198123133008842,0.9997150801664177,False
ENSG00000253300,-0.81917375,-0.59062046,0.4126872718641822,0.9997150801664177,False
HSP90B1,-0.8261252,-0.24791424,0.40873306733371173,0.9997150801664177,False
NGB,-0.86721486,-1.8723278,0.3858243093281871,0.9997150801664177,False
CNTN4,-0.87709445,-0.9576457,0.380435345708248,0.9997150801664177,False
TRIM9,-0.8773563,-0.55338323,0.3802931377088129,0.9997150801664177,False
MAPK10,-0.8830222,-0.37671733,0.37722427755217347,0.9997150801664177,False
IL1RAPL1,-0.9023053,-0.2512253,0.36689472237363563,0.9997150801664177,False
SCHLAP1,-0.9213027,-0.57246476,0.3568924209530341,0.9997150801664177,False
ENSG00000286746,-0.9395383,-0.5857276,0.3474544448062028,0.9997150801664177,False
RAPGEF5,-0.9646539,-0.7539055,0.3347181917548272,0.9997150801664177,False
GAL3ST4,-0.9873889,-0.3879988,0.3234520284800909,0.9997150801664177,False
DLEU1,-1.0054102,-0.1938641,0.31469935226602697,0.9997150801664177,False
BHLHE41,-1.012195,-0.1346949,0.31144481457211814,0.9997150801664177,False
ZMAT1,-1.0155994,-0.27253997,0.3098202281058072,0.9997150801664177,False
TMEM178B,-1.016385,-0.7616216,0.30944611983918413,0.9997150801664177,False
ADAM7-AS1,-1.0210986,-0.3402726,0.3072077405193342,0.9997150801664177,False
GRIA3,-1.0350966,-0.8693439,0.3006237734769919,0.9997150801664177,False
MUC22,-1.0414767,-4.87808,0.2976543438908902,0.9997150801664177,False
CIRBP,-1.051761,-0.42985326,0.2929091948014625,0.9997150801664177,False
SLC38A4-AS1,-1.0877562,-0.88960975,0.27670278181546504,0.9997150801664177,False
ARHGAP25,-1.1590797,-0.1310465,0.24642369309067347,0.9997150801664177,False
RAB39A,-1.171697,-0.43075615,0.2413187120247271,0.9997150801664177,False
OFD1,-1.1850524,-0.42219907,0.23599674634208878,0.9997150801664177,False
ENSG00000260370,-1.2145959,-1.9731748,0.2245202382383562,0.9997150801664177,False
PCDH9,-1.23426,-0.24524522,0.21710606600550542,0.9997150801664177,False
PUM3,-1.2390687,-0.15223928,0.21532002535484973,0.9997150801664177,False
TREM2,-1.2427826,-0.5640989,0.21394796921333004,0.9997150801664177,False
CTNNA3,-1.2596374,-0.45603815,0.2078001957892499,0.9997150801664177,False
CYTH3,-1.2597326,-0.30917844,0.20776583043661923,0.9997150801664177,False
CALM1,-1.2934422,-0.26882577,0.1958581251003486,0.9997150801664177,False
MTCH1,-1.3124874,-0.28264743,0.1893557597499228,0.9997150801664177,False
CCDC88A,-1.3141538,-0.23744607,0.18879446421099477,0.9997150801664177,False
ARGLU1,-1.3180342,-0.215856,0.1874922039981014,0.9997150801664177,False
SRRM1,-1.3284376,-0.1693366,0.18403360908753574,0.9997150801664177,False
P3H2,-1.3375791,-0.36832798,0.18103366980663027,0.9997150801664177,False
DDIT4,-1.3390789,-0.5314113,0.1805449789101492,0.9997150801664177,False
CD14,-1.3728601,-0.5043779,0.16979586491897158,0.9997150801664177,False
SYT1,-1.3735266,-0.24808547,0.16958869646286856,0.9997150801664177,False
NOS1AP,-1.3891435,-1.0567082,0.16478911298951648,0.9997150801664177,False
NRXN3,-1.3935953,-0.30291283,0.1634398515287303,0.9997150801664177,False
EIF5B,-1.4278525,-0.38141963,0.1533343139334656,0.9997150801664177,False
CERNA2,-1.4624668,-0.58169067,0.1436133270054701,0.9997150801664177,False
GDI1,-1.4943672,-0.7165035,0.13507966055883203,0.9997150801664177,False
FRA10AC1,-1.5481457,-0.5313761,0.12158724521211225,0.9997150801664177,False
MUSK,-1.5585489,-1.392613,0.11910317584170114,0.9997150801664177,False
RGS16,-1.5833789,-0.8674871,0.1133351334304823,0.9997150801664177,False
NLRP1,-1.5893066,-0.532686,0.11199117967553616,0.9997150801664177,False
TRPM3,-1.6345385,-0.85068685,0.10214581695958476,0.9997150801664177,False
KIRREL3,-1.6731999,-0.9423799,0.09428794184090654,0.9997150801664177,False
PDE4D,-1.6873409,-0.37940642,0.09153782721914104,0.9997150801664177,False
ESRRG,-1.6957207,-0.8754479,0.08993879138446438,0.9997150801664177,False
DYNC2I1,-1.7321681,-0.5159214,0.08324364148242147,0.9997150801664177,False
DDX21,-1.7528081,-0.33687043,0.07963495035076372,0.9997150801664177,False
SCLT1,-1.7634257,-0.26856887,0.07782871703567262,0.9997150801664177,False
BRINP2,-1.7768525,-1.8851075,0.07559252038893725,0.9997150801664177,False
CHD1,-1.792017,-0.249289,0.07313023655906632,0.9997150801664177,False
MCTP2,-1.8326544,-2.9808266,0.06685399097796525,0.9997150801664177,False
RBFOX1,-1.8679352,-0.2866727,0.06177109852060574,0.9997150801664177,False
CD74,-1.9174523,-0.21548185,0.05518049780004523,0.9680789087727234,False
PTPRD,-1.9588276,-0.39727724,0.050132982550293685,0.8873094256689148,False
PDCD6IPP2,-1.9763014,-1.8768725,0.048120653143307615,0.8592973775590645,True
ADAMTS17,-2.0239854,-0.71538216,0.042971659859111014,0.7742641416056039,True
MED12L,-2.0329127,-1.2843789,0.04206134427684093,0.7647517141243806,True
GRID2,-2.0680032,-0.2610575,0.03863972804418599,0.7222379073679626,True
APBA2,-2.1197104,-0.8714135,0.03403047893982979,0.6481995988539009,True
ID2,-2.1546104,-1.0011548,0.03119233834239432,0.5998526604306601,True
HNRNPA1L3,-2.1648946,-1.4204631,0.03039575323942739,0.5902088007655804,True
RBM25,-2.2010326,-0.21095042,0.0277337175238447,0.5532667411564763,True
PRDM11,-2.2313619,-0.68783855,0.02565717516643775,0.5236158197232194,True
UNC5C,-2.2338614,-1.2036722,0.02549219227345121,0.5236158197232194,True
ENSG00000287950,-2.3243492,-1.6081351,0.020106793247897395,0.4324041558687612,True
PRKCQ,-2.41148,-0.91005605,0.01588792260773464,0.3453896219072748,True
TBC1D22A-DT,-2.5525322,-1.808944,0.010694303342286124,0.24870472889037498,True
CSF3R,-2.5534606,-0.41002426,0.01066583410151604,0.24870472889037498,True
LINC00996,-2.560412,-3.960537,0.010454812409755602,0.24870472889037498,True
LINC01091,-2.785548,-0.7618676,0.005343733622879653,0.13528439551594057,True
IL1B,-3.0509403,-2.0929782,0.0022812596256105897,0.07019260386494122,True
ENSG00000289430,-3.1210973,-2.0600393,0.0018017846884108661,0.05630577151283957,True
HIVEP3,-3.1240969,-0.27999347,0.0017835169524489623,0.05630577151283957,True
ENSG00000226571,-3.125073,-2.3197787,0.0017776095009461935,0.05630577151283957,True
ESF1,-3.2002294,-0.7999912,0.0013731825517067533,0.04577275172355844,True
PLCXD3,-3.2815278,-1.5540342,0.0010324634802586037,0.03560218897443461,True
GASK1B-AS1,-3.2919312,-1.077442,0.0009950197310568693,0.03491297301953927,True
LGMN,-3.3007634,-1.0368365,0.0009642220506232398,0.03443650180797285,True
ENSG00000253474,-3.3099287,-2.5946698,0.0009331974716196397,0.033934453513441445,True
SLC2A3,-3.3468046,-0.8448883,0.0008174881491871708,0.030277338858784104,True
SDK1,-3.4883091,-0.2360721,0.00048608585435182326,0.01944343417407293,True
ENSG00000287778,-3.4931893,-1.0572497,0.00047728794832123785,0.01944343417407293,True
CCSER1,-3.7621527,-0.9739363,0.0001684572092826418,0.007168391884367737,True
ZFPM2-AS1,-3.786673,-1.2614737,0.0001526777748360942,0.0066381641233084435,True
TTC28,-3.7971003,-0.5137136,0.00014639862193007512,0.00650660541911445,True
PDE3B,-4.0012627,-0.3404492,6.300533904485238e-05,0.002930480885807088,True
RTTN,-4.004786,-0.66440296,6.207362062944698e-05,0.002930480885807088,True
A2M,-4.0454473,-0.6356678,5.222333090517203e-05,0.002547479556349855,True
CD83,-4.108391,-1.9624181,3.984251636182019e-05,0.0019921258180910094,True
BIN1,-4.113343,-0.57254046,3.899707895590942e-05,0.0019921258180910094,True
C3,-4.1257935,-0.300191,3.6945885384766926e-05,0.0019445202834087855,True
OLR1,-4.1964264,-0.8870002,2.7115929546576393e-05,0.0015064405303653553,True
ENSG00000249738,-4.3151245,-1.1014009,1.595128647573621e-05,0.0009115020843277834,True
LRRK1,-4.3426924,-0.45815045,1.4074718376635389e-05,0.0008279246103903169,True
LINC02642,-4.4495826,-2.3422644,8.603738592042038e-06,0.0005214387025480022,True
NAV2,-4.8124614,-0.9564437,1.4908262708643027e-06,9.618234005576146e-05,True
FLT1,-4.846909,-1.4911027,1.2539982582263403e-06,8.359988388175603e-05,True
ST6GAL1,-4.929898,-0.18427704,8.227264699227735e-07,5.6739756546398174e-05,True
MICOS10,-5.198242,-1.7092973,2.0118201904115254e-07,1.437014421722518e-05,True
ENSG00000253496,-5.284516,-3.1673908,1.2603752877083388e-07,9.33611324228399e-06,True
DSCAM,-5.9576144,-0.67567354,2.5594636956665676e-09,2.132886413055473e-07,True
ITGAX,-6.1216636,-0.7851606,9.260341619660331e-10,8.05247097361768e-08,True
PSMA1,-6.292664,-0.8245143,3.120634116817277e-10,2.836940106197525e-08,True
ENSG00000285534,-6.3010674,-0.5447037,2.9560246451581574e-10,2.8152615668172925e-08,True
RASGEF1C,-7.0016623,-0.92678475,2.529431365838126e-12,2.810479295375696e-10,True
LINC02712,-7.065225,-1.4143132,1.6035587433496023e-12,1.8865396980583555e-10,True
CSF2RA,-7.3099537,-0.83751947,2.672347827324004e-13,3.340434784155005e-11,True
TMSB4X,-7.355852,-0.8849132,1.8971308950246805e-13,2.5295078600329074e-11,True
SON,-7.8419523,-0.96279925,4.435949971447377e-15,6.82453841761135e-13,True
LINC02742,-7.9817667,-0.96997446,1.4425372795658854e-15,2.4042287992764753e-13,True
ST6GALNAC3,-8.295938,-0.5098326,1.0773184780595901e-16,2.1546369561191802e-14,True
NAV3,-8.314293,-0.57161295,9.230125407467974e-17,2.0511389794373277e-14,True
CX3CR1,-8.597111,-1.6024413,8.174792035078114e-18,2.3356548671651754e-15,True
MEF2C,-9.017577,-0.44625685,1.9229462264785753e-19,6.409820754928585e-17,True
IL6ST,-9.098804,-1.2666175,9.133171488523439e-20,3.653268595409375e-17,True
SYNDIG1,-9.419379,-0.6780916,4.537612160162733e-21,2.2688060800813665e-18,True
LINC00486,-9.670441,-0.55113417,4.0264117592416467e-22,2.6842745061610975e-19,True
SAT1,-13.705889,-0.9667839,9.361351820377719e-43,1.8722703640755437e-39,True
