gene,score,logfc,pval,pval_adj,is_de
NEAT1,38.383957,0.6120629,0.0,0.0,True
MIR4300HG,13.226005,0.7039599,6.210172254159286e-40,1.5525430635398216e-37,True
CHI3L1,11.967677,1.3552039,5.247725207419876e-33,8.746208679033126e-31,True
PNISR,11.611329,0.42481253,3.6096094248938952e-31,5.553245269067531e-29,True
HSP90AA1,11.352569,0.66065013,7.201514522599962e-30,9.602019363466616e-28,True
SMTN,9.56901,1.7624661,1.0793471392028435e-21,1.0279496563836604e-19,True
LRMDA,8.9489155,0.6899602,3.58991776195035e-19,2.87193420956028e-17,True
EFCAB13,8.530928,0.5324653,1.4517860736693586e-17,1.0369900526209703e-15,True
SYNE1,8.443772,0.30007973,3.0725689637683503e-17,2.0483793091789004e-15,True
GOLGB1,8.013493,0.5378666,1.114956473593196e-15,6.757311961170884e-14,True
ANKRD12,7.7971706,0.53007233,6.331062002709432e-15,3.517256668171907e-13,True
ENSG00000287912,7.6075063,1.1880635,2.794345447073291e-14,1.4707081300385742e-12,True
PLEKHA5,7.3378778,0.47363913,2.1700729670528402e-13,1.0850364835264201e-11,True
RIMS1,7.2186575,0.7255078,5.250334679879015e-13,2.5001593713709595e-11,True
SGCD,6.872101,0.25356966,6.3263285451394885e-12,2.8756038841543133e-10,True
ENSG00000233420,6.7822695,0.86068654,1.1830251295422587e-11,5.257889464632261e-10,True
BOD1L1,6.729289,0.60704905,1.7049433236658982e-11,7.412797059416949e-10,True
HPSE2,6.5070934,0.21412526,7.661865327044269e-11,3.0647461308177074e-09,True
ATP1A2,6.420339,0.15018794,1.359710179812708e-10,5.229654537741184e-09,True
ENSG00000287704,6.410553,0.49660718,1.4499288570376422e-10,5.47142964919865e-09,True
LUC7L3,6.145028,0.21524277,7.99493834657585e-10,2.7101485920596102e-08,True
SRRM2,6.014744,0.63218194,1.8017167712206588e-09,6.00572257073553e-08,True
RHPN1,5.8824496,0.69741744,4.0423821715113076e-09,1.283295927463907e-07,True
ENSG00000273118,5.7659655,0.6004801,8.119174273855644e-09,2.4982074688786597e-07,True
PDZRN4,5.6858,1.4215804,1.3020147139593227e-08,3.829455041056831e-07,True
PRRC2C,5.1380444,0.38159904,2.7761253373753725e-07,7.40300089966766e-06,True
SREK1,5.0176363,0.586993,5.23110812600785e-07,1.3587293833786623e-05,True
MAP1B,4.757769,0.4609539,1.9574442427910228e-06,4.8331956612124016e-05,True
MAP2K6,4.6087384,0.99966425,4.051195377263243e-06,9.761916571718658e-05,True
SGCZ,4.605471,0.5535431,4.115326742280974e-06,9.798397005430891e-05,True
ITPRID1,4.455063,1.392117,8.386859887856758e-06,0.0001906104519967445,True
PLXNB1,4.4499016,0.32379246,8.590962642416004e-06,0.00019305534027901132,True
DLGAP1,4.434964,0.25726646,9.208766691519264e-06,0.00020239047673668715,True
ENSG00000253642,4.4074388,0.4069051,1.0460008524462343e-05,0.0002270313734614001,True
ZNF804B,4.4054394,0.8707502,1.0556958865955105e-05,0.0002270313734614001,True
CRYAB,4.1572328,0.3875691,3.221260068591592e-05,0.0006574000139982841,True
C5orf67,4.0898657,0.92650265,4.31623450954671e-05,0.0008546999028805366,True
CMYA5,4.0340185,0.5855398,5.4830990833600004e-05,0.0010646794336621362,True
SLC14A1,3.8863912,0.39546287,0.00010174550554797133,0.0019380096294851683,True
KCNC2,3.7467964,0.84697336,0.00017910736772602624,0.003256497595018659,True
ATRX,3.7002747,0.22042966,0.00021536614208860023,0.003850078946726599,True
ANKS1B,3.699994,0.22614862,0.00021560442101668955,0.003850078946726599,True
ZFP36L1,3.6264637,0.31842956,0.0002873292897096021,0.004997031125384384,True
ARL15,3.5647738,0.63789266,0.0003641699715013672,0.0062251277179720885,True
NWD1,3.5494053,0.41916457,0.00038610224088684534,0.006544105777743141,True
ENSG00000285987,3.535004,1.0431342,0.0004077691367014667,0.006853262801705323,True
GNAS,3.393099,0.35932687,0.00069106646358364,0.010797913493494375,True
POT1-AS1,3.3623369,0.38133752,0.0007728577500809514,0.01179935496306796,True
CSPP1,3.3465273,0.5011868,0.000818306060776715,0.012398576678435075,True
ENSG00000274422,3.3144171,0.7490316,0.00091834361396573,0.013706621103966119,True
LAMA2,3.3061042,0.96851784,0.0009460293864024248,0.014015250168924812,True
MAFG,3.2883954,0.8417797,0.0010076021231694224,0.014709520046268939,True
AEBP1,3.2155864,0.4855141,0.001301782859716918,0.01846500510236763,True
TSNAXIP1,3.170498,1.1589179,0.0015217789050231958,0.021135818125322166,True
ZBTB7A,3.1009161,0.5248363,0.001929229816146,0.02607067319116216,True
SAFB2,3.0902276,0.28975877,0.002000030981809069,0.026667079757454252,True
ENSG00000253363,3.071221,1.3087434,0.002131851497462928,0.028236443675005673,True
TSHZ2,2.964909,0.9838711,0.0030277241289567093,0.03983847538100933,True
RGS6,2.9239597,0.40315706,0.0034560954507068145,0.04430891603470275,True
PBXIP1,2.8786056,0.4204599,0.003994375070314346,0.050561709750814504,True
LRFN5,2.7589843,0.5739419,0.0057981300075859036,0.07028036372831398,True
SEMA3B,2.716146,0.42393094,0.006604681002223484,0.0786271547883748,True
LINC01088,2.6293213,0.42754266,0.008555548733381825,0.0983396406135842,True
HSP90AB1,2.6086662,0.3560254,0.009089586373948135,0.10388098713083584,True
DCLK1,2.4751797,0.39875153,0.013316914841434541,0.14796572046038378,True
ENSG00000242593,2.4673727,0.4144316,0.013610862203934412,0.15039626744678908,True
FRMPD4,2.4443624,0.4939373,0.014510841492900656,0.1568739620854125,True
ANKRD36C,2.4304671,0.17662467,0.015079375982558594,0.1612767484765625,True
SYCP2,2.3992138,0.25051424,0.016430316744099876,0.17114913275104038,True
HSPA1A,2.3598478,0.12594923,0.018282430447106653,0.1875121071498118,True
ENSG00000237445,2.326906,1.2725616,0.01997027174607449,0.20196524861571685,True
ENSG00000223720,2.317856,1.1482086,0.02045713842805863,0.20559938118651888,True
SNRNP70,2.292175,0.19683379,0.021895540733193303,0.21674403112331564,True
DIAPH2,2.2907019,0.5041716,0.02198066119606586,0.21674403112331564,True
DACH1,2.272868,0.76333356,0.023034138751446033,0.22363241506258286,True
ST3GAL2,2.2208896,0.53867424,0.026358449897896902,0.2522339703148029,True
LAMB2,2.2117095,0.55247897,0.026986750182965893,0.255798579933326,True
CEP290,2.2016575,0.33977556,0.027689514010419938,0.2599954367175581,True
FAM50A,2.186775,0.6103176,0.028758956292677423,0.2687752924549292,True
METRN,2.0887058,0.49489287,0.03673421265447727,0.3279840415578328,True
INPP5D,2.0628593,2.3199894,0.0391259901479008,0.3461051566806035,True
KCND2,1.934444,0.3265904,0.05305856356108697,0.44775159123280145,False
KIAA1217,1.9209996,0.68212426,0.05473175503587264,0.45993071458716506,False
ADAMTSL3,1.8572905,0.3535698,0.0632698338416952,0.5250608617568067,False
CENPC,1.8406091,0.38801882,0.06567886542395134,0.5428005406938127,False
CFAP61,1.8349116,1.0920401,0.06651878205648273,0.5474796877076769,False
SNTG1,1.8206505,0.41948164,0.06866000046656202,0.5604897997270369,False
NLGN1,1.8154191,0.42865813,0.06945953094484168,0.5647116336978999,False
ENSG00000286780,1.8102728,0.73696977,0.07025348611646999,0.5688541385948988,False
BAZ1B,1.7578934,0.2892024,0.07876563706213645,0.6251241036677496,False
LINC00342,1.7486383,0.24341771,0.08035356822758914,0.632985120244473,False
PROCA1,1.7363313,1.0923412,0.08250525630915945,0.6465464055234991,False
LGR6,1.6895292,2.1063569,0.09111806232060378,0.7063415683767734,False
CD44,1.6642189,0.18058708,0.09606868720954512,0.7360049034417625,False
PDLIM2,1.6588172,1.1381718,0.09715264725431265,0.7360049034417625,False
KCNJ3,1.645468,0.26632285,0.09987334015470785,0.7509273695842695,False
LINC01877,1.6116742,0.5161301,0.10703285666082352,0.7928359752653593,False
SPARC,1.6012113,1.2305182,0.10933011688435658,0.806864331249864,False
RNF220,1.5790429,0.32758597,0.11432620838737532,0.8302845818406679,False
TINAG,1.5779406,1.1989169,0.11457927229401217,0.8302845818406679,False
RCAN2,1.5714062,0.64117557,0.11608831193711158,0.8379936851360986,False
DLC1,1.5679187,-0.0254348,0.11690011907648577,0.8379936851360986,False
LINC01846,1.5585182,0.5187564,0.11911047557964444,0.8473002954139313,False
CDK9,1.549779,0.59482235,0.1211945595872418,0.8564986543267973,False
DPYD,1.5397171,0.4751568,0.12362933442758196,0.870629115687197,False
LINC00836,1.4805729,0.35988206,0.13872041500883045,0.9600028720334288,False
AQP1,1.4756622,0.061740514,0.14003459807379087,0.9657558487847647,False
CEP152,1.4639015,0.70118093,0.14322085787979374,0.9843357929882732,False
CROCCP3,1.4510435,0.452797,0.14676776326914923,0.996171291845206,False
SF3B2,1.4102544,0.41629982,0.15846458420623188,0.9999960018469788,False
ITSN2,1.3646498,0.19196989,0.17236314513591244,0.9999960018469788,False
PLCB4,1.3353307,0.33202717,0.18176810940540244,0.9999960018469788,False
RHBDD3,1.3334566,0.4721277,0.18238198058762123,0.9999960018469788,False
SNAP91,1.3329856,0.25459808,0.1825365105413389,0.9999960018469788,False
ADAMTS9-AS2,1.3160988,0.21940489,0.18814088905944493,0.9999960018469788,False
CCDC30,1.2717369,0.30569103,0.20346660913874592,0.9999960018469788,False
ACVR1C,1.2043097,0.5876355,0.22846990451854587,0.9999960018469788,False
PGAM1P5,1.1748053,0.56988686,0.24007263495711295,0.9999960018469788,False
RABL6,1.167399,0.5319247,0.24304923888560193,0.9999960018469788,False
ENSG00000247679,1.1511085,0.37177908,0.2496875943596919,0.9999960018469788,False
MCUB,1.1419084,0.4094205,0.2534920848299632,0.9999960018469788,False
ENSG00000224905,1.1353642,0.46876583,0.25622277879521427,0.9999960018469788,False
EPHA1-AS1,1.0993906,0.3898159,0.27159773429977974,0.9999960018469788,False
CRISPLD2,1.0828896,1.3743737,0.278857447662181,0.9999960018469788,False
SIGIRR,1.0798329,0.32638896,0.2802166054170119,0.9999960018469788,False
ZNF385D,1.0692748,0.4534234,0.28494584946363233,0.9999960018469788,False
ENSG00000232035,1.0616632,1.7140034,0.28838860763943297,0.9999960018469788,False
CAMK2N1,1.039084,0.29235452,0.2987657157988396,0.9999960018469788,False
CCDC138,1.0317479,0.58713466,0.30219023830855074,0.9999960018469788,False
CCDC33,0.99996847,1.2749871,0.31732575527641926,0.9999960018469788,False
CACNA1B,0.99903643,0.25421467,0.3177770301291909,0.9999960018469788,False
ENSG00000225689,0.98763657,0.5249947,0.3233306712853148,0.9999960018469788,False
RALYL,0.98674965,0.26482725,0.3237653934543995,0.9999960018469788,False
DYNC2I1,0.97981447,0.14483665,0.32717770009859404,0.9999960018469788,False
NRXN1-DT,0.97164667,0.38171583,0.3312263655957318,0.9999960018469788,False
TEX26,0.96408015,0.88297486,0.33500575415090417,0.9999960018469788,False
GALNT13,0.94955343,0.4808987,0.3423392215903217,0.9999960018469788,False
ENSG00000253673,0.94062394,2.2375252,0.34689762392147705,0.9999960018469788,False
THRB-AS1,0.9346659,0.6604724,0.34996050488269537,0.9999960018469788,False
MYT1L,0.9301009,0.5730474,0.35231882746471277,0.9999960018469788,False
SMC3,0.9144217,0.40727657,0.36049530531237195,0.9999960018469788,False
CACNA1D,0.91200644,0.6555598,0.3617653363570361,0.9999960018469788,False
ITSN1,0.8950995,0.39970303,0.37073389814563806,0.9999960018469788,False
MYRIP,0.88918155,0.2760061,0.3739054987198419,0.9999960018469788,False
FRMD5,0.85165966,0.11087071,0.3944030207856065,0.9999960018469788,False
CSMD2,0.8485178,0.71722424,0.3961496682917133,0.9999960018469788,False
RBM25,0.8404953,0.1532745,0.40063075028070005,0.9999960018469788,False
ADAM7-AS1,0.83591026,0.84527946,0.4032053886760939,0.9999960018469788,False
COL6A1,0.83376056,0.18317075,0.40441591955468326,0.9999960018469788,False
CACNA1A,0.8237938,0.37527913,0.4100567280242967,0.9999960018469788,False
TTC6,0.8159467,0.8790407,0.4145306376489576,0.9999960018469788,False
PGGHG,0.8052934,0.5631517,0.4206503845763997,0.9999960018469788,False
EPHA5,0.8029483,0.48659572,0.4220046243937804,0.9999960018469788,False
PRPF38B,0.789539,0.28963998,0.42979704026636245,0.9999960018469788,False
PDHA1,0.78112566,0.44814155,0.43472860500720356,0.9999960018469788,False
ITGA8,0.7680621,1.0464382,0.4424502850732005,0.9999960018469788,False
TSPYL2,0.76042545,0.27993488,0.4470003235221698,0.9999960018469788,False
EGFEM1P,0.7568176,0.48888898,0.4491591719070309,0.9999960018469788,False
DMD,0.7511151,0.13974501,0.4525833848424221,0.9999960018469788,False
LAMA3,0.7463547,0.3564541,0.4554531689932111,0.9999960018469788,False
AKAP9,0.74191,0.08322748,0.45814186242227106,0.9999960018469788,False
CFAP20DC-DT,0.7404318,0.37770468,0.45903804187840236,0.9999960018469788,False
PIDD1,0.72637105,0.26302284,0.4676113173140801,0.9999960018469788,False
STSP1,0.72637105,1.5499029,0.4676113173140801,0.9999960018469788,False
ENSG00000259925,0.7056909,1.1164168,0.48038036868720346,0.9999960018469788,False
ENSG00000227579,0.70240873,0.61274654,0.48242428791267866,0.9999960018469788,False
GUCY1A1,0.6996427,0.18752389,0.4841504604915505,0.9999960018469788,False
ENPP2,0.6941808,0.81718814,0.4875688398699737,0.9999960018469788,False
CDK11A,0.69146484,0.6365573,0.489273458385451,0.9999960018469788,False
PLXNA4,0.69095373,0.5026592,0.4895946121963546,0.9999960018469788,False
SYT10,0.6673472,1.0402093,0.5045503873193753,0.9999960018469788,False
ENSG00000251339,0.66591406,1.1788534,0.5054660298836566,0.9999960018469788,False
ANO3,0.65784144,1.0714791,0.5106400243242015,0.9999960018469788,False
CBLN2,0.65482485,0.78958905,0.512580528574287,0.9999960018469788,False
PLK5,0.65418845,0.46782142,0.5129903945038214,0.9999960018469788,False
HCN1,0.6403983,0.3653508,0.5219136553870427,0.9999960018469788,False
GCM1,0.63550264,0.57180214,0.5251006325423565,0.9999960018469788,False
SNTG2,0.6277908,0.5226287,0.5301409802691998,0.9999960018469788,False
HS6ST3,0.6241378,0.25809473,0.5325370623857932,0.9999960018469788,False
RNF19B,0.61932737,0.70247185,0.5357007370354228,0.9999960018469788,False
LARP7,0.61320394,0.2573369,0.5397414805893702,0.9999960018469788,False
LINC01965,0.6130236,0.44813734,0.5398607514681475,0.9999960018469788,False
ENSG00000226197,0.6122469,0.5794028,0.5403744294887562,0.9999960018469788,False
LINC02885,0.610939,1.0026054,0.5412399489876076,0.9999960018469788,False
GPRIN1,0.6093756,1.3280636,0.5422755007403942,0.9999960018469788,False
SLCO1B1,0.60779214,1.178633,0.5433253349000731,0.9999960018469788,False
IFT172,0.5922532,0.18172814,0.5536810349627435,0.9999960018469788,False
CLNK,0.58751786,1.7262316,0.5568559442686705,0.9999960018469788,False
SLC22A15,0.58386993,0.17655596,0.5593078344824398,0.9999960018469788,False
KLHL4,0.5720441,1.0764393,0.5672921024237141,0.9999960018469788,False
ENSG00000287069,0.57192385,0.9336959,0.5673735780175213,0.9999960018469788,False
ENSG00000286536,0.57178354,0.68096876,0.5674686399599547,0.9999960018469788,False
ANKRD18A,0.5694885,1.5238248,0.5690246634679148,0.9999960018469788,False
FAAH2,0.56748915,0.33763278,0.570381897405942,0.9999960018469788,False
ENSG00000285280,0.5660009,0.62705165,0.5713931698123706,0.9999960018469788,False
CTSF,0.5587751,0.22088616,0.5763152041321444,0.9999960018469788,False
PTCHD4,0.55237615,0.72954404,0.5806906689783011,0.9999960018469788,False
USP43,0.55126876,1.7575579,0.5814494712059328,0.9999960018469788,False
ENSG00000271945,0.548172,0.41075844,0.5835738282275258,0.9999960018469788,False
ENSG00000277128,0.5481519,1.6360068,0.5835875898826635,0.9999960018469788,False
DOCK10,0.53349996,0.36837918,0.5936875591522459,0.9999960018469788,False
SORCS3,0.5331191,0.31509212,0.5939511389939176,0.9999960018469788,False
ENSG00000286749,0.5309945,0.73220974,0.5954226184730136,0.9999960018469788,False
RSPO2,0.52920055,0.7222706,0.5966663404031409,0.9999960018469788,False
KHDRBS2,0.5287345,0.27511907,0.5969896235874028,0.9999960018469788,False
NAALAD2,0.5222003,0.71119815,0.601530907154084,0.9999960018469788,False
TMEM38A,0.5214486,0.41645893,0.6020542921984082,0.9999960018469788,False
TIMELESS,0.51040953,1.007985,0.6097645949360488,0.9999960018469788,False
PRMT8,0.51038945,0.7897861,0.609778634411707,0.9999960018469788,False
EBF2,0.50974303,1.2568964,0.6102314844845484,0.9999960018469788,False
NFATC4,0.5018107,0.313941,0.61580066103029,0.9999960018469788,False
PLCL1,0.50070834,0.28819025,0.6165764103754989,0.9999960018469788,False
PALMD,0.49539673,0.48116103,0.6203201026860591,0.9999960018469788,False
MYO1H,0.4908969,1.3351797,0.6234993668311203,0.9999960018469788,False
ENSG00000244278,0.4901252,1.725386,0.624045293435556,0.9999960018469788,False
HES7,0.48999494,1.7321848,0.624137483245923,0.9999960018469788,False
LINC00613,0.48999494,1.8204709,0.624137483245923,0.9999960018469788,False
ENSG00000253659,0.4899849,1.6710373,0.6241445750135894,0.9999960018469788,False
ENSG00000232451,0.47912621,0.5547682,0.6318488504698496,0.9999960018469788,False
NASP,0.47860506,0.19698468,0.6322196150302051,0.9999960018469788,False
TULP2,0.4756486,0.5142967,0.6343247392506365,0.9999960018469788,False
HMGN5,0.47304794,0.374486,0.63617898452923,0.9999960018469788,False
TTLL7,0.47168496,0.25963956,0.6371516784775711,0.9999960018469788,False
LINC02775,0.47099847,1.6327208,0.6376418385025321,0.9999960018469788,False
PCAT1,0.4664786,0.1628787,0.640872972591279,0.9999960018469788,False
PCLO,0.45356038,0.16476113,0.6501452773187769,0.9999960018469788,False
LINC01496,0.45179152,1.2248403,0.6514191828816622,0.9999960018469788,False
ENSG00000230864,0.45163116,1.4156392,0.6515347148003914,0.9999960018469788,False
MDGA2,0.44819367,0.2930084,0.6540134387136949,0.9999960018469788,False
BCL11B,0.43902364,0.41200167,0.6606444103601854,0.9999960018469788,False
PRICKLE2-AS1,0.43527547,0.97091794,0.6633625015721389,0.9999960018469788,False
TMEFF2,0.43430835,0.87079996,0.664064548795135,0.9999960018469788,False
GRHL3,0.43372205,0.8731012,0.6644902858171104,0.9999960018469788,False
LINC01440,0.43194818,0.6008941,0.6657790721080353,0.9999960018469788,False
ENSG00000253100,0.43147215,1.1498176,0.6661251010988174,0.9999960018469788,False
CHTF18,0.4302595,0.7318266,0.6670068854334661,0.9999960018469788,False
MAP2K7,0.42080384,0.47161454,0.6738983189584052,0.9999960018469788,False
DNAJC2,0.4146905,0.3740597,0.678368485792987,0.9999960018469788,False
ENOX2,0.41279134,0.3422498,0.6797594852646192,0.9999960018469788,False
ENSG00000287870,0.4125859,1.4288365,0.6799100282441628,0.9999960018469788,False
RIT2,0.41210485,0.5483232,0.6802625690357108,0.9999960018469788,False
ZC3H13,0.40934885,0.24387744,0.6822836792555438,0.9999960018469788,False
ENSG00000287232,0.40307513,0.30475906,0.6868929484716597,0.9999960018469788,False
SLC8A1,0.40242872,0.35071322,0.6873685309578071,0.9999960018469788,False
LINC02284,0.40135136,0.5459349,0.6881614433113805,0.9999960018469788,False
ATRNL1,0.39863044,0.24359228,0.6901655329849615,0.9999960018469788,False
HAS2-AS1,0.395233,0.8729907,0.692670928760636,0.9999960018469788,False
KHDRBS3,0.3948071,0.36556625,0.6929852650316166,0.9999960018469788,False
ENSG00000243305,0.39375478,1.3715056,0.6937620870587885,0.9999960018469788,False
AFF2,0.3845046,0.5533919,0.7006044946932735,0.9999960018469788,False
CHRM3,0.38243508,0.4258494,0.7021386809524589,0.9999960018469788,False
NEUROD2,0.38117734,0.64759135,0.7030716736801905,0.9999960018469788,False
SLC38A1,0.3802954,0.022143552,0.7037261506443097,0.9999960018469788,False
LINC02306,0.37654722,0.4950834,0.7065101217524741,0.9999960018469788,False
SLITRK4,0.37390143,0.53755504,0.7084776471634402,0.9999960018469788,False
SAMD5,0.37348053,0.60082954,0.7087908424231293,0.9999960018469788,False
SYN3,0.3589989,0.39995956,0.7195959147544986,0.9999960018469788,False
RTN4RL1,0.35720497,0.4167434,0.720938358443078,0.9999960018469788,False
MIR124-1HG,0.35582197,0.4837525,0.7219739026579639,0.9999960018469788,False
KCNH8,0.354008,0.7787283,0.7233328888865529,0.9999960018469788,False
TNXA,0.3535069,1.115322,0.7237084534962,0.9999960018469788,False
OTULINL,0.35310102,1.1620721,0.7240127096062281,0.9999960018469788,False
CNR1,0.3529507,1.6227235,0.7241254081234192,0.9999960018469788,False
EMBP1,0.35284546,1.5077543,0.7242043006435479,0.9999960018469788,False
ENSG00000268575,0.35232434,1.5970328,0.7245950496186078,0.9999960018469788,False
UNC5D,0.3497587,0.16064616,0.726519781240101,0.9999960018469788,False
KSR2,0.34501335,0.22213474,0.7300843282108525,0.9999960018469788,False
SLC35F3,0.34460747,0.586529,0.7303894876975785,0.9999960018469788,False
ENSG00000283692,0.33609888,0.62070924,0.736796293206827,0.9999960018469788,False
SLC8A3,0.3359185,0.45247427,0.7369323266178913,0.9999960018469788,False
ARHGAP15,0.3340043,0.6818581,0.7383762993129579,0.9999960018469788,False
ARRDC5,0.33341303,1.8947747,0.7388225301463748,0.9999960018469788,False
RPGR,0.33338296,0.76868105,0.7388452222014681,0.9999960018469788,False
ANKRD18B,0.33325267,1.720196,0.7389435570683069,0.9999960018469788,False
ENSG00000289456,0.33324265,1.8568623,0.7389511214656976,0.9999960018469788,False
SGSM3,0.32502973,0.5839257,0.7451585764584383,0.9999960018469788,False
LINC01470,0.32398745,0.3242176,0.7459475380487648,0.9999960018469788,False
LINC01284,0.31859568,0.8978321,0.7500331345988527,0.9999960018469788,False
STAC,0.31692702,0.3010542,0.7512989714908661,0.9999960018469788,False
LINC02613,0.31569934,1.2515006,0.7522307206602091,0.9999960018469788,False
POLR2J3,0.3152183,1.0494893,0.7525959127752679,0.9999960018469788,False
NOS1,0.3138854,0.99057204,0.7536080883430106,0.9999960018469788,False
NPR3,0.31344444,1.5833853,0.7539430367396397,0.9999960018469788,False
ABCC3,0.3132089,1.3253419,0.7541219486043859,0.9999960018469788,False
NELL1,0.31231695,0.33680618,0.7547996492756643,0.9999960018469788,False
CLSTN2,0.31113437,0.28330138,0.7556984648020779,0.9999960018469788,False
ENSG00000258410,0.30507115,0.45636588,0.760311969596077,0.9999960018469788,False
LINC02463,0.29642224,0.56760174,0.766907630401048,0.9999960018469788,False
TDRD12,0.2962118,0.59041125,0.7670683401981777,0.9999960018469788,False
POLQ,0.2956105,1.0686042,0.7675275662320181,0.9999960018469788,False
C6,0.2946183,2.2022095,0.7682854675943172,0.9999960018469788,False
ENSG00000254746,0.29416734,2.9230113,0.7686300415023807,0.9999960018469788,False
SERPINB11,0.29407713,1.1508089,0.768698961771953,0.9999960018469788,False
SV2C,0.2940571,0.76151615,0.7687142776356952,0.9999960018469788,False
PGR,0.29370633,0.8981996,0.7689823198589859,0.9999960018469788,False
LINC00378,0.28831455,0.20033212,0.7731059683389103,0.9999960018469788,False
CCDC150,0.27865848,0.47344553,0.780506937990517,0.9999960018469788,False
ENSG00000286481,0.27813733,0.2874559,0.7809069404530227,0.9999960018469788,False
SYNPR,0.27635846,0.50555587,0.7822727696340614,0.9999960018469788,False
TMEM98,0.2755216,1.6328403,0.782915518990279,0.9999960018469788,False
ENSG00000270149,0.27453446,2.2076104,0.7836739228114217,0.9999960018469788,False
ENSG00000255094,0.27451944,1.2394929,0.783685473698949,0.9999960018469788,False
ENSG00000197462,0.27443925,1.6526558,0.7837470792374344,0.9999960018469788,False
COL15A1,0.27443424,2.327073,0.7837509296286014,0.9999960018469788,False
DRC7,0.27435407,1.5521075,0.7838125366073284,0.9999960018469788,False
ENSG00000279648,0.274329,3.7754848,0.7838317890661082,0.9999960018469788,False
TAF10,0.27430397,1.3684936,0.7838510416572151,0.9999960018469788,False
ENSG00000286328,0.2742789,2.3086505,0.7838702943806379,0.9999960018469788,False
ENSG00000217455,0.27334687,0.55809337,0.7845865896012924,0.9999960018469788,False
CNTN5,0.26270863,0.26302287,0.7927751563055255,0.9999960018469788,False
DAB1,0.25802842,0.17063987,0.7963849727775244,0.9999960018469788,False
NPSR1-AS1,0.2580184,1.219088,0.7963927072837858,0.9999960018469788,False
ENSG00000253496,0.25754738,0.752673,0.7967562516256933,0.9999960018469788,False
SPOCK3,0.2574672,0.3293453,0.796818135908285,0.9999960018469788,False
ENSG00000254303,0.25685588,0.5372884,0.7972900455424304,0.9999960018469788,False
ENSG00000243797,0.25635478,0.7237807,0.79767691199222,0.9999960018469788,False
HAPLN1,0.25534254,1.4272684,0.7984585337192548,0.9999960018469788,False
ENSG00000287416,0.2552323,1.4445099,0.798543673052166,0.9999960018469788,False
MSR1,0.25496173,0.5895032,0.7987526615693238,0.9999960018469788,False
MYBL2,0.25487152,1.8840324,0.798822327613234,0.9999960018469788,False
PRX,0.25469112,2.64056,0.7989616645051615,0.9999960018469788,False
LINC02490,0.2546711,1.893344,0.7989771467773015,0.9999960018469788,False
PTH2R,0.24813682,0.6032224,0.8040285462697134,0.9999960018469788,False
TRHDE,0.24370214,0.4680567,0.80746151673234,0.9999960018469788,False
LINC01508,0.2383254,0.75870305,0.811628723704385,0.9999960018469788,False
DOCK8,0.23712778,0.8919779,0.8125576589558293,0.9999960018469788,False
LINC00326,0.2364964,1.0965424,0.8130474968054189,0.9999960018469788,False
LINC02798,0.23597026,0.46604243,0.8134557508977589,0.9999960018469788,False
GLIS1,0.23540904,0.7644783,0.8138912777987619,0.9999960018469788,False
ENSG00000287823,0.23499312,2.4948962,0.8142140714723483,0.9999960018469788,False
ENSG00000285201,0.23498811,1.2146702,0.8142179607452087,0.9999960018469788,False
GJC1,0.2349781,0.92022437,0.8142257393046686,0.9999960018469788,False
ENSG00000250791,0.23485783,0.7283646,0.814319083446774,0.9999960018469788,False
ENSG00000237735,0.23457721,0.30527347,0.8145368966958955,0.9999960018469788,False
HSD17B13,0.234482,0.41464573,0.814610800878137,0.9999960018469788,False
KCNH7,0.2298519,0.53565043,0.8182068569551979,0.9999960018469788,False
MTMR8,0.22983186,0.23950486,0.8182224326741983,0.9999960018469788,False
HTR1F,0.22703074,0.56337523,0.8203998423888957,0.9999960018469788,False
ENSG00000227088,0.2248159,0.6414184,0.8221224965979346,0.9999960018469788,False
SLC26A3,0.21933393,0.31625107,0.8263899334986382,0.9999960018469788,False
MIR4500HG,0.21760014,0.59481657,0.8277406726519615,0.9999960018469788,False
RBM20,0.21668816,1.1680568,0.828451381872325,0.9999960018469788,False
BLOC1S4,0.21655786,0.51267153,0.8285529232404252,0.9999960018469788,False
OCA2,0.21648772,0.6325583,0.8286076005484768,0.9999960018469788,False
THG1L,0.21648772,0.6982805,0.8286076005484768,0.9999960018469788,False
NBEAP6,0.21591647,0.9411437,0.8290528609456447,0.9999960018469788,False
SMCO4,0.21590644,0.82578415,0.8290606730221939,0.9999960018469788,False
ENSG00000267320,0.21575612,2.0188997,0.8291778561984587,0.9999960018469788,False
ADAMTS5,0.21572605,1.6704094,0.8292012932898897,0.9999960018469788,False
ENSG00000223642,0.21555568,1.150975,0.8293341063454116,0.9999960018469788,False
GTSCR1,0.21554565,1.0432366,0.8293419190300229,0.9999960018469788,False
HMGB1P20,0.21552561,5.1133814,0.8293575444498752,0.9999960018469788,False
ENSG00000287801,0.21549554,1.0667871,0.8293809827062163,0.9999960018469788,False
LINC02485,0.21548553,2.2471852,0.8293887954920771,0.9999960018469788,False
SERTM1,0.21548553,1.2489933,0.8293887954920771,0.9999960018469788,False
LINC02194,0.2154755,1.658274,0.8293966082948101,0.9999960018469788,False
PROSER2-AS1,0.21541537,1.8668146,0.8294434854654844,0.9999960018469788,False
NCMAP,0.21537529,1.2167488,0.8294747372499516,0.9999960018469788,False
ENSG00000257452,0.21535525,1.5147294,0.8294903632433723,0.9999960018469788,False
ENSG00000258654,0.2153352,1.2044694,0.8295059893042435,0.9999960018469788,False
PIEZO2,0.2152951,0.3193588,0.8295372416283123,0.9999960018469788,False
RAG1,0.21512474,0.7425989,0.8296700670141905,0.9999960018469788,False
LINC01505,0.21382189,0.21092352,0.8306859512410709,0.9999960018469788,False
CNTNAP2,0.21247897,0.17991742,0.8317333896650225,0.9999960018469788,False
EMCN,0.19980629,0.46578625,0.8416320821811998,0.9999960018469788,False
LINC01194,0.1981176,0.58206135,0.8429530532431138,0.9999960018469788,False
PITRM1,0.19776684,0.38442698,0.8432274944857876,0.9999960018469788,False
CSTF3-DT,0.19741106,0.33885553,0.8435058757660101,0.9999960018469788,False
PYDC2-AS1,0.19691497,0.9585651,0.8438940738450273,0.9999960018469788,False
CASC9,0.19679973,0.39630815,0.8439842667095817,0.9999960018469788,False
PARM1,0.19673458,0.7210573,0.8440352461901908,0.9999960018469788,False
ENSG00000266573,0.19657925,0.4756534,0.8441568152801331,0.9999960018469788,False
SH3RF2,0.1965191,0.7732899,0.844203875279501,0.9999960018469788,False
LINC03099,0.19650409,1.0306721,0.8442156403662414,0.9999960018469788,False
ENSG00000285889,0.19637379,1.3399988,0.8443176059068683,0.9999960018469788,False
LURAP1L-AS1,0.1962836,1.277125,0.8443881989633069,0.9999960018469788,False
LINC02647,0.19624852,0.55180174,0.844415652156143,0.9999960018469788,False
LINC00589,0.19622347,1.5671335,0.8444352616953018,0.9999960018469788,False
THAP3P1,0.19620843,0.9063298,0.8444470274650733,0.9999960018469788,False
HAVCR1,0.1961934,2.0142279,0.8444587932695489,0.9999960018469788,False
RRAGAP1-AS1,0.19617836,0.6950606,0.8444705591087256,0.9999960018469788,False
LINC00967,0.1961082,2.8651516,0.8445254668169726,0.9999960018469788,False
FTH1P13,0.19603305,1.9376439,0.8445842973426407,0.9999960018469788,False
KIRREL1,0.19594787,3.197256,0.8446509729863105,0.9999960018469788,False
ACSL5,0.19583762,1.7698181,0.8447372607654555,0.9999960018469788,False
ENSG00000228559,0.1958226,1.9138702,0.8447490274251531,0.9999960018469788,False
ENSG00000234710,0.19579253,0.6849608,0.8447725608484609,0.9999960018469788,False
LRRC63,0.1957324,0.48826444,0.8448196281106545,0.9999960018469788,False
TRPC7,0.19562717,0.4360105,0.8449019971523809,0.9999960018469788,False
CCDC178,0.19527139,0.18383534,0.8451804955127754,0.9999960018469788,False
PRKCB,0.19469513,0.2891222,0.8456316254419792,0.9999960018469788,False
NEIL1,0.19432431,0.13698673,0.8459219445182378,0.9999960018469788,False
SUSD4,0.19365786,0.2472096,0.8464437867730588,0.9999960018469788,False
SLTM,0.19243519,0.28459966,0.8474013264841426,0.9999960018469788,False
LINC02377,0.19154325,0.28422442,0.8481000017731088,0.9999960018469788,False
UNC13C,0.19093192,0.27011332,0.8485789380877141,0.9999960018469788,False
SHISA9,0.18929835,0.43467313,0.8498589925478567,0.9999960018469788,False
LINC01322,0.1856103,0.27766532,0.8527503822201328,0.9999960018469788,False
LINC01630,0.18527956,0.42575312,0.8530097617450456,0.9999960018469788,False
SLC2A13,0.18312487,0.38841313,0.8547000465260921,0.9999960018469788,False
CDH7,0.18049914,0.78155994,0.8567607364393459,0.9999960018469788,False
TCHP,0.17951198,0.3753214,0.8575357148716056,0.9999960018469788,False
DNAJC9,0.17934662,0.7368562,0.8576655470439161,0.9999960018469788,False
MITD1,0.17830434,0.50773907,0.8584839716417088,0.9999960018469788,False
ENSG00000251199,0.1780137,0.9723529,0.8587122133515944,0.9999960018469788,False
DTL,0.17797361,0.37736112,0.8587436958939058,0.9999960018469788,False
MYOZ3,0.17717187,0.9710808,0.8593733938438526,0.9999960018469788,False
HS3ST2,0.17710172,0.53829265,0.8594284966761757,0.9999960018469788,False
ERG,0.17709169,0.9266782,0.8594363685652578,0.9999960018469788,False
PDGFD,0.17688122,0.49670166,0.8596016814620994,0.9999960018469788,False
TMEM154,0.17686118,1.4716234,0.859617425868587,0.9999960018469788,False
LINC01266,0.17681108,0.12723754,0.8596567871289766,0.9999960018469788,False
SLC22A2,0.17666075,1.4754343,0.859774873002193,0.9999960018469788,False
ENSG00000287778,0.17656054,1.9337505,0.8598535986600857,0.9999960018469788,False
KIF18B,0.17652044,2.1995761,0.8598850893133365,0.9999960018469788,False
ZNF729,0.17630999,1.7578919,0.8600504188976852,0.9999960018469788,False
KRTAP5-AS1,0.17625988,0.36643618,0.8600897839889305,0.9999960018469788,False
GPR55,0.17624985,1.3432114,0.8600976570489048,0.9999960018469788,False
TGFBR2,0.17586902,0.41083723,0.8603968436257435,0.9999960018469788,False
ADGRL4,0.17565857,0.3543904,0.8605621921759132,0.9999960018469788,False
ATF4,0.16774629,0.19119266,0.8667828822964018,0.9999960018469788,False
FAM43B,0.16681425,0.4667833,0.8675162064292454,0.9999960018469788,False
PNN,0.16455932,0.12982951,0.8692908481440964,0.9999960018469788,False
ENSG00000243620,0.1598791,0.50115234,0.8729763077576562,0.9999960018469788,False
ENSG00000237480,0.15785469,0.28024632,0.874571305940629,0.9999960018469788,False
BPIFC,0.15760414,1.243377,0.8747687422857026,0.9999960018469788,False
ENSG00000287064,0.15741873,0.9194474,0.8749148502010367,0.9999960018469788,False
KCP,0.15721329,1.4582827,0.875076758547311,0.9999960018469788,False
BATF2,0.15715817,0.8374546,0.8751201982619458,0.9999960018469788,False
CATSPERD,0.15713312,1.0823478,0.8751399437111853,0.9999960018469788,False
NPFF,0.15690762,1.0126227,0.8753176562510316,0.9999960018469788,False
LINC02277,0.15680239,1.1467232,0.8754005909220023,0.9999960018469788,False
GRAP2,0.15675227,0.673585,0.8754400841034964,0.9999960018469788,False
LINC01938,0.15672722,1.969535,0.8754598308105784,0.9999960018469788,False
ENSG00000259283,0.15665206,1.9597646,0.8755190713970202,0.9999960018469788,False
PGR-AS1,0.15664704,0.8694543,0.8755230207942546,0.9999960018469788,False
ENSG00000287265,0.15633136,0.2306563,0.8757718390657514,0.9999960018469788,False
ZMYM3,0.14337808,0.07005096,0.8859915976795933,0.9999960018469788,False
SPMIP2,0.14150399,0.43056974,0.8874718138844965,0.9999960018469788,False
EPHA3,0.13944949,0.6015935,0.8890949617016937,0.9999960018469788,False
CELSR1,0.13929917,0.5793034,0.8892137469573094,0.9999960018469788,False
ENSG00000237126,0.13831702,0.6465366,0.8899898717214809,0.9999960018469788,False
ENSG00000239572,0.13817672,1.7889434,0.8901007553123989,0.9999960018469788,False
ENSG00000253619,0.13801637,0.4103896,0.8902274820485017,0.9999960018469788,False
CDH13,0.13761549,0.26516315,0.8905443111519491,0.9999960018469788,False
BLOC1S6,0.13747519,1.258123,0.8906552054700991,0.9999960018469788,False
SMOC2,0.13746516,0.5665274,0.8906631265746998,0.9999960018469788,False
LINC00402,0.13742508,1.3418086,0.8906948111022206,0.9999960018469788,False
WNK4,0.13737497,1.8048474,0.890734417007079,0.9999960018469788,False
ENSG00000288036,0.13732485,0.72437125,0.8907740231845767,0.9999960018469788,False
ZNF503-AS1,0.13732485,0.43366688,0.8907740231845767,0.9999960018469788,False
ENSG00000229066,0.13731484,1.0145904,0.8907819444527844,0.9999960018469788,False
TRNP1,0.1372948,1.1134738,0.8907977870219015,0.9999960018469788,False
ENSG00000264149,0.13724469,1.3527867,0.890837393635419,0.9999960018469788,False
ENSG00000225970,0.13720459,1.6304686,0.8908690791223554,0.9999960018469788,False
ENSG00000288713,0.13717453,1.480291,0.8908928433519294,0.9999960018469788,False
ENSG00000237760,0.13717453,1.432203,0.8908928433519294,0.9999960018469788,False
LINC02864,0.13715449,1.6354549,0.8909086862260965,0.9999960018469788,False
GPR153,0.13714446,2.5636108,0.8909166076795131,0.9999960018469788,False
ENSG00000259275,0.13713445,2.406663,0.8909245291438174,0.9999960018469788,False
IDO2,0.13713445,2.3403244,0.8909245291438174,0.9999960018469788,False
ENSG00000286739,0.13712442,0.9662709,0.8909324506190083,0.9999960018469788,False
HLX,0.13710438,1.1026552,0.8909482936020477,0.9999960018469788,False
HOTTIP,0.13709435,2.0026612,0.8909562151098945,0.9999960018469788,False
TMEM121,0.1370242,0.4630424,0.8910116659695226,0.9999960018469788,False
LINC02428,0.13694403,0.6144207,0.8910750390332055,0.9999960018469788,False
CCN2,0.136934,0.5198031,0.8910829607150981,0.9999960018469788,False
RYR2,0.13452876,0.21897204,0.8929844769658439,0.9999960018469788,False
ZMAT4,0.1313017,0.46407673,0.8955366426883604,0.9999960018469788,False
ST18,0.12537877,0.23025063,0.9002236926695719,0.9999960018469788,False
DCC,0.12260271,0.23044614,0.902421707821361,0.9999960018469788,False
CCDC144CP,0.12180597,0.17815466,0.9030526850256134,0.9999960018469788,False
GALNT14,0.119976975,0.78085154,0.9045013857068381,0.9999960018469788,False
NIHCOLE,0.119706385,0.36104143,0.904715741139814,0.9999960018469788,False
PLPPR5,0.119250394,0.7829391,0.9050769854413876,0.9999960018469788,False
ENSG00000227681,0.119240366,0.60847515,0.9050849250974723,0.9999960018469788,False
RGSL1,0.11898481,0.84474415,0.905287389531222,0.9999960018469788,False
ARFGAP1,0.11897479,0.088358425,0.9052953294384731,0.9999960018469788,False
ENSG00000286147,0.11887958,0.6503815,0.9053707590294223,0.9999960018469788,False
ITGA10,0.118298315,1.3293757,0.9058312950245346,0.9999960018469788,False
NPAS1,0.11828829,0.23304969,0.9058392355784689,0.9999960018469788,False
VLDLR-AS1,0.11809787,0.4011801,0.9059901078908512,0.9999960018469788,False
TMEM88B,0.11805277,0.8981246,0.9060258413040813,0.9999960018469788,False
ENSG00000285755,0.11793753,0.7157348,0.9061171608909353,0.9999960018469788,False
CA5A,0.11789242,1.0147971,0.9061528949802671,0.9999960018469788,False
ENSG00000286225,0.11786236,1.5192959,0.9061767178120429,0.9999960018469788,False
FAM222A,0.11785234,0.6212062,0.9061846587747291,0.9999960018469788,False
PPEF2,0.11771203,1.4033623,0.9062958332367816,0.9999960018469788,False
HSP90AB2P,0.11770201,2.0889058,0.9063037743400715,0.9999960018469788,False
FER1L6-AS2,0.1176519,0.57522947,0.906343479997015,0.9999960018469788,False
ENSG00000288735,0.11764689,1.3930787,0.9063474505755856,0.9999960018469788,False
LINC01794,0.11764689,1.4008019,0.9063474505755856,0.9999960018469788,False
SLCO5A1-AS1,0.11764188,2.8853154,0.9063514211564969,0.9999960018469788,False
SALL4,0.117616825,0.8175897,0.9063712740961614,0.9999960018469788,False
DEPDC1B,0.117606804,0.76956,0.9063792152884088,0.9999960018469788,False
LINC02057,0.117606804,1.8980197,0.9063792152884088,0.9999960018469788,False
ENSG00000268798,0.117606804,1.4043219,0.9063792152884088,0.9999960018469788,False
PRSS59P,0.11759177,2.1295753,0.9063911270943296,0.9999960018469788,False
ENSG00000249174,0.11759177,0.70006984,0.9063911270943296,0.9999960018469788,False
ENSG00000250954,0.11757173,0.88535905,0.9064070095349787,0.9999960018469788,False
ENSG00000258811,0.11756671,2.7446368,0.9064109801509893,0.9999960018469788,False
ENSG00000277287,0.117551684,0.9390264,0.906422892013056,0.9999960018469788,False
DUXAP9,0.11754667,0.77332294,0.9064268626384228,0.9999960018469788,False
FAM241A,0.117521614,0.8424564,0.9064467158003363,0.9999960018469788,False
ENSG00000233196,0.11749656,1.7152259,0.906466569020707,0.9999960018469788,False
ENSG00000283627,0.117476515,1.1235279,0.9064824516390844,0.9999960018469788,False
PPM1N,0.11745647,0.5025542,0.9064983342948603,0.9999960018469788,False
ENSG00000279320,0.11745146,1.1047467,0.9065023049646469,0.9999960018469788,False
MATN1-AS1,0.11742641,0.6839561,0.9065221583486321,0.9999960018469788,False
NBPF13P,0.11740636,0.92772967,0.9065380410978765,0.9999960018469788,False
MARCHF10,0.11733621,0.49937046,0.9065936310145291,0.9999960018469788,False
RASL10B,0.117301136,0.2024868,0.9066214261444687,0.9999960018469788,False
NLRP1,0.11725604,0.21641158,0.9066571629081458,0.9999960018469788,False
DNAJB1,0.11286144,0.18245772,0.9101404073577795,0.9999960018469788,False
DACT3,0.11194945,0.56522584,0.910863488662647,0.9999960018469788,False
GRIA3,0.10479884,0.17124076,0.9165354346445959,0.9999960018469788,False
ENSG00000230615,0.10152669,0.34072167,0.9191323715597405,0.9999960018469788,False
LINC02994,0.10123605,0.630977,0.9193630757724369,0.9999960018469788,False
EIF3I,0.1008452,0.8856588,0.9196733438610964,0.9999960018469788,False
MEG8,0.10007352,0.42584643,0.92028596031074,0.9999960018469788,False
LINC00871,0.09980794,0.53734666,0.9204968068034499,0.9999960018469788,False
MIR548A1HG,0.09915151,0.36009943,0.9210179796301492,0.9999960018469788,False
MYPN,0.09908135,0.93610317,0.9210736794997687,0.9999960018469788,False
NUDT17,0.09888091,0.81242204,0.9212328241168228,0.9999960018469788,False
PAQR5,0.09881076,1.1979884,0.9212885254782937,0.9999960018469788,False
TMEM186,0.09873059,0.8256176,0.9213521846498979,0.9999960018469788,False
ENSG00000285417,0.09864039,0.44699225,0.9214238018202634,0.9999960018469788,False
LINC01885,0.09847002,0.7007091,0.9215590804356473,0.9999960018469788,False
DRAXIN,0.098299645,0.5449599,0.9216943613205566,0.9999960018469788,False
ENSG00000286050,0.098289624,1.0237658,0.9217023190902631,0.9999960018469788,False
LINC02558,0.098289624,0.85140926,0.9217023190902631,0.9999960018469788,False
YDJC,0.0982796,0.59898037,0.9217102768678084,0.9999960018469788,False
RDH12,0.09824953,1.3440685,0.921734150247469,0.9999960018469788,False
FXYD3,0.09824953,2.0443764,0.921734150247469,0.9999960018469788,False
LINC02822,0.09821947,0.8171818,0.92175802369765,0.9999960018469788,False
ENSG00000225605,0.09821947,1.9210227,0.92175802369765,0.9999960018469788,False
ENSG00000288071,0.09820945,0.87175673,0.9217659815300445,0.9999960018469788,False
ENSG00000242029,0.098189406,2.0544705,0.9217818972183303,0.9999960018469788,False
SPAG11A,0.098159336,0.22944154,0.9218057708094882,0.9999960018469788,False
RFPL2,0.098149315,0.5330099,0.9218137286888657,0.9999960018469788,False
OVAAL,0.09812927,1.2157478,0.9218296444711027,0.9999960018469788,False
AK4P3,0.09810923,0.87861675,0.9218455602846443,0.9999960018469788,False
DNASE1L2,0.09808918,0.18841438,0.921861476129484,0.9999960018469788,False
PGM5P4-AS1,0.09808918,0.7832633,0.921861476129484,0.9999960018469788,False
MARCHF6-DT,0.09808918,1.2760992,0.921861476129484,0.9999960018469788,False
ENSG00000285547,0.09808918,1.5219098,0.921861476129484,0.9999960018469788,False
ANKRD30A,0.09808918,1.1396627,0.921861476129484,0.9999960018469788,False
XCR1,0.09807916,0.838402,0.9218694340636386,0.9999960018469788,False
SINHCAFP3,0.09806914,0.5472215,0.9218773920056155,0.9999960018469788,False
VIT,0.09805912,0.9967342,0.9218853499554137,0.9999960018469788,False
TTTY13,0.098039076,1.4636068,0.921901265878471,0.9999960018469788,False
ENSG00000272256,0.098029055,1.6203816,0.9219092238517286,0.9999960018469788,False
NKX3-1,0.09801903,0.9168495,0.9219171818328042,0.9999960018469788,False
ENSG00000227803,0.098009005,0.88831556,0.9219251398216974,0.9999960018469788,False
ENSG00000286338,0.098009005,0.90632284,0.9219251398216974,0.9999960018469788,False
TMPRSS11F,0.097998984,1.4948833,0.9219330978184073,0.9999960018469788,False
PAX3,0.09796892,1.1446786,0.9219569718554284,0.9999960018469788,False
PAX2,0.09796892,0.38479933,0.9219569718554284,0.9999960018469788,False
LINC02268,0.0979589,1.1678312,0.9219649298833966,0.9999960018469788,False
SHCBP1L,0.0979589,0.6108341,0.9219649298833966,0.9999960018469788,False
PIWIL3,0.09794888,1.0424054,0.9219728879191776,0.9999960018469788,False
ENSG00000233538,0.09794888,1.8113271,0.9219728879191776,0.9999960018469788,False
VN2R19P,0.09794888,0.2845194,0.9219728879191776,0.9999960018469788,False
ENSG00000267733,0.09793886,0.79716265,0.9219808459627705,0.9999960018469788,False
SLCO2B1,0.09793886,1.0689589,0.9219808459627705,0.9999960018469788,False
GUCA1C,0.09793886,1.306478,0.9219808459627705,0.9999960018469788,False
ENSG00000257878,0.09790879,0.76595294,0.9220047201404123,0.9999960018469788,False
ENSG00000219553,0.09789877,1.0555038,0.9220126782152448,0.9999960018469788,False
LINC01958,0.09789877,0.8837636,0.9220126782152448,0.9999960018469788,False
ENSG00000229603,0.09782861,0.65442437,0.9220683849576489,0.9999960018469788,False
CHAT,0.09777851,0.4896086,0.9221081757220244,0.9999960018469788,False
STOML3,0.09771837,0.46718663,0.9221559248966138,0.9999960018469788,False
LINC02232,0.09768831,0.29861543,0.9221797995891337,0.9999960018469788,False
ENSG00000229306,0.09765824,0.33410046,0.922203674351775,0.9999960018469788,False
MLXIPL,0.097618155,0.24041219,0.9222355074776712,0.9999960018469788,False
CACNA1E,0.09431093,0.335891,0.9248621646940945,0.9999960018469788,False
ENSG00000258312,0.093559295,0.23496594,0.9254592475422038,0.9999960018469788,False
PTPRT,0.09244686,0.21038242,0.926343007119526,0.9999960018469788,False
SLIT2,0.09227148,0.18061891,0.9264823469066267,0.9999960018469788,False
SMARCD2,0.0860078,0.19075201,0.9314602139835335,0.9999960018469788,False
LINC00620,0.083311915,0.37897107,0.9336035250151403,0.9999960018469788,False
SPINK5,0.08295113,0.42287362,0.933890399044806,0.9999960018469788,False
LHFPL3,0.08200907,0.13433309,0.9346394993942329,0.9999960018469788,False
ADD2,0.081407756,0.46998438,0.935117678855991,0.9999960018469788,False
ENSG00000235421,0.080681175,0.74215555,0.9356955102542805,0.9999960018469788,False
ENSG00000249259,0.080651104,0.7979583,0.9357194212509773,0.9999960018469788,False
COL4A4,0.08037049,0.5448941,0.9359425933465344,0.9999960018469788,False
JPH4,0.08034544,0.23051743,0.9359625196715138,0.9999960018469788,False
FBN2,0.08009489,0.7210402,0.9361617851254371,0.9999960018469788,False
ENSG00000254092,0.079729095,0.7265964,0.9364527198658021,0.9999960018469788,False
POU2AF1,0.0795938,0.8586975,0.9365603280172787,0.9999960018469788,False
LINC02694,0.07953868,0.41266263,0.9366041687076208,0.9999960018469788,False
ENSG00000248242,0.07939837,0.6298277,0.9367157640591333,0.9999960018469788,False
MIR17HG,0.07939837,0.29508257,0.9367157640591333,0.9999960018469788,False
KCNJ9,0.07922299,0.51543146,0.9368552599965039,0.9999960018469788,False
RNF17,0.07884717,0.74801344,0.9371541863834894,0.9999960018469788,False
YPEL3,0.07870686,0.08234128,0.9372657878410173,0.9999960018469788,False
ENSG00000259929,0.0786317,1.0661639,0.9373255748432232,0.9999960018469788,False
C2orf74,0.0786317,1.4136158,0.9373255748432232,0.9999960018469788,False
LEF1,0.0786317,0.7082711,0.9373255748432232,0.9999960018469788,False
PTGFR,0.0785866,1.5789839,0.9373614472141806,0.9999960018469788,False
LINC01632,0.0785866,0.5378217,0.9373614472141806,0.9999960018469788,False
FBN3,0.07853649,2.0617604,0.9374013055532411,0.9999960018469788,False
LINC02479,0.07852647,1.1106168,0.9374092772398795,0.9999960018469788,False
PLPPR3,0.078516446,1.9640033,0.9374172489327915,0.9999960018469788,False
WDTC1-DT,0.07850141,0.60903096,0.9374292064839208,0.9999960018469788,False
ENSG00000287130,0.07850141,2.1678963,0.9374292064839208,0.9999960018469788,False
GUCY2D,0.078496404,1.8365281,0.9374331923374332,0.9999960018469788,False
LINC01307,0.07849139,1.27851,0.9374371781925134,0.9999960018469788,False
DPP4,0.07849139,1.1699953,0.9374371781925134,0.9999960018469788,False
ENSG00000232153,0.07846133,1.1944703,0.9374610933559124,0.9999960018469788,False
MIR7515HG,0.07844629,1.2039968,0.9374730509587692,0.9999960018469788,False
FMNL1,0.07844629,2.6595266,0.9374730509587692,0.9999960018469788,False
LINC01776,0.07844629,0.9215556,0.9374730509587692,0.9999960018469788,False
MYH13,0.07843627,1.1797137,0.9374810227018413,0.9999960018469788,False
ENSG00000272667,0.07842625,2.2310083,0.9374889944511797,0.9999960018469788,False
LHX1-DT,0.078421235,1.688693,0.9374929803281986,0.9999960018469788,False
UGT2B7,0.078421235,0.74479055,0.9374929803281986,0.9999960018469788,False
SFTPC,0.07840621,1.6289082,0.9375049379686528,0.9999960018469788,False
LINC00485,0.07838616,0.5652075,0.937520881511182,0.9999960018469788,False
LINC00957,0.07837614,0.86074656,0.9375288532918407,0.9999960018469788,False
LINC01297,0.07837113,1.2609,0.9375328391845181,0.9999960018469788,False
ENSG00000284874,0.078366116,0.6646384,0.9375368250787609,0.9999960018469788,False
SEC14L4,0.07836111,1.0951631,0.937540810974569,0.9999960018469788,False
LIPN,0.078356095,1.2786465,0.9375447968719421,0.9999960018469788,False
ENSG00000287364,0.07834607,1.179727,0.9375527686713833,0.9999960018469788,False
UNC45B,0.07833605,0.82830083,0.9375607404770838,0.9999960018469788,False
SUSD3,0.07832603,1.0368385,0.9375687122890427,0.9999960018469788,False
ENSG00000284800,0.07832603,1.0698061,0.9375687122890427,0.9999960018469788,False
ENSG00000288798,0.07832603,1.0719556,0.9375687122890427,0.9999960018469788,False
CCDC68,0.07831601,0.9103311,0.9375766841072594,0.9999960018469788,False
ENSG00000289063,0.078311,0.5671697,0.937580670018714,0.9999960018469788,False
IGFBP4,0.07829596,0.84456104,0.9375926277624624,0.9999960018469788,False
IP6K3,0.07828594,0.4535341,0.9376005995994473,0.9999960018469788,False
ENSG00000285836,0.07828093,0.6095604,0.9376045855202851,0.9999960018469788,False
ABHD15,0.0782659,0.28507975,0.9376165432921796,0.9999960018469788,False
MEIOSIN,0.078225814,0.49471885,0.9376484307526728,0.9999960018469788,False
ZNF536,0.06707145,0.30553037,0.94652481854359,0.9999960018469788,False
ELAVL2,0.06701133,0.21783537,0.9465726886815568,0.9999960018469788,False
SYT1,0.0632882,0.21815115,0.9495370169552059,0.9999960018469788,False
C10orf67,0.061048303,0.8342472,0.9513207407018753,0.9999960018469788,False
TENM3-AS1,0.06012629,0.4616819,0.9520550518320614,0.9999960018469788,False
FGD5,0.05981561,0.66120243,0.9523024919570231,0.9999960018469788,False
GPR149,0.059625197,0.6829408,0.9524541510821697,0.9999960018469788,False
ZAN,0.05960515,0.5058631,0.9524701153008662,0.9999960018469788,False
GAS2L3,0.059555043,0.9252027,0.9525100259310363,0.9999960018469788,False
DNAJB2,0.059454825,0.10231591,0.9525898475485894,0.9999960018469788,False
ENSG00000227303,0.059404712,0.49314463,0.9526297585357726,0.9999960018469788,False
PPP1R3B-DT,0.059254386,0.32493785,0.9527494922097506,0.9999960018469788,False
ENSG00000262801,0.059234343,0.13339242,0.9527654567802566,0.9999960018469788,False
ENSG00000254404,0.059194256,1.4557083,0.9527973859781255,0.9999960018469788,False
ENSG00000288015,0.0591241,0.7395114,0.9528532622566784,0.9999960018469788,False
LINC03044,0.0591241,0.79323286,0.9528532622566784,0.9999960018469788,False
ENSG00000250781,0.05911408,0.8121007,0.9528612446011117,0.9999960018469788,False
EPHA5-AS1,0.05910406,0.986265,0.952869226950274,0.9999960018469788,False
SCML4,0.05910406,0.6861373,0.952869226950274,0.9999960018469788,False
LYRM7,0.05906397,0.47907788,0.9529011563941971,0.9999960018469788,False
BRAFP1,0.059043925,1.5937496,0.952917121144512,0.9999960018469788,False
ZNF503-AS2,0.059043925,0.61455804,0.952917121144512,0.9999960018469788,False
ENSG00000276473,0.059003837,1.5673091,0.9529490507018166,0.9999960018469788,False
ITGA4,0.058993816,0.30739388,0.9529570331029452,0.9999960018469788,False
KAT5,0.058993816,0.6841839,0.9529570331029452,0.9999960018469788,False
ENSG00000258558,0.058973774,0.6186574,0.9529729979193602,0.9999960018469788,False
ATP2A3,0.05896375,1.1794329,0.9529809803346447,0.9999960018469788,False
MIR548XHG,0.05892366,0.96794194,0.9530129100429454,0.9999960018469788,False
ENSG00000289371,0.0588936,1.3563626,0.953036857373669,0.9999960018469788,False
ENSG00000256658,0.0588936,0.74475026,0.953036857373669,0.9999960018469788,False
DUSP5-DT,0.058883578,0.40926498,0.9530448398266675,0.9999960018469788,False
ATP6V0D2,0.058883578,1.0332404,0.9530448398266675,0.9999960018469788,False
LBX1-AS1,0.058883578,0.8252276,0.9530448398266675,0.9999960018469788,False
TWNK,0.058873553,0.7277673,0.9530528222843767,0.9999960018469788,False
ENSG00000259460,0.058873553,1.6698128,0.9530528222843767,0.9999960018469788,False
LINC02645,0.058873553,1.419422,0.9530528222843767,0.9999960018469788,False
LY96,0.05886353,0.58941776,0.9530608047467957,0.9999960018469788,False
ENSG00000243004,0.05886353,0.33153754,0.9530608047467957,0.9999960018469788,False
CMKLR2-AS,0.05885351,1.1442473,0.9530687872139236,0.9999960018469788,False
LINC02136,0.05885351,0.9012142,0.9530687872139236,0.9999960018469788,False
ENSG00000257997,0.058833465,1.1518633,0.9530847521623036,0.9999960018469788,False
ITGB1BP2,0.058823444,1.0326886,0.9530927346435539,0.9999960018469788,False
ENSG00000278966,0.058823444,1.2486836,0.9530927346435539,0.9999960018469788,False
PROSER2,0.058803402,0.99018526,0.9531086996201714,0.9999960018469788,False
LINC01106,0.058803402,0.26547965,0.9531086996201714,0.9999960018469788,False
NLRP5,0.05879338,0.72649246,0.9531166821155369,0.9999960018469788,False
ZNF831,0.05879338,0.6948592,0.9531166821155369,0.9999960018469788,False
IKBKB-DT,0.05879338,0.76923364,0.9531166821155369,0.9999960018469788,False
BRCC3,0.058783356,0.4743401,0.9531246646156059,0.9999960018469788,False
PTPN3,0.058783356,0.42069367,0.9531246646156059,0.9999960018469788,False
MALL,0.058773335,0.82669044,0.9531326471203774,0.9999960018469788,False
PPP1R12BP1,0.058773335,0.2116123,0.9531326471203774,0.9999960018469788,False
ALOX5,0.058763314,0.16810463,0.9531406296298509,0.9999960018469788,False
LINC01561,0.05874327,0.34147617,0.9531565946629001,0.9999960018469788,False
SPMIP3,0.05874327,0.5814712,0.9531565946629001,0.9999960018469788,False
TGM6,0.05874327,0.75364625,0.9531565946629001,0.9999960018469788,False
ENSG00000250626,0.058733247,0.66026396,0.9531645771864743,0.9999960018469788,False
DCAF13,0.05869316,0.3874761,0.9531965073277497,0.9999960018469788,False
ENSG00000288067,0.05868314,0.24680541,0.9532044898748092,0.9999960018469788,False
ENSG00000259097,0.058663096,0.4828537,0.9532204549830114,0.9999960018469788,False
LINC02015,0.05863303,0.19562222,0.9532444026805107,0.9999960018469788,False
FLT1,0.05863303,0.202049,0.9532444026805107,0.9999960018469788,False
FILNC1,0.058572896,-0.0013913574,0.9532922982021357,0.9999960018469788,False
ENSG00000239482,0.058552854,0.08620032,0.9533082634135062,0.9999960018469788,False
MAMDC2-AS1,0.058552854,0.11078834,0.9533082634135062,0.9999960018469788,False
UPB1,0.057861343,-0.093786195,0.953859074636207,0.9999960018469788,False
ENSG00000259891,0.048621166,0.19097613,0.9612212007989971,0.9999960018469788,False
CA10,0.045213725,0.15691066,0.9639369528752366,0.9999960018469788,False
CNTN2,0.043555107,0.24430238,0.9652590384935913,0.9999960018469788,False
PLD1,0.042542893,0.27955276,0.9660659173623878,0.9999960018469788,False
LRRK1,0.042342458,0.21520565,0.9662256995039022,0.9999960018469788,False
KCNQ1,0.042217184,0.5371165,0.9663255640313901,0.9999960018469788,False
ENSG00000286685,0.041861407,0.69431084,0.9666091821641447,0.9999960018469788,False
GRIK3,0.040623706,0.54623365,0.9675958863740494,0.9999960018469788,False
LINC00862,0.04049342,0.19035588,0.9676997528873366,0.9999960018469788,False
LINC00926,0.040478386,0.7471408,0.9677117375203181,0.9999960018469788,False
XG,0.04044331,0.9431828,0.9677397016922975,0.9999960018469788,False
IL12A-AS1,0.040358126,0.19238627,0.9678076148464806,0.9999960018469788,False
SHROOM4,0.040137645,0.19379368,0.9679833911520604,0.9999960018469788,False
CDK11B,0.04013263,0.16376936,0.9679873860862072,0.9999960018469788,False
IZUMO3,0.03991716,0.36170116,0.9681591690131981,0.9999960018469788,False
ENSG00000236358,0.03986204,0.5964096,0.9682031137205386,0.9999960018469788,False
RHPN2P1,0.039842,0.83004993,0.9682190936380635,0.9999960018469788,False
LINC01924,0.039766833,0.7944568,0.9682790184423847,0.9999960018469788,False
GRHL2,0.039716724,0.4784808,0.968318968411463,0.9999960018469788,False
LINC01492,0.039711714,0.9246525,0.9683229634127455,0.9999960018469788,False
CORO2A,0.03964156,0.13980208,0.9683788935141263,0.9999960018469788,False
MRAP2,0.03957141,0.6780003,0.9684348237710481,0.9999960018469788,False
ENSG00000253154,0.039556373,0.44997898,0.9684468088463124,0.9999960018469788,False
PPP1R3E,0.03953633,0.4762301,0.9684627889577507,0.9999960018469788,False
ACER1,0.03953633,1.0322567,0.9684627889577507,0.9999960018469788,False
H1-4,0.03953633,0.75296557,0.9684627889577507,0.9999960018469788,False
MEOX2,0.039511275,0.30989647,0.968482764114856,0.9999960018469788,False
IQSEC3,0.039511275,0.4516075,0.968482764114856,0.9999960018469788,False
P2RY8,0.039496243,0.5935163,0.9684947492186117,0.9999960018469788,False
SERHL2,0.039456155,1.2690711,0.9685267095300755,0.9999960018469788,False
INHBA-AS1,0.039451145,0.5701095,0.968530704572564,0.9999960018469788,False
SPAG5,0.0394311,0.33694485,0.9685466847504144,0.9999960018469788,False
CST13P,0.039421078,0.26221672,0.9685546748440763,0.9999960018469788,False
ENSG00000233472,0.03939101,0.8001865,0.9685786451439987,0.9999960018469788,False
GET4,0.03939101,0.39699057,0.9685786451439987,0.9999960018469788,False
SYT5,0.03936596,1.3402408,0.9685986204156205,0.9999960018469788,False
MUC19,0.03932086,1.0324116,0.9686345759541797,0.9999960018469788,False
MMP2,0.03931585,1.339499,0.9686385710179568,0.9999960018469788,False
ENSG00000242009,0.039300814,1.506677,0.96865055621401,0.9999960018469788,False
SULT6B1,0.039290793,1.1848584,0.9686585463486461,0.9999960018469788,False
DAPL1,0.03927576,0.8749182,0.9686705315564993,0.9999960018469788,False
BAGE2,0.03927576,0.54815054,0.9686705315564993,0.9999960018469788,False
HNRNPA1L3,0.03927576,0.39212686,0.9686705315564993,0.9999960018469788,False
VDR,0.03927075,1.0952193,0.9686745266273563,0.9999960018469788,False
ADORA2A-AS1,0.03927075,1.2177395,0.9686745266273563,0.9999960018469788,False
LINC02949,0.03927075,0.55090654,0.9686745266273563,0.9999960018469788,False
NPHS1,0.03926574,1.4661623,0.9686785216989995,0.9999960018469788,False
ENSG00000166104,0.039255716,1.2613972,0.968686511844644,0.9999960018469788,False
ENSG00000288045,0.039245695,1.4427396,0.968694501993432,0.9999960018469788,False
NR1H4,0.039245695,1.1815504,0.968694501993432,0.9999960018469788,False
ENSG00000273550,0.039240684,0.878515,0.9686984970690046,0.9999960018469788,False
C3P1,0.039235674,0.95848215,0.9687024921453626,0.9999960018469788,False
ITGAX,0.039225653,0.6361099,0.9687104823004351,0.9999960018469788,False
ENSG00000289350,0.039225653,0.6461355,0.9687104823004351,0.9999960018469788,False
MARCKSL1P2,0.039205607,0.7466881,0.9687264626200024,0.9999960018469788,False
ST8SIA3,0.039205607,0.8882102,0.9687264626200024,0.9999960018469788,False
ADGRD1,0.039195586,0.8008524,0.9687344527844957,0.9999960018469788,False
ENSG00000286515,0.039195586,0.6888506,0.9687344527844957,0.9999960018469788,False
NPTX2,0.039190575,0.24160974,0.9687384478679193,0.9999960018469788,False
VTRNA1-1,0.039180554,0.35519964,0.9687464380371202,0.9999960018469788,False
IFITM10,0.039175544,0.6202255,0.9687504331228972,0.9999960018469788,False
PROS2P,0.039175544,0.35931465,0.9687504331228972,0.9999960018469788,False
ENSG00000286738,0.03917053,0.22031388,0.9687544282094586,0.9999960018469788,False
ENSG00000289384,0.03916552,0.62216693,0.968758423296804,0.9999960018469788,False
FBXO40,0.0391555,0.459973,0.968766413473847,0.9999960018469788,False
CFAP107,0.0391555,0.37487304,0.968766413473847,0.9999960018469788,False
TMPRSS6,0.039130446,0.22866349,0.9687863889301703,0.9999960018469788,False
MICB,0.03912042,0.10837198,0.9687943791181838,0.9999960018469788,False
C9orf50,0.03912042,0.24460664,0.9687943791181838,0.9999960018469788,False
IL18R1,0.039080333,-0.20740773,0.9688263399015563,0.9999960018469788,False
NHEG1,0.039075322,0.15633562,0.9688303350029995,0.9999960018469788,False
OSCAR,0.03906029,-0.15739363,0.9688423203120223,0.9999960018469788,False
SLC44A5,0.033107292,0.11288779,0.9735890278892504,0.9999960018469788,False
ZNF732,0.031193113,0.19926183,0.9751155329816233,0.9999960018469788,False
ZNF804A,0.029739939,0.31621715,0.9762744592680244,0.9999960018469788,False
LINC00393,0.02681355,0.16605905,0.9786084465153527,0.9999960018469788,False
ENSG00000250049,0.02436821,0.2876545,0.9805589059281388,0.9999960018469788,False
RELN,0.024007421,0.28913364,0.9808466887480647,0.9999960018469788,False
CFAP210,0.023907203,0.1872828,0.9809266288642371,0.9999960018469788,False
PVALEF,0.021091053,0.48861724,0.9831730214740338,0.9999960018469788,False
CCDC34,0.020850528,0.05096833,0.983364890624414,0.9999960018469788,False
LINC01521,0.02075031,0.9468052,0.9834448363883705,0.9999960018469788,False
KCNK10,0.020449653,0.21770766,0.9836846746745486,0.9999960018469788,False
TRPM2,0.020299325,0.20814916,0.9838045943719697,0.9999960018469788,False
LINC00924,0.02016904,0.49983522,0.9839085250725059,0.9999960018469788,False
ENSG00000282381,0.01995858,1.0729043,0.9840764137033587,0.9999960018469788,False
SPATA16,0.019948559,0.6455293,0.9840844084177152,0.9999960018469788,False
LINC02526,0.019938538,0.44032106,0.98409240313367,0.9999960018469788,False
GGT3P,0.019908471,0.40926653,0.9841163872911163,0.9999960018469788,False
LINC01010,0.019878406,0.17144929,0.9841403714629187,0.9999960018469788,False
RHOH,0.019868383,0.8310788,0.9841483661900392,0.9999960018469788,False
LASP1NB,0.019858362,0.20988302,0.9841563609187517,0.9999960018469788,False
DRD3,0.019808253,0.33397192,0.9841963345861645,0.9999960018469788,False
ENSG00000237844,0.01979823,0.059506636,0.9842043293244115,0.9999960018469788,False
ENSG00000251388,0.01979823,0.60935235,0.9842043293244115,0.9999960018469788,False
BMAL2-AS1,0.019768165,1.1615375,0.984228313548667,0.9999960018469788,False
LINC02840,0.019738099,0.7270831,0.9842522977871774,0.9999960018469788,False
ENSG00000285817,0.019718055,1.7644608,0.9842682872874263,0.9999960018469788,False
GPR158-AS1,0.019718055,0.6906395,0.9842682872874263,0.9999960018469788,False
MAGEA3-DT,0.019718055,0.41837776,0.9842682872874263,0.9999960018469788,False
ENSG00000287844,0.019698013,1.1615914,0.9842842767939947,0.9999960018469788,False
GJD2-DT,0.019698013,0.47074875,0.9842842767939947,0.9999960018469788,False
ENSG00000233539,0.01968799,0.9135577,0.9842922715496466,0.9999960018469788,False
ENSG00000257449,0.01968799,1.4056064,0.9842922715496466,0.9999960018469788,False
DPPA3,0.019677969,0.63255024,0.9843002663068761,0.9999960018469788,False
FAM163A,0.019677969,0.4382932,0.9843002663068761,0.9999960018469788,False
SRL,0.019667946,0.20035604,0.984308261065682,0.9999960018469788,False
AFAP1L2,0.019667946,0.21933979,0.984308261065682,0.9999960018469788,False
ENTHD1,0.019667946,0.44823742,0.984308261065682,0.9999960018469788,False
KC6,0.019667946,0.13860144,0.984308261065682,0.9999960018469788,False
ENSG00000224409,0.019667946,0.93249375,0.984308261065682,0.9999960018469788,False
ENSG00000250994,0.019657925,0.4348169,0.984316255826064,0.9999960018469788,False
ADAMTS19,0.019657925,0.5686892,0.984316255826064,0.9999960018469788,False
BANF2,0.019657925,0.5998815,0.984316255826064,0.9999960018469788,False
NPC1L1,0.019657925,0.6984915,0.984316255826064,0.9999960018469788,False
ENSG00000278231,0.01963788,0.1288705,0.9843322453515522,0.9999960018469788,False
ENSG00000255087,0.01963788,0.35321006,0.9843322453515522,0.9999960018469788,False
NPIPA3,0.01963788,0.4749036,0.9843322453515522,0.9999960018469788,False
ENSG00000256237,0.019627858,0.639954,0.9843402401166568,0.9999960018469788,False
EOMES,0.019617837,0.26531634,0.984348234883334,0.9999960018469788,False
AMH,0.019617837,0.4244041,0.984348234883334,0.9999960018469788,False
LINC01823,0.019607814,0.30744267,0.9843562296515831,0.9999960018469788,False
NCKAP1L,0.019607814,0.3614494,0.9843562296515831,0.9999960018469788,False
ENSG00000273254,0.019607814,0.23314549,0.9843562296515831,0.9999960018469788,False
LINC02731,0.019607814,0.34107623,0.9843562296515831,0.9999960018469788,False
LINC01426,0.019607814,0.67514104,0.9843562296515831,0.9999960018469788,False
B3GNT6,0.019597793,0.43363798,0.9843642244214033,0.9999960018469788,False
PCOLCE2,0.019587772,0.14565447,0.9843722191927936,0.9999960018469788,False
CD5L,0.01957775,0.16599664,0.9843802139657534,0.9999960018469788,False
ENSG00000258807,0.019567728,0.2332531,0.9843882087402818,0.9999960018469788,False
LINC01081,0.019567728,0.24076098,0.9843882087402818,0.9999960018469788,False
SLC22A9,0.019557705,0.08045639,0.984396203516378,0.9999960018469788,False
ELF4,0.019537661,0.0285348,0.9844121930732707,0.9999960018469788,False
ANKRD62,0.01952764,-0.0017837143,0.9844201878540655,0.9999960018469788,False
PARL,0.019457487,-0.153111,0.9844761513633936,0.9999960018469788,False
MIR3667HG,0.019447464,-0.08636375,0.9844841461566829,0.9999960018469788,False
ENSG00000197585,0.018806065,-0.17425996,0.9849958161331629,0.9999960018469788,False
ATP6V0D1-DT,0.016731534,0.252653,0.9866507899039964,0.9999960018469788,False
ZNF385B,0.009129936,0.09535139,0.9927154663966682,0.9999960018469788,False
LINC02976,0.007461292,0.31553662,0.9940468053879911,0.9999960018469788,False
MAMDC2,0.0038033049,0.14943112,0.9969654091728212,0.9999960018469788,False
ENSG00000286046,0.0027810726,0.4121121,0.9977810279335901,0.9999960018469788,False
ENSG00000284430,0.0019542673,0.3469872,0.9984407213142307,0.9999960018469788,False
COL19A1,0.001458184,0.3093,0.9988365378831247,0.9999960018469788,False
LINC00558,0.0012126479,0.34106916,0.9990324472059882,0.9999960018469788,False
SATL1,0.0011825822,0.2214165,0.9990564361069114,0.9999960018469788,False
CWC25,0.00096711173,0.057469323,0.9992283565871836,0.9999960018469788,False
SPMIP11,0.0008919476,0.82001114,0.9992883288565796,0.9999960018469788,False
TRIM36,0.00075164123,0.35306674,0.9994002771032812,0.9999960018469788,False
ENSG00000278819,0.00045098475,0.32759646,0.9996401662402841,0.9999960018469788,False
GDF5,0.00041089722,0.4692941,0.999672151461482,0.9999960018469788,False
SEC14L3,0.00036579874,1.484259,0.9997081348359569,0.9999960018469788,False
COA8,0.000345755,0.27602595,0.9997241274470295,0.9999960018469788,False
TTTY2B,0.00031067838,0.76130486,0.9997521145166695,0.9999960018469788,False
MYO18B,0.00027059086,0.41363445,0.9997840997394866,0.9999960018469788,False
ADTRP,0.00023050331,0.9914294,0.9998160849626506,0.9999960018469788,False
LINC02552,0.00023050331,0.48328623,0.9998160849626506,0.9999960018469788,False
ENSG00000287803,0.00013028449,0.84930706,0.9998960480217413,0.9999960018469788,False
ENSG00000267397,0.00012527354,1.3589983,0.9999000461747299,0.9999960018469788,False
LINC00279,0.0001202626,0.89504653,0.9999040443277211,0.9999960018469788,False
DDIT3,0.000105229774,0.26489547,0.9999160387867084,0.9999960018469788,False
EIF4E1B,0.00010021884,0.26510745,0.9999200369397087,0.9999960018469788,False
ENSG00000228592,0.00010021884,0.6005894,0.9999200369397087,0.9999960018469788,False
ENSG00000287409,0.00010021884,0.88652045,0.9999200369397087,0.9999960018469788,False
LINC01968,0.00010021884,0.1754322,0.9999200369397087,0.9999960018469788,False
LINC02714,9.520789e-05,0.897346,0.9999240350927108,0.9999960018469788,False
TACR3,8.518601e-05,0.46551755,0.9999320313987208,0.9999960018469788,False
ENSG00000279090,8.518601e-05,0.58166665,0.9999320313987208,0.9999960018469788,False
TMEM238,8.0175065e-05,0.0027900487,0.9999360295517283,0.9999960018469788,False
CDC45,7.516413e-05,0.73856574,0.9999400277047376,0.9999960018469788,False
SIGLEC1,7.516413e-05,0.22523575,0.9999400277047376,0.9999960018469788,False
BEND4,7.516413e-05,0.63299614,0.9999400277047376,0.9999960018469788,False
LCT,7.516413e-05,0.5417106,0.9999400277047376,0.9999960018469788,False
IQGAP3,7.015318e-05,0.27150562,0.9999440258577482,0.9999960018469788,False
TDO2,6.01313e-05,0.09023953,0.9999520221637738,0.9999960018469788,False
CASQ2,5.512036e-05,0.50261086,0.9999560203167884,0.9999960018469788,False
IL12RB1,5.512036e-05,0.40397114,0.9999560203167884,0.9999960018469788,False
ENSG00000289021,5.010942e-05,0.3418305,0.9999600184698041,0.9999960018469788,False
MYL7,5.010942e-05,0.31271917,0.9999600184698041,0.9999960018469788,False
ENSG00000288828,5.010942e-05,0.19850484,0.9999600184698041,0.9999960018469788,False
SLC6A15,4.5098477e-05,0.027472949,0.9999640166228209,0.9999960018469788,False
ENSG00000267737,4.5098477e-05,0.20418659,0.9999640166228209,0.9999960018469788,False
ENSG00000260360,3.507659e-05,0.27444255,0.999972012928857,0.9999960018469788,False
ENSG00000229370,2.505471e-05,0.043528084,0.9999800092348958,0.9999960018469788,False
CA4,2.505471e-05,0.293193,0.9999800092348958,0.9999960018469788,False
ENSG00000287953,2.0043766e-05,0.17116204,0.999984007387916,0.9999960018469788,False
MST1P2,1.5032825e-05,-0.04131354,0.9999880055409367,0.9999960018469788,False
ENSG00000253897,1.0021883e-05,0.048910264,0.9999920036939576,0.9999960018469788,False
TBX3-AS1,1.0021883e-05,0.07555202,0.9999920036939576,0.9999960018469788,False
ENSG00000279217,5.0109415e-06,0.029317617,0.9999960018469788,0.9999960018469788,False
MIR600HG,-5.0109415e-06,-0.10435337,0.9999960018469788,0.9999960018469788,False
CLSPN,-5.0109415e-06,0.012208646,0.9999960018469788,0.9999960018469788,False
ENSG00000261848,-5.0109415e-06,0.026343388,0.9999960018469788,0.9999960018469788,False
LINC00587,-1.0021883e-05,0.08371142,0.9999920036939576,0.9999960018469788,False
GRHL2-DT,-1.0021883e-05,-0.031887725,0.9999920036939576,0.9999960018469788,False
MFSD4B-DT,-2.505471e-05,-0.11624441,0.9999800092348958,0.9999960018469788,False
CYLC2,-3.507659e-05,-0.15524708,0.999972012928857,0.9999960018469788,False
SLC6A7,-5.010942e-05,-0.06712179,0.9999600184698041,0.9999960018469788,False
CLCA2,-5.512036e-05,-0.18493392,0.9999560203167884,0.9999960018469788,False
ENSG00000258272,-5.512036e-05,-0.09475261,0.9999560203167884,0.9999960018469788,False
GPR155-DT,-5.512036e-05,-0.15067676,0.9999560203167884,0.9999960018469788,False
REM2,-6.5142245e-05,-0.28759414,0.9999480240107603,0.9999960018469788,False
ARHGAP25,-7.015318e-05,-0.102647334,0.9999440258577482,0.9999960018469788,False
PTGIS,-0.0001202626,-0.12307361,0.9999040443277211,0.9999960018469788,False
ZNF154,-0.00013028449,-0.7037312,0.9998960480217413,0.9999960018469788,False
SLC5A8,-0.00013028449,-0.33545002,0.9998960480217413,0.9999960018469788,False
ABCG1,-0.00015533919,-0.10220768,0.9998760572568394,0.9999960018469788,False
ENSG00000249413,-0.00019542672,-0.3585501,0.9998440720331633,0.9999960018469788,False
FYB1,-0.00026056898,0.0049547045,0.999792096045247,0.9999960018469788,False
MIR4435-2HG,-0.00029564556,0.0007867557,0.999764108975182,0.9999960018469788,False
CD22,-0.00040087535,-0.1943007,0.9996801477668659,0.9999960018469788,False
GRIA1,-0.0030817292,0.09646358,0.997541139783913,0.9999960018469788,False
TRPC6,-0.013153722,0.36230236,0.9895051509572272,0.9999960018469788,False
LINC01478,-0.013534553,0.2480583,0.9892013183817792,0.9999960018469788,False
PWRN1,-0.014877486,0.12743837,0.9881299215678665,0.9999960018469788,False
ENSG00000287474,-0.015298405,0.23904496,0.9877941149412689,0.9999960018469788,False
KCNK1,-0.01724265,0.18298703,0.9862430371353458,0.9999960018469788,False
ATP8B4,-0.017974248,0.25266936,0.9856593972952189,0.9999960018469788,False
KIF4A,-0.01829495,0.38785198,0.9854035575746048,0.9999960018469788,False
LENG9,-0.018655736,0.055708926,0.9851157396844563,0.9999960018469788,False
MUSK,-0.01867578,0.23228112,0.985099749858126,0.9999960018469788,False
ANKRD26P3,-0.018705845,0.938363,0.9850757651298554,0.9999960018469788,False
CABP4,-0.019016523,0.34567815,0.9848279237315349,0.9999960018469788,False
FAM111A-DT,-0.019026546,0.26740104,0.9848199288719686,0.9999960018469788,False
ZNF319,-0.019066634,0.15814662,0.9847879494489554,0.9999960018469788,False
ENSG00000289302,-0.019086678,0.4929839,0.9847719597466117,0.9999960018469788,False
ENSG00000229209,-0.019096699,0.4808173,0.9847639648977334,0.9999960018469788,False
ENSG00000263369,-0.019126764,0.23563324,0.9847399803602823,0.9999960018469788,False
ZNF341-AS1,-0.019146807,0.672325,0.9847239906763093,0.9999960018469788,False
SPEF1,-0.019247027,0.23530121,0.9846440423486196,0.9999960018469788,False
ENSG00000259072,-0.019257048,0.27130628,0.9846360475243191,0.9999960018469788,False
CLEC4C,-0.01931718,0.58510923,0.984588078610946,0.9999960018469788,False
ZNF702P,-0.019347247,0.10328599,0.9845640941751432,0.9999960018469788,False
GABRA5,-0.019377312,0.03823124,0.9845401097532919,0.9999960018469788,False
ENSG00000235837,-0.019387333,0.37571922,0.9845321149491122,0.9999960018469788,False
TMEM64,-0.019397356,0.121230766,0.9845241201464858,0.9999960018469788,False
CACNG4,-0.0194174,0.35591072,0.9845081305458965,0.9999960018469788,False
BARX2,-0.019437443,0.21690708,0.9844921409515303,0.9999960018469788,False
ENSG00000251680,-0.019457487,-0.030473767,0.9844761513633936,0.9999960018469788,False
CD53,-0.019457487,0.27396592,0.9844761513633936,0.9999960018469788,False
SPC24,-0.019457487,0.14322658,0.9844761513633936,0.9999960018469788,False
LINC02472,-0.019457487,0.20116027,0.9844761513633936,0.9999960018469788,False
ENSG00000230848,-0.019457487,0.63588625,0.9844761513633936,0.9999960018469788,False
ENSG00000258938,-0.019467508,0.18940277,0.9844681565716633,0.9999960018469788,False
ENSG00000259199,-0.019467508,0.13162136,0.9844681565716633,0.9999960018469788,False
LINC01612,-0.019467508,0.3838801,0.9844681565716633,0.9999960018469788,False
LINC03056,-0.019467508,0.30748454,0.9844681565716633,0.9999960018469788,False
ENSG00000286436,-0.019477531,0.42576608,0.9844601617814929,0.9999960018469788,False
GSDMC,-0.019507596,-0.24883366,0.9844361774203483,0.9999960018469788,False
RTKN2,-0.019507596,0.009817499,0.9844361774203483,0.9999960018469788,False
MSL3-DT,-0.019517617,0.05803985,0.984428182636425,0.9999960018469788,False
DDX55P1,-0.019517617,0.19051759,0.984428182636425,0.9999960018469788,False
TGM4,-0.019517617,0.34948575,0.984428182636425,0.9999960018469788,False
ENSG00000235819,-0.019517617,-0.006151337,0.984428182636425,0.9999960018469788,False
ENSG00000235495,-0.019517617,0.2769569,0.984428182636425,0.9999960018469788,False
MORC1,-0.01952764,-0.026445143,0.9844201878540655,0.9999960018469788,False
ENSG00000258891,-0.01952764,0.008643527,0.9844201878540655,0.9999960018469788,False
CHRNA10,-0.019537661,-0.102907985,0.9844121930732707,0.9999960018469788,False
LINC02532,-0.019537661,0.31879696,0.9844121930732707,0.9999960018469788,False
ENSG00000286040,-0.019537661,0.06478736,0.9844121930732707,0.9999960018469788,False
ATP6V0A4,-0.019547684,-0.06725389,0.9844041982940412,0.9999960018469788,False
RBMY2QP,-0.019547684,-0.08228372,0.9844041982940412,0.9999960018469788,False
HLTF-AS1,-0.019557705,0.30029106,0.984396203516378,0.9999960018469788,False
DDN,-0.019567728,-0.16656582,0.9843882087402818,0.9999960018469788,False
ENSG00000286229,-0.01957775,-0.049391408,0.9843802139657534,0.9999960018469788,False
PTCHD1-AS,-0.01957775,-0.050603215,0.9843802139657534,0.9999960018469788,False
ZNF723,-0.01957775,-0.15477069,0.9843802139657534,0.9999960018469788,False
RCOR2,-0.019587772,-0.14321734,0.9843722191927936,0.9999960018469788,False
ENSG00000288762,-0.019587772,-0.11380686,0.9843722191927936,0.9999960018469788,False
TRIQK,-0.019597793,-0.16782196,0.9843642244214033,0.9999960018469788,False
ENSG00000267092,-0.019597793,-0.3012672,0.9843642244214033,0.9999960018469788,False
TMEM121B,-0.019597793,-0.2931669,0.9843642244214033,0.9999960018469788,False
SIM2,-0.019617837,-0.21094325,0.984348234883334,0.9999960018469788,False
APPAT,-0.019627858,-0.41946375,0.9843402401166568,0.9999960018469788,False
OR10AH1P,-0.019627858,-0.4779471,0.9843402401166568,0.9999960018469788,False
SLITRK3,-0.019667946,-0.23888929,0.984308261065682,0.9999960018469788,False
H2BC15,-0.019708034,-0.7637878,0.9842762820399209,0.9999960018469788,False
LPCAT3,-0.019708034,-0.39102578,0.9842762820399209,0.9999960018469788,False
ENSG00000274363,-0.019928515,-0.41439876,0.9841003978512223,0.9999960018469788,False
ADAP1,-0.02065009,-0.13698778,0.9835247823185802,0.9999960018469788,False
SLC14A2,-0.021476896,0.35816714,0.9828652334163641,0.9999960018469788,False
H1-10-AS1,-0.022754686,-0.3077564,0.9818459537647791,0.9999960018469788,False
BAIAP2L1,-0.03443018,0.37264717,0.9725341172118662,0.9999960018469788,False
ENSG00000255367,-0.035567664,0.31601647,0.9716270922136611,0.9999960018469788,False
PTPRR,-0.036103833,0.075829886,0.9711995644494364,0.9999960018469788,False
ENSG00000251567,-0.036494687,0.5283539,0.9708879139044612,0.9999960018469788,False
PIANP,-0.03665504,0.39054632,0.9707600585538944,0.9999960018469788,False
LINC01562,-0.037441757,0.5016177,0.9701327791902116,0.9999960018469788,False
HELLPAR,-0.037797533,0.1856623,0.969849111127099,0.9999960018469788,False
LINC01122,-0.037802543,0.041633904,0.9698451158294241,0.9999960018469788,False
CRTAC1,-0.037867688,0.17526896,0.9697931770285556,0.9999960018469788,False
FGFBP3,-0.03808817,0.19845997,0.9696173851160544,0.9999960018469788,False
TMEM266,-0.03820843,0.006601691,0.9695214992400016,0.9999960018469788,False
LINC02105,-0.038484033,0.6554386,0.9693017624381036,0.9999960018469788,False
LINC01226,-0.038514096,0.48974544,0.9692777912913146,0.9999960018469788,False
MGAM2,-0.03858926,0.12095084,0.969217863545828,0.9999960018469788,False
ENSG00000280057,-0.038709525,0.21198241,0.9691219795147396,0.9999960018469788,False
CNR2,-0.038804732,0.4511301,0.9690460716399583,0.9999960018469788,False
ENSG00000286404,-0.038819764,0.12074498,0.9690340862116639,0.9999960018469788,False
ASPM,-0.03884482,0.35385546,0.969014110513384,0.9999960018469788,False
MARCHF11,-0.03884983,0.08824628,0.9690101153760607,0.9999960018469788,False
RRAD,-0.038884908,0.008418902,0.9689821494365795,0.9999960018469788,False
ENSG00000250993,-0.03889994,0.36316985,0.9689701640456194,0.9999960018469788,False
COMMD3,-0.038935017,0.1378979,0.9689421981606403,0.9999960018469788,False
ENSG00000289236,-0.038945038,0.40791965,0.9689342079148028,0.9999960018469788,False
CD86,-0.038965084,0.3147314,0.9689182274324842,0.9999960018469788,False
ENSG00000266869,-0.038965084,1.173291,0.9689182274324842,0.9999960018469788,False
ENSG00000259648,-0.038970094,0.38052285,0.9689142323138544,0.9999960018469788,False
ENSG00000225233,-0.038975105,0.0181139,0.9689102371960049,0.9999960018469788,False
CDH1,-0.038990136,-0.07324309,0.968898251847138,0.9999960018469788,False
BAG5,-0.038990136,0.38997996,0.968898251847138,0.9999960018469788,False
ENSG00000254343,-0.038995147,0.4755539,0.96889425673241,0.9999960018469788,False
ENSG00000287950,-0.03900016,0.028701128,0.9688902616184627,0.9999960018469788,False
ANKRD20A9P,-0.03900016,0.16839749,0.9688902616184627,0.9999960018469788,False
ENSG00000278920,-0.03900517,-0.024130816,0.9688862665052961,0.9999960018469788,False
SFN,-0.039015193,0.11031407,0.9688782762813056,0.9999960018469788,False
KCNG3,-0.039025214,0.086679645,0.9688702860604393,0.9999960018469788,False
ENSG00000261671,-0.039025214,0.2530131,0.9688702860604393,0.9999960018469788,False
CTRL,-0.039025214,0.2822471,0.9688702860604393,0.9999960018469788,False
TECTB,-0.039030224,0.33568,0.9688662909511782,0.9999960018469788,False
ENSG00000259048,-0.039030224,-0.015910417,0.9688662909511782,0.9999960018469788,False
C2CD4D-AS1,-0.03904526,0.32778034,0.9688543056280827,0.9999960018469788,False
ENSG00000263826,-0.03905027,0.67679226,0.9688503105219475,0.9999960018469788,False
OR5V1,-0.0390653,0.28262866,0.9688383252082327,0.9999960018469788,False
ENSG00000287332,-0.039075322,0.8300327,0.9688303350029995,0.9999960018469788,False
HLA-DPA3,-0.039075322,0.10684556,0.9688303350029995,0.9999960018469788,False
OTOAP1,-0.039080333,0.20967597,0.9688263399015563,0.9999960018469788,False
BRS3,-0.039080333,0.003385266,0.9688263399015563,0.9999960018469788,False
PLXDC1,-0.039085343,-0.13532864,0.9688223448008955,0.9999960018469788,False
GPR132,-0.039085343,0.06067161,0.9688223448008955,0.9999960018469788,False
WNT10B,-0.039085343,-0.16598117,0.9688223448008955,0.9999960018469788,False
DUSP4,-0.03909537,0.15210733,0.9688143546019212,0.9999960018469788,False
SELENOV,-0.03910038,-0.14022107,0.968810359503608,0.9999960018469788,False
CTSC,-0.03910539,0.07912241,0.9688063644060776,0.9999960018469788,False
ENSG00000269947,-0.03910539,0.21939033,0.9688063644060776,0.9999960018469788,False
ENSG00000240687,-0.0391104,0.008495205,0.96880236930933,0.9999960018469788,False
LINC00377,-0.03911541,0.056473047,0.9687983742133653,0.9999960018469788,False
LINC02672,-0.03911541,0.124341026,0.9687983742133653,0.9999960018469788,False
ENSG00000261654,-0.03912042,-0.20512016,0.9687943791181838,0.9999960018469788,False
LCP1,-0.03912042,0.09859352,0.9687943791181838,0.9999960018469788,False
WEE1,-0.03912543,-0.30482343,0.9687903840237855,0.9999960018469788,False
CHRNB2,-0.039130446,-0.12629008,0.9687863889301703,0.9999960018469788,False
SCTR,-0.039130446,-0.09555619,0.9687863889301703,0.9999960018469788,False
ACVR2B-AS1,-0.039130446,-0.09098185,0.9687863889301703,0.9999960018469788,False
ENSG00000285634,-0.039135456,-0.1361635,0.9687823938373386,0.9999960018469788,False
DCAF8L2,-0.039135456,-0.1409163,0.9687823938373386,0.9999960018469788,False
ENSG00000284846,-0.039135456,0.024346152,0.9687823938373386,0.9999960018469788,False
ABCA9,-0.039140467,-0.36890566,0.9687783987452901,0.9999960018469788,False
ENSG00000277692,-0.039140467,-0.1671247,0.9687783987452901,0.9999960018469788,False
ENSG00000260112,-0.039145477,-0.66369885,0.9687744036540255,0.9999960018469788,False
ENSG00000276772,-0.0391555,-0.44912893,0.968766413473847,0.9999960018469788,False
ENSG00000237250,-0.0391555,-0.44115755,0.968766413473847,0.9999960018469788,False
TMEM125,-0.03916552,-0.5193113,0.968758423296804,0.9999960018469788,False
MYB,-0.03916552,-0.17531155,0.968758423296804,0.9999960018469788,False
EMP2P1,-0.039175544,-0.55688477,0.9687504331228972,0.9999960018469788,False
ENSG00000284977,-0.039175544,-0.2114105,0.9687504331228972,0.9999960018469788,False
ENSG00000287968,-0.039180554,-0.43997207,0.9687464380371202,0.9999960018469788,False
LINC00290,-0.039195586,-0.7927113,0.9687344527844957,0.9999960018469788,False
TMEM252-DT,-0.039195586,-0.813537,0.9687344527844957,0.9999960018469788,False
PRKG2,-0.039205607,-0.29062784,0.9687264626200024,0.9999960018469788,False
BAAT,-0.039220642,-0.722344,0.9687144773791493,0.9999960018469788,False
KLHL34,-0.039220642,-0.5626019,0.9687144773791493,0.9999960018469788,False
GNA15,-0.039230663,-0.6957702,0.9687064872225062,0.9999960018469788,False
SND1-DT,-0.039250705,-1.1418501,0.9686905069186451,0.9999960018469788,False
FGF8,-0.039260726,-0.2916491,0.9686825167714288,0.9999960018469788,False
ENSG00000248516,-0.03926574,-1.2311367,0.9686785216989995,0.9999960018469788,False
CELF2-DT,-0.03927075,-0.5268482,0.9686745266273563,0.9999960018469788,False
PLSCR2,-0.039345913,-0.28196424,0.9686146006471038,0.9999960018469788,False
SCN1A-AS1,-0.039355937,-0.28504518,0.9686066105297865,0.9999960018469788,False
CIDEC,-0.039456155,-0.6003197,0.9685267095300755,0.9999960018469788,False
ONECUT2,-0.03959646,-0.82243025,0.9684148486614521,0.9999960018469788,False
CERS1,-0.039776854,-0.2792784,0.9682710284581189,0.9999960018469788,False
LINC02742,-0.046546638,0.19853808,0.9628745629994088,0.9999960018469788,False
GRIN2B,-0.048029877,0.12869681,0.9616924322806212,0.9999960018469788,False
SLC8A1-AS1,-0.05155758,0.21859127,0.9588812212505174,0.9999960018469788,False
RUNDC3B,-0.054473948,0.10434224,0.9565575648271353,0.9999960018469788,False
RERGL,-0.057340205,0.17038807,0.9542741933235862,0.9999960018469788,False
FSIP2LP,-0.05746047,0.2623307,0.9541783955983099,0.9999960018469788,False
HTR2C,-0.057490535,0.07732029,0.9541544462703733,0.9999960018469788,False
VAV1,-0.05789141,0.13617931,0.9538351258619931,0.9999960018469788,False
ENSG00000253500,-0.058021694,0.15534796,0.9537313483223564,0.9999960018469788,False
TMPRSS15,-0.058162,0.26655772,0.9536195887724295,0.9999960018469788,False
SCGB1B2P,-0.058202088,0.08723264,0.9535876576398664,0.9999960018469788,False
LINC02253,-0.058262218,0.23393781,0.9535397610807272,0.9999960018469788,False
MYL1,-0.058272243,0.60795504,0.9535317783371798,0.9999960018469788,False
SLC22A10,-0.05832235,0.3163724,0.9534918646893877,0.9999960018469788,False
SLC22A13,-0.058352415,0.43293032,0.9534679165566967,0.9999960018469788,False
ZNF689,-0.05836244,-0.0021220318,0.9534599338551353,0.9999960018469788,False
LINC02945,-0.058392502,0.4691117,0.9534359857784687,0.9999960018469788,False
GPRC5A,-0.05844261,0.07977964,0.953396072410798,0.9999960018469788,False
LINC02343,-0.058472678,-0.027697453,0.9533721244462952,0.9999960018469788,False
COX16,-0.058472678,0.14791924,0.9533721244462952,0.9999960018469788,False
ENSG00000249429,-0.0584827,0.13210255,0.9533641418008155,0.9999960018469788,False
ACP7,-0.058492724,0.26177597,0.9533561591600146,0.9999960018469788,False
ENSG00000229721,-0.058522787,-0.123269126,0.9533322112656919,0.9999960018469788,False
CR1,-0.058542833,0.3244479,0.9533162460262182,0.9999960018469788,False
LYPD4,-0.058552854,-0.099793546,0.9533082634135062,0.9999960018469788,False
QPCT,-0.058562875,0.07921725,0.9533002808054784,0.9999960018469788,False
ENSG00000260331,-0.058572896,0.2245694,0.9532922982021357,0.9999960018469788,False
ENSG00000267098,-0.058572896,-0.12391727,0.9532922982021357,0.9999960018469788,False
ABCA6,-0.05858292,-0.068571135,0.9532843156034788,0.9999960018469788,False
ENSG00000270091,-0.05858292,0.012240367,0.9532843156034788,0.9999960018469788,False
SCNN1A,-0.05859294,0.09098092,0.9532763330095086,0.9999960018469788,False
IL4,-0.058602963,0.20741573,0.953268350420226,0.9999960018469788,False
FAM162B,-0.058612984,-0.2566149,0.9532603678356315,0.9999960018469788,False
LINC01273,-0.058612984,0.08478471,0.9532603678356315,0.9999960018469788,False
ENSG00000274863,-0.058612984,-0.009399347,0.9532603678356315,0.9999960018469788,False
ENSG00000286474,-0.05862301,-0.21533665,0.9532523852557262,0.9999960018469788,False
ACSM5P1,-0.05863303,-0.068472594,0.9532444026805107,0.9999960018469788,False
ULBP3,-0.05864305,-0.09494632,0.9532364201099859,0.9999960018469788,False
LINC01847,-0.05865307,-0.025722912,0.9532284375441525,0.9999960018469788,False
ENSG00000286694,-0.058663096,0.13945489,0.9532204549830114,0.9999960018469788,False
FPR1,-0.058663096,-0.0936496,0.9532204549830114,0.9999960018469788,False
LINC02671,-0.058663096,-0.22371055,0.9532204549830114,0.9999960018469788,False
ENSG00000236341,-0.058673117,-0.018816046,0.9532124724265634,0.9999960018469788,False
MIR762HG,-0.058673117,-0.24054153,0.9532124724265634,0.9999960018469788,False
MAFB,-0.058673117,-0.25967363,0.9532124724265634,0.9999960018469788,False
ENSG00000236687,-0.05868314,-0.3310325,0.9532044898748092,0.9999960018469788,False
ADGRG6,-0.05868314,-0.19584687,0.9532044898748092,0.9999960018469788,False
ENSG00000229976,-0.05869316,-0.14489137,0.9531965073277497,0.9999960018469788,False
LINC02238,-0.05869316,-0.11173463,0.9531965073277497,0.9999960018469788,False
ENSG00000286194,-0.05869316,-0.15798374,0.9531965073277497,0.9999960018469788,False
QRFPR,-0.05869316,-0.29647756,0.9531965073277497,0.9999960018469788,False
PNMA6F,-0.05870318,-0.24225362,0.9531885247853857,0.9999960018469788,False
MTDHP1,-0.05870318,-0.16420473,0.9531885247853857,0.9999960018469788,False
ASPRV1,-0.05870318,-0.52540773,0.9531885247853857,0.9999960018469788,False
FMO9P,-0.058713205,-0.34129414,0.9531805422477179,0.9999960018469788,False
ENSG00000289158,-0.058723226,-0.27752894,0.9531725597147472,0.9999960018469788,False
CASR,-0.058723226,-0.4320204,0.9531725597147472,0.9999960018469788,False
EXOC3L1,-0.058723226,-0.35924274,0.9531725597147472,0.9999960018469788,False
PSMA6,-0.058723226,-0.3107008,0.9531725597147472,0.9999960018469788,False
SCN5A,-0.058763314,-0.89117897,0.9531406296298509,0.9999960018469788,False
TSIX,-0.058763314,-0.78908485,0.9531406296298509,0.9999960018469788,False
GRINA,-0.05879338,-1.05517,0.9531166821155369,0.9999960018469788,False
AHR,-0.05879338,-1.1981455,0.9531166821155369,0.9999960018469788,False
ENSG00000267053,-0.058813423,-0.81477445,0.9531007171295102,0.9999960018469788,False
ENSG00000261436,-0.058813423,-0.7715079,0.9531007171295102,0.9999960018469788,False
FAM135A-AS1,-0.058833465,-0.6077269,0.9530847521623036,0.9999960018469788,False
ENSG00000226868,-0.05884349,-0.61211115,0.9530767696857599,0.9999960018469788,False
SIAH3,-0.05884349,-0.47448468,0.9530767696857599,0.9999960018469788,False
LINC00621,-0.05892366,-0.26161897,0.9530129100429454,0.9999960018469788,False
SMIM21,-0.058973774,-0.23213597,0.9529729979193602,0.9999960018469788,False
RAMP2,-0.059073992,-1.0106932,0.9528931740261268,0.9999960018469788,False
ADARB2,-0.062220864,0.17828357,0.950386948289305,0.9999960018469788,False
GREB1L,-0.06566839,0.42083532,0.9476418383692915,0.9999960018469788,False
SREK1IP1,-0.06785316,0.12663959,0.945902524381598,0.9999960018469788,False
ABCA10,-0.07476826,0.3264114,0.940399095021881,0.9999960018469788,False
LINC02109,-0.07578047,0.3544836,0.9395937530076081,0.9999960018469788,False
LINC02789,-0.07671752,0.49588445,0.9388482686618269,0.9999960018469788,False
IL9,-0.07684279,0.48489168,0.9387486090260717,0.9999960018469788,False
RGPD1,-0.076927975,0.19087684,0.9386808410216475,0.9999960018469788,False
NYAP2,-0.076948024,0.05838378,0.9386648956733635,0.9999960018469788,False
PLPPR5-AS1,-0.077173516,0.2096602,0.9384855122012744,0.9999960018469788,False
ENSG00000287694,-0.07725369,0.13293546,0.9384217321629987,0.9999960018469788,False
ENSG00000227400,-0.07731382,0.3910068,0.9383738973935152,0.9999960018469788,False
ENSG00000277767,-0.077619486,0.44088668,0.9381307407573586,0.9999960018469788,False
NPM2,-0.07779988,-0.036167793,0.9379872411858178,0.9999960018469788,False
ENSG00000288087,-0.07783496,-0.023114847,0.9379593387250796,0.9999960018469788,False
TIRAP-AS1,-0.07786001,0.027963802,0.9379394084426191,0.9999960018469788,False
CEP63,-0.07787003,-0.03558641,0.9379314363405203,0.9999960018469788,False
ANKRD20A5P,-0.07793017,-0.026006622,0.9378836038586063,0.9999960018469788,False
ENSG00000287425,-0.07794019,0.0518171,0.9378756318000745,0.9999960018469788,False
ENSG00000285911,-0.07795522,-0.082694106,0.9378636737239526,0.9999960018469788,False
FOLH1,-0.07797025,-0.11013439,0.9378517156618443,0.9999960018469788,False
HEPHL1,-0.07807047,0.20014936,0.9377719956061104,0.9999960018469788,False
ENSG00000248245,-0.07807047,0.057008952,0.9377719956061104,0.9999960018469788,False
C10orf95-AS1,-0.078085504,0.25596592,0.9377600376515282,0.9999960018469788,False
ENSG00000287430,-0.07809052,0.23454434,0.9377560516697866,0.9999960018469788,False
ANKRD36BP2,-0.07809052,0.002773046,0.9377560516697866,0.9999960018469788,False
ZNF562,-0.078095526,-0.10692454,0.9377520656896048,0.9999960018469788,False
ENSG00000288902,-0.07811557,-0.12807013,0.9377361217844769,0.9999960018469788,False
ENSG00000249171,-0.07812058,-0.09443446,0.9377321358120952,0.9999960018469788,False
ENSG00000227107,-0.078150645,-0.12730275,0.9377082200105762,0.9999960018469788,False
TMEM150B,-0.078150645,-0.14018244,0.9377082200105762,0.9999960018469788,False
SYNPO,-0.07816568,-0.024684845,0.9376962621308879,0.9999960018469788,False
LINC01169,-0.07817069,-0.25152397,0.9376922761741141,0.9999960018469788,False
ENSG00000256654,-0.0781757,-0.1983756,0.9376882902189017,0.9999960018469788,False
SPATA3-AS1,-0.078180715,-0.27349836,0.9376843042652507,0.9999960018469788,False
ENSG00000253205,-0.07819574,-0.2984219,0.9376723464136674,0.9999960018469788,False
SLC51A,-0.0782208,-0.16320704,0.9376524166922664,0.9999960018469788,False
RBM38-AS1,-0.0782208,0.16458747,0.9376524166922664,0.9999960018469788,False
PAFAH1B2P2,-0.07823082,-0.053582482,0.9376444448146416,0.9999960018469788,False
ENSG00000230107,-0.07824084,-0.60272217,0.9376364729432669,0.9999960018469788,False
TMEM45B,-0.07824084,-0.38939306,0.9376364729432669,0.9999960018469788,False
INO80C,-0.07824084,-0.3153663,0.9376364729432669,0.9999960018469788,False
ENSG00000260970,-0.07825086,-0.38066646,0.9376285010781431,0.9999960018469788,False
SMIM47,-0.0782659,-0.09338599,0.9376165432921796,0.9999960018469788,False
RABGAP1L-DT,-0.07827091,-0.37721527,0.9376125573666514,0.9999960018469788,False
LINC01721,-0.07827592,-0.51187146,0.9376085714426866,0.9999960018469788,False
CILP,-0.07827592,-0.6256434,0.9376085714426866,0.9999960018469788,False
ENSG00000289132,-0.07828093,-0.35291728,0.9376045855202851,0.9999960018469788,False
LINC02005,-0.07828594,-0.33091637,0.9376005995994473,0.9999960018469788,False
ENSG00000278892,-0.07828594,-0.53317386,0.9376005995994473,0.9999960018469788,False
LINC02933,-0.078290954,-0.65410584,0.937596613680173,0.9999960018469788,False
GBX1,-0.078300975,-0.6064779,0.9375886418463156,0.9999960018469788,False
ENSG00000249863,-0.078300975,-0.4707201,0.9375886418463156,0.9999960018469788,False
ENSG00000249807,-0.078300975,-0.5052038,0.9375886418463156,0.9999960018469788,False
CYP4B1,-0.078300975,-0.47993273,0.9375886418463156,0.9999960018469788,False
HCP5,-0.078311,-0.43964344,0.937580670018714,0.9999960018469788,False
LINC02663,-0.07831601,-0.3874844,0.9375766841072594,0.9999960018469788,False
SPECC1P1,-0.07832102,-0.9063691,0.9375726981973689,0.9999960018469788,False
EZR-AS1,-0.07832102,-0.5210783,0.9375726981973689,0.9999960018469788,False
CERKL,-0.07832102,-0.3875068,0.9375726981973689,0.9999960018469788,False
FCN1,-0.07833605,-1.0002189,0.9375607404770838,0.9999960018469788,False
CD14,-0.07833605,-0.51906174,0.9375607404770838,0.9999960018469788,False
ENSG00000225594,-0.07833605,-0.9941866,0.9375607404770838,0.9999960018469788,False
PTPRC,-0.07834607,-0.60662293,0.9375527686713833,0.9999960018469788,False
ENSG00000288952,-0.07834607,-0.5350844,0.9375527686713833,0.9999960018469788,False
ENSG00000261285,-0.07834607,-1.1526448,0.9375527686713833,0.9999960018469788,False
GUCY2GP,-0.07834607,-1.1950103,0.9375527686713833,0.9999960018469788,False
BIN2,-0.07835109,-0.7571415,0.9375487827708803,0.9999960018469788,False
SLC39A1,-0.07835109,-0.28907254,0.9375487827708803,0.9999960018469788,False
HSD3BP4,-0.078356095,-1.4176252,0.9375447968719421,0.9999960018469788,False
SMIM43,-0.078366116,-0.31122229,0.9375368250787609,0.9999960018469788,False
ZFP57,-0.078366116,-1.3662412,0.9375368250787609,0.9999960018469788,False
PALM3,-0.07838616,-1.5941586,0.937520881511182,0.9999960018469788,False
LINC02046,-0.07840119,-1.4350706,0.9375089238519363,0.9999960018469788,False
ARF5,-0.07841623,-2.1369376,0.9374969662067839,0.9999960018469788,False
VPS33B-DT,-0.078421235,-0.3733994,0.9374929803281986,0.9999960018469788,False
SAP25,-0.07842625,-0.35241464,0.9374889944511797,0.9999960018469788,False
APOBEC3A,-0.07844629,-0.92605865,0.9374730509587692,0.9999960018469788,False
ADAM29,-0.07845631,-1.3413533,0.9374650792219644,0.9999960018469788,False
LGALS9,-0.07854651,-0.6972787,0.937393333872877,0.9999960018469788,False
ZDHHC19,-0.0785866,-0.9999466,0.9373614472141806,0.9999960018469788,False
PKHD1,-0.088257715,0.14537527,0.929671845307187,0.9999960018469788,False
HS6ST2,-0.09535321,0.17921513,0.9240342799193828,0.9999960018469788,False
DKK2,-0.095854305,0.12616847,0.9236362876241982,0.9999960018469788,False
LINC01117,-0.09619505,0.104118824,0.9233656637764535,0.9999960018469788,False
ENSG00000289349,-0.09637544,0.03310089,0.9232223959167742,0.9999960018469788,False
GLRA3,-0.096405506,0.052267954,0.9231985181821942,0.9999960018469788,False
KCNE1,-0.09709702,0.017734166,0.9226493494319206,0.9999960018469788,False
LINC02511,-0.09718721,0.14618522,0.922577721438149,0.9999960018469788,False
HTR4,-0.09739768,-0.106596105,0.9224105918954646,0.9999960018469788,False
ENSG00000286343,-0.09742774,-0.11245557,0.9223867165259984,0.9999960018469788,False
ENSG00000287469,-0.09744778,0.41786924,0.9223707996518731,0.9999960018469788,False
ENSG00000251205,-0.09752796,-0.1214574,0.9223071324663266,0.9999960018469788,False
ENSG00000275358,-0.09756804,-0.16506201,0.9222752990602148,0.9999960018469788,False
ENSG00000239381,-0.09759811,0.017662566,0.922251424087337,0.9999960018469788,False
ENSG00000285644,-0.097628176,-0.030771319,0.9222275491845165,0.9999960018469788,False
ENSG00000286662,-0.0976382,0.06775708,0.9222195908991485,0.9999960018469788,False
ELOF1,-0.09767829,0.14985326,0.9221877578355572,0.9999960018469788,False
ENSG00000283010,-0.09769833,-0.50361276,0.9221718413505013,0.9999960018469788,False
ENSG00000286211,-0.09771837,-0.23067524,0.9221559248966138,0.9999960018469788,False
EHF,-0.097738415,-0.28052276,0.9221400084739009,0.9999960018469788,False
SMPD2,-0.09778853,-0.26987788,0.9221002175535493,0.9999960018469788,False
ADGRG4,-0.09780857,-0.41727072,0.9220843012399975,0.9999960018469788,False
ENSG00000286980,-0.09782861,-0.49466524,0.9220683849576489,0.9999960018469788,False
NLRP12,-0.09782861,-0.36270505,0.9220683849576489,0.9999960018469788,False
ENSG00000235303,-0.09783864,-0.3469632,0.9220604268281777,0.9999960018469788,False
GALNT6,-0.09784866,-0.5534091,0.9220524687065097,0.9999960018469788,False
ENSG00000279304,-0.09784866,-0.46118653,0.9220524687065097,0.9999960018469788,False
ENSG00000271967,-0.0978687,-0.69763756,0.9220365524865863,0.9999960018469788,False
LAMB3,-0.0978687,-0.32759497,0.9220365524865863,0.9999960018469788,False
ENSG00000243969,-0.097878724,-0.6045895,0.9220285943883326,0.9999960018469788,False
PTCHD3,-0.097878724,-0.7493146,0.9220285943883326,0.9999960018469788,False
UGT3A2,-0.097878724,-0.87231135,0.9220285943883326,0.9999960018469788,False
ENSG00000223834,-0.097878724,-0.72004193,0.9220285943883326,0.9999960018469788,False
SLC13A1,-0.097888745,-0.75408846,0.9220206362978851,0.9999960018469788,False
COL8A2,-0.097888745,-0.7260407,0.9220206362978851,0.9999960018469788,False
PTGES2-AS1,-0.097888745,-0.53192866,0.9220206362978851,0.9999960018469788,False
RDM1,-0.09789877,-1.0459645,0.9220126782152448,0.9999960018469788,False
ENSG00000285587,-0.09789877,-0.6819391,0.9220126782152448,0.9999960018469788,False
LNCBRM,-0.09789877,-0.6106734,0.9220126782152448,0.9999960018469788,False
ANKRD26P1,-0.09790879,-0.632652,0.9220047201404123,0.9999960018469788,False
NPIPB1P,-0.09790879,-0.8543821,0.9220047201404123,0.9999960018469788,False
CDRT4,-0.09791881,-0.8806939,0.9219967620733887,0.9999960018469788,False
LINC02416,-0.09791881,-1.0408411,0.9219967620733887,0.9999960018469788,False
FCRL2,-0.09792884,-0.8018264,0.9219888040141745,0.9999960018469788,False
ENSG00000276136,-0.09794888,-0.8475896,0.9219728879191776,0.9999960018469788,False
ENSG00000285886,-0.09796892,-0.49741423,0.9219569718554284,0.9999960018469788,False
C1QTNF12,-0.09797894,-0.6554229,0.9219490138352735,0.9999960018469788,False
ENSG00000249631,-0.09798896,-0.51658654,0.9219410558229328,0.9999960018469788,False
TIPARP-AS1,-0.098009005,-1.1655059,0.9219251398216974,0.9999960018469788,False
ENSG00000267952,-0.098009005,-2.0691924,0.9219251398216974,0.9999960018469788,False
PARP15,-0.09801903,-1.8645228,0.9219171818328042,0.9999960018469788,False
LINC02984,-0.09808918,-0.50738716,0.921861476129484,0.9999960018469788,False
PLAAT2,-0.09813929,-1.1684957,0.9218216865760708,0.9999960018469788,False
CAMK1G,-0.09834975,-0.6624544,0.9216545725896337,0.9999960018469788,False
ANO4,-0.10096546,0.19354619,0.9195778754521465,0.9999960018469788,False
CUX2,-0.105289906,0.24925263,0.9161457714281032,0.9999960018469788,False
ENSG00000228566,-0.10557052,0.13280742,0.9159231157725954,0.9999960018469788,False
ZSWIM1,-0.10575091,0.27117884,0.9157799834760301,0.9999960018469788,False
LINC01830,-0.10904811,0.24148484,0.9131643288880839,0.9999960018469788,False
SPRY3,-0.11167886,0.211389,0.9110780434985479,0.9999960018469788,False
LINC02240,-0.11242048,0.16543283,0.9104900198316326,0.9999960018469788,False
LINC01811,-0.114013955,0.0038326613,0.9092267298177255,0.9999960018469788,False
ENSG00000266268,-0.11550221,0.23752609,0.9080470718130562,0.9999960018469788,False
ENSG00000287860,-0.11636409,0.073871724,0.9073639954157895,0.9999960018469788,False
ENSG00000234426,-0.11670483,0.012105538,0.9070939608236073,0.9999960018469788,False
AOAH,-0.11679002,-0.04085192,0.9070264538521834,0.9999960018469788,False
CKMT1B,-0.11702553,-0.13336645,0.9068398204278546,0.9999960018469788,False
GHDC,-0.11717085,-0.35881823,0.9067246661995316,0.9999960018469788,False
MASTL,-0.11718087,-0.19962248,0.9067167246008587,0.9999960018469788,False
IGSF3,-0.11720092,-0.24395281,0.9067008414314931,0.9999960018469788,False
THEMIS,-0.117205925,-0.15893073,0.9066968706449814,0.9999960018469788,False
LINC02395,-0.11722096,-0.25149256,0.9066849582994394,0.9999960018469788,False
APOH,-0.11723098,-0.32794973,0.9066770167474063,0.9999960018469788,False
B3GALT6,-0.117271066,-0.26500314,0.9066452506325856,0.9999960018469788,False
LINC02201,-0.117316164,-0.2919165,0.9066095139319175,0.9999960018469788,False
MAP2K5-DT,-0.11732118,-0.44950843,0.9066055431990687,0.9999960018469788,False
NXNL2,-0.11735124,-0.39737287,0.9065817188510013,0.9999960018469788,False
OTOG,-0.11735124,-0.373968,0.9065817188510013,0.9999960018469788,False
ENSG00000231977,-0.11736126,-0.3257817,0.9065737774203239,0.9999960018469788,False
SLCO4C1,-0.11736628,-0.6300229,0.9065698067084879,0.9999960018469788,False
TRIM54,-0.11738632,-0.6217172,0.9065539238844971,0.9999960018469788,False
RIMS4,-0.11738632,-0.65964437,0.9065539238844971,0.9999960018469788,False
ROPN1L,-0.117401354,-0.5683554,0.9065420117910279,0.9999960018469788,False
ENSG00000272942,-0.117401354,-0.61031467,0.9065420117910279,0.9999960018469788,False
HMGB1P1,-0.117411375,-0.48636696,0.9065340704070611,0.9999960018469788,False
MRLN,-0.11741639,-0.5608346,0.9065300997185819,0.9999960018469788,False
ANKRD30B,-0.11741639,-0.40874594,0.9065300997185819,0.9999960018469788,False
ENSG00000285718,-0.11741639,-0.6973201,0.9065300997185819,0.9999960018469788,False
DQX1,-0.11743643,-0.722749,0.9065142169880281,0.9999960018469788,False
ENSG00000285529,-0.11745647,-1.0706062,0.9064983342948603,0.9999960018469788,False
GLYATL2,-0.117466494,-1.1803347,0.9064903929622979,0.9999960018469788,False
DNAJA4-DT,-0.117466494,-1.1398579,0.9064903929622979,0.9999960018469788,False
SILC1,-0.11747151,-0.46943963,0.9064864222995225,0.9999960018469788,False
HYAL3,-0.11748654,-1.2385728,0.9064745103252205,0.9999960018469788,False
ENSG00000234275,-0.11749656,-1.4486248,0.906466569020707,0.9999960018469788,False
LINC00570,-0.11749656,-1.5620439,0.906466569020707,0.9999960018469788,False
TMPRSS7,-0.117506586,-1.940632,0.9064586277255446,0.9999960018469788,False
NOX3,-0.117506586,-0.85830593,0.9064586277255446,0.9999960018469788,False
SCAMP1-AS1,-0.11751159,-0.96494097,0.9064546570814704,0.9999960018469788,False
RN7SKP140,-0.11751661,-1.2314099,0.9064506864397343,0.9999960018469788,False
MYRF,-0.11751661,-1.4091879,0.9064506864397343,0.9999960018469788,False
ARL4D,-0.11752663,-1.3638961,0.9064427451632766,0.9999960018469788,False
ENSG00000217334,-0.11752663,-2.2700942,0.9064427451632766,0.9999960018469788,False
EFCAB14-AS1,-0.11752663,-2.121435,0.9064427451632766,0.9999960018469788,False
EEF1AKMT4-ECE2,-0.11753665,-1.7668185,0.9064348038961726,0.9999960018469788,False
JAKMIP1,-0.117541656,-2.028769,0.9064308332661284,0.9999960018469788,False
CIDEA,-0.11755669,-1.5207454,0.9064189213900281,0.9999960018469788,False
CCDC194,-0.11756671,-1.8060144,0.9064109801509893,0.9999960018469788,False
ENSG00000233942,-0.11757673,-1.1887882,0.9064030389213072,0.9999960018469788,False
GPR179,-0.11759177,-1.2391012,0.9063911270943296,0.9999960018469788,False
STAG3L5P,-0.11759678,-0.7333766,0.9063871564900162,0.9999960018469788,False
CPN1,-0.11762183,-1.999402,0.9063673035035478,0.9999960018469788,False
SPAAR,-0.117626846,-0.9224071,0.9063633329132744,0.9999960018469788,False
NOP2,-0.1177872,-0.90964776,0.906236275260769,0.9999960018469788,False
PSMC5,-0.11935562,0.08922463,0.9049936196255333,0.9999960018469788,False
ENSG00000288597,-0.12801453,0.18656847,0.8981374761699481,0.9999960018469788,False
GABRG3,-0.12870604,0.11990433,0.8975902577684175,0.9999960018469788,False
MMP16,-0.1319431,0.22051267,0.8950292929789199,0.9999960018469788,False
MAP7D2,-0.13325597,0.029014241,0.8939909456471721,0.9999960018469788,False
ABCA13,-0.13359672,0.15601988,0.8937214805383895,0.9999960018469788,False
LINC02259,-0.13384727,0.28528485,0.8935233522529195,0.9999960018469788,False
ENSG00000286456,-0.13391742,0.23188473,0.8934678775230904,0.9999960018469788,False
ADGRL3-AS1,-0.13448866,0.16004539,0.8930161741470227,0.9999960018469788,False
ASIP,-0.13535054,-0.025775965,0.892334722494239,0.9999960018469788,False
ENSG00000277602,-0.13598193,-0.08617637,0.8918355699561012,0.9999960018469788,False
NARS1P2,-0.13603203,0.039075863,0.8917959565082261,0.9999960018469788,False
ZC3H12A,-0.13640285,-0.009096384,0.8915028253927556,0.9999960018469788,False
SLC30A3,-0.13653313,-0.1278846,0.8913998368968792,0.9999960018469788,False
LINC02770,-0.13668346,-0.28381976,0.891281006293529,0.9999960018469788,False
SPHKAP,-0.1367035,-0.2720975,0.8912651623975039,0.9999960018469788,False
RIOK2,-0.13672355,-0.07284116,0.8912493185448915,0.9999960018469788,False
TBPL2,-0.13674359,-0.19065408,0.8912334747356987,0.9999960018469788,False
SHISAL2A,-0.13680372,-0.39086494,0.8911859435686982,0.9999960018469788,False
LINC02197,-0.13682376,-0.281241,0.891170099933245,0.9999960018469788,False
ENSG00000225421,-0.13686386,-0.44983017,0.8911384127926963,0.9999960018469788,False
ENSG00000251569,-0.1368839,-0.36848068,0.8911225692876136,0.9999960018469788,False
ENSG00000287154,-0.1368839,-0.26752716,0.8911225692876136,0.9999960018469788,False
LINC02505,-0.13691396,-0.622992,0.891098804111496,0.9999960018469788,False
LINC01666,-0.13695405,-0.52505934,0.8910671173621849,0.9999960018469788,False
CYP4F26P,-0.13696407,-0.58328617,0.8910591957020372,0.9999960018469788,False
CKMT1A,-0.13696407,-0.6593543,0.8910591957020372,0.9999960018469788,False
EIF5AL1,-0.1369741,-0.8595421,0.891051274052763,0.9999960018469788,False
KLHL41,-0.13699414,-0.69332635,0.8910354307868383,0.9999960018469788,False
ENSG00000284657,-0.13699414,-0.81689316,0.8910354307868383,0.9999960018469788,False
CDC42EP3,-0.13701418,-0.787032,0.8910195875644173,0.9999960018469788,False
COX14,-0.1370242,-0.9766496,0.8910116659695226,0.9999960018469788,False
CACNG1,-0.1370242,-1.1886523,0.8910116659695226,0.9999960018469788,False
KCNJ15,-0.13703422,-0.82481235,0.8910037443855062,0.9999960018469788,False
ENSG00000254718,-0.13703422,-1.0367789,0.8910037443855062,0.9999960018469788,False
LINC00452,-0.13704425,-0.91439575,0.8909958228123688,0.9999960018469788,False
SYCE1,-0.1370643,-0.9010038,0.8909799796987342,0.9999960018469788,False
TGFA,-0.1370743,-1.8574406,0.8909720581582385,0.9999960018469788,False
ZNF785,-0.13708434,-1.711005,0.8909641366286252,0.9999960018469788,False
ENSG00000228404,-0.13708434,-1.3726037,0.8909641366286252,0.9999960018469788,False
ENSG00000286308,-0.13709435,-1.283968,0.8909562151098945,0.9999960018469788,False
CORO1A,-0.13710438,-2.1574318,0.8909482936020477,0.9999960018469788,False
LINC01547,-0.13712442,-1.4949726,0.8909324506190083,0.9999960018469788,False
ENSG00000236892,-0.13713445,-2.1739779,0.8909245291438174,0.9999960018469788,False
ENSG00000248434,-0.13714446,-2.3650424,0.8909166076795131,0.9999960018469788,False
TSGA13,-0.13714446,-2.0668123,0.8909166076795131,0.9999960018469788,False
ABCG8,-0.13719457,-1.9032962,0.8908770005213221,0.9999960018469788,False
ENSG00000111780,-0.13719457,-1.5281081,0.8908770005213221,0.9999960018469788,False
ENSG00000232006,-0.13722464,-0.3969078,0.8908532363570995,0.9999960018469788,False
ENSG00000265554,-0.13724469,-1.4286338,0.890837393635419,0.9999960018469788,False
RAB40A,-0.13727474,-1.515535,0.8908136296346161,0.9999960018469788,False
RPP25,-0.13756539,-1.2056372,0.8905839160198885,0.9999960018469788,False
UCHL1,-0.13886823,0.08822347,0.8895542784670558,0.9999960018469788,False
EDIL3,-0.14571819,0.00023764971,0.8841438652304155,0.9999960018469788,False
CHODL,-0.14986223,0.1377512,0.8808733084064903,0.9999960018469788,False
RGS7BP,-0.15206705,0.11820233,0.8791340538625261,0.9999960018469788,False
LY86-AS1,-0.15330476,0.14529832,0.8781579545926537,0.9999960018469788,False
MIR137HG,-0.15393613,0.044837683,0.8776600966499266,0.9999960018469788,False
ENSG00000248373,-0.15461762,-0.058973383,0.8771227804758215,0.9999960018469788,False
RUNX2,-0.15462764,0.09971333,0.8771148791891834,0.9999960018469788,False
TCEAL6,-0.15486315,-0.060260177,0.8769292024796906,0.9999960018469788,False
PLPPR4,-0.15553463,-0.10483005,0.8763998635401081,0.9999960018469788,False
LINC01476,-0.15567492,-0.075476356,0.87628926237798,0.9999960018469788,False
ZMYND15,-0.15592046,-0.13523296,0.8760957161584189,0.9999960018469788,False
ENSG00000289351,-0.15599062,-0.13562386,0.8760404185989937,0.9999960018469788,False
ENSG00000286417,-0.15610085,-0.23560406,0.8759535236568968,0.9999960018469788,False
CRNDE,-0.15618104,-0.2505475,0.8758903282745308,0.9999960018469788,False
DACT1,-0.1562111,-0.31524917,0.8758666302101336,0.9999960018469788,False
ENSG00000287637,-0.1562111,-0.10468872,0.8758666302101336,0.9999960018469788,False
SDK1-AS1,-0.15623114,-0.29528332,0.8758508315623673,0.9999960018469788,False
ENSG00000227017,-0.15627624,-0.25022802,0.8758152847857874,0.9999960018469788,False
SMARCE1P5,-0.15628625,-0.28299332,0.8758073855361227,0.9999960018469788,False
C20orf204,-0.15629628,-0.37975505,0.8757994862988303,0.9999960018469788,False
MBD4,-0.15633136,-0.16702825,0.8757718390657514,0.9999960018469788,False
ENSG00000228560,-0.15639149,-0.4509089,0.875724444161777,0.9999960018469788,False
PROX1-AS1,-0.15643159,-0.41146716,0.8756928478067285,0.9999960018469788,False
GNAT2,-0.15647668,-0.5446826,0.8756573021441393,0.9999960018469788,False
RSPH10B2,-0.15649672,-0.54218334,0.8756415041523896,0.9999960018469788,False
SPAG6,-0.15651175,-0.4368748,0.8756296556910974,0.9999960018469788,False
HABP2,-0.15655184,-0.57736355,0.8755980599306138,0.9999960018469788,False
ENSG00000287901,-0.15657188,-0.73741364,0.8755822621247267,0.9999960018469788,False
ENSG00000267627,-0.15659694,-1.0167779,0.8755625149370876,0.9999960018469788,False
HNF1B,-0.15660195,-1.0268021,0.8755585655088567,0.9999960018469788,False
TRIM67,-0.15660696,-1.1440022,0.875554616083725,0.9999960018469788,False
ENSG00000260555,-0.15660696,-1.1164191,0.875554616083725,0.9999960018469788,False
TUFT1,-0.15663703,-0.71297956,0.8755309195980238,0.9999960018469788,False
ENSG00000275846,-0.15664203,-1.8728524,0.8755269701945892,0.9999960018469788,False
LINC00927,-0.15664203,-0.9556654,0.8755269701945892,0.9999960018469788,False
ENSG00000257548,-0.15666208,-1.9510632,0.875511172611852,0.9999960018469788,False
ENSG00000268531,-0.1566721,-1.2855182,0.8755032738390851,0.9999960018469788,False
FBLN7,-0.15668714,-0.67978424,0.8754914257031893,0.9999960018469788,False
ENSG00000254261,-0.15669215,-1.2742965,0.875487476330759,0.9999960018469788,False
UBTFL9,-0.15669715,-3.1290708,0.8754835269614295,0.9999960018469788,False
ARHGAP8,-0.15672722,-2.3146203,0.8754598308105784,0.9999960018469788,False
NARF-AS2,-0.15678234,-3.385893,0.8754163881573684,0.9999960018469788,False
ENSG00000273424,-0.15681241,-1.1008848,0.8753926923229374,0.9999960018469788,False
SLC4A10,-0.15852115,0.20307389,0.874046163305299,0.9999960018469788,False
ADAMTSL1,-0.16020481,0.13738258,0.8727197347996996,0.9999960018469788,False
EPIC1,-0.16778137,-0.0010838696,0.8667552863109173,0.9999960018469788,False
ENSG00000233928,-0.16899401,0.1239378,0.8658013537575395,0.9999960018469788,False
ENSG00000260658,-0.17339362,0.012206442,0.8623420429492816,0.9999960018469788,False
LINC02350,-0.17341366,-0.020478958,0.8623262889782872,0.9999960018469788,False
PXN-AS1,-0.17403501,0.09690997,0.8618379430681482,0.9999960018469788,False
RMI2,-0.17485681,0.035892725,0.8611921473538983,0.9999960018469788,False
PEF1-AS1,-0.17499712,0.01811938,0.8610818988110088,0.9999960018469788,False
SMARCAD1-DT,-0.1756285,-0.20346983,0.8605858138965429,0.9999960018469788,False
WBP1,-0.17580889,-0.52368337,0.8604440854444713,0.9999960018469788,False
VWC2,-0.17583896,-0.40348426,0.860420464472669,0.9999960018469788,False
OR7E26P,-0.1760895,-0.619521,0.8602236278992755,0.9999960018469788,False
ENSG00000261261,-0.17609952,-0.57378757,0.860215754616887,0.9999960018469788,False
IGFBP2,-0.17613961,-0.7055509,0.8601842616262919,0.9999960018469788,False
CRIP3,-0.17615965,-0.6917752,0.8601685152143805,0.9999960018469788,False
ENSG00000268643,-0.17616968,-1.1851295,0.860160642029274,0.9999960018469788,False
LPA,-0.17617969,-1.2421807,0.8601527688580681,0.9999960018469788,False
LINC01854,-0.17619975,-0.8233937,0.8601370225573607,0.9999960018469788,False
ASPHD1,-0.1762298,-1.1606311,0.8601134032105726,0.9999960018469788,False
CYP2S1,-0.17625988,-1.3595666,0.8600897839889305,0.9999960018469788,False
ARAP3,-0.17632,-1.0728773,0.8600425459211667,0.9999960018469788,False
RAD51AP1,-0.1764503,-1.3341541,0.8599401984926978,0.9999960018469788,False
STAT4,-0.17727208,-0.82944965,0.8592946767000817,0.9999960018469788,False
ZNF316,-0.17910609,0.15725683,0.8578544007126647,0.9999960018469788,False
CDH8,-0.18201244,0.17192046,0.8555729667637203,0.9999960018469788,False
CFL1,-0.18650725,0.18195456,0.8520469937346187,0.9999960018469788,False
COPS6,-0.18990467,-0.038127173,0.8493838339326965,0.9999960018469788,False
ENSG00000284642,-0.19040075,0.45350215,0.8489951084776232,0.9999960018469788,False
MOBP,-0.19119748,0.025280232,0.8483708687121627,0.9999960018469788,False
KCNJ6,-0.19252038,0.0016702965,0.8473346053334653,0.9999960018469788,False
ENSG00000232053,-0.19487552,-0.22986156,0.8454903967104637,0.9999960018469788,False
LINC03113,-0.1950058,-0.20086227,0.8453884012695176,0.9999960018469788,False
ENSG00000253331,-0.19511604,-0.27540234,0.8453020994587681,0.9999960018469788,False
SAMD12-AS1,-0.19513609,-0.30895305,0.8452864084198585,0.9999960018469788,False
NETO1-DT,-0.19523631,-0.37908494,0.8452079541460069,0.9999960018469788,False
ENSG00000250137,-0.19530146,-0.2993586,0.8451569596911261,0.9999960018469788,False
EPHA10,-0.1953265,-0.4363851,0.8451373466119859,0.9999960018469788,False
MIS18A-AS1,-0.19544175,-0.34096017,0.8450471276843879,0.9999960018469788,False
BTLA,-0.19544677,-0.28030604,0.8450432051684083,0.9999960018469788,False
LINC02669,-0.19546181,-0.368141,0.845031437643519,0.9999960018469788,False
THORLNC,-0.19547683,-0.51387835,0.8450196701532068,0.9999960018469788,False
ENSG00000275409,-0.1955019,-0.5152002,0.8450000577461978,0.9999960018469788,False
ENSG00000263731,-0.19554698,-0.5156074,0.844964755655676,0.9999960018469788,False
IBA57-DT,-0.19558708,-0.53642464,0.8449333762810123,0.9999960018469788,False
ACAA2P1,-0.19572237,-1.0295478,0.8448274727082159,0.9999960018469788,False
CMTM8,-0.19577749,-0.8344433,0.8447843276120658,0.9999960018469788,False
ENSG00000287224,-0.1957825,-1.3217783,0.8447804053536828,0.9999960018469788,False
ENSG00000253653,-0.19581757,-1.0672749,0.8447529496527499,0.9999960018469788,False
DPP3-DT,-0.1958226,-1.2342662,0.8447490274251531,0.9999960018469788,False
AANAT,-0.19583261,-2.4910476,0.8447411829815059,0.9999960018469788,False
MTFP1,-0.19630364,-1.615017,0.8443725115094045,0.9999960018469788,False
NEFM,-0.20111415,0.12044877,0.8406093216033326,0.9999960018469788,False
TEX11,-0.2054035,0.14377344,0.8372568770525843,0.9999960018469788,False
ROBO2,-0.20680156,0.10642782,0.8361648345409679,0.9999960018469788,False
MAPK11,-0.2071874,0.03094437,0.8358635019623242,0.9999960018469788,False
ENSG00000289159,-0.20719743,0.01692887,0.8358556754628717,0.9999960018469788,False
GABRG2,-0.20834994,0.010487964,0.8349557366158222,0.9999960018469788,False
BCORP1,-0.21039441,0.21185815,0.8333598556963371,0.9999960018469788,False
CRYGS,-0.21206807,-0.12401746,0.8320539343624828,0.9999960018469788,False
ZFP28,-0.214784,-0.34197366,0.8299357323871808,0.9999960018469788,False
ENSG00000159239,-0.21496439,-0.59024185,0.829795083589312,0.9999960018469788,False
CHIC2,-0.2149744,-0.5004533,0.8297872699270847,0.9999960018469788,False
UTP14A,-0.21514478,-0.6915239,0.8296544402454535,0.9999960018469788,False
LINC01821,-0.21516483,-0.6281781,0.8296388135441041,0.9999960018469788,False
SLC25A10,-0.21526505,-0.7893833,0.8295606810483762,0.9999960018469788,False
LINC03048,-0.21530513,-1.3337619,0.8295294285220062,0.9999960018469788,False
CPNE7,-0.21531515,-1.5125853,0.8295216154325588,0.9999960018469788,False
ENSG00000265055,-0.21534522,-1.5706568,0.829498176265377,0.9999960018469788,False
ENSG00000271185,-0.21537529,-1.9895127,0.8294747372499516,0.9999960018469788,False
ADAMTS18,-0.21539533,-0.8626679,0.8294591113239869,0.9999960018469788,False
LINC02871,-0.2154254,-2.230373,0.8294356725615335,0.9999960018469788,False
SLC22A24,-0.21549554,-0.9651151,0.8293809827062163,0.9999960018469788,False
LCK,-0.21553564,-1.767726,0.829349731731511,0.9999960018469788,False
RPUSD1,-0.21612693,-0.86896604,0.8288888112441904,0.9999960018469788,False
HECW1,-0.22587822,0.11371322,0.821296138599936,0.9999960018469788,False
LUZP2,-0.22593835,0.019219939,0.8212493695394836,0.9999960018469788,False
ERC2,-0.23041813,0.19589637,0.8177668725632321,0.9999960018469788,False
PRDM4,-0.23126999,-0.102821164,0.8171050573203785,0.9999960018469788,False
SLC22A6,-0.2324676,-0.02048424,0.8161748435364079,0.9999960018469788,False
KCNAB1,-0.23291859,-0.14098231,0.8158246208732236,0.9999960018469788,False
TDRG1,-0.2331491,-0.05423532,0.8156456323803818,0.9999960018469788,False
PRKCH,-0.23332448,-0.18271539,0.8155094519268213,0.9999960018469788,False
ENSG00000238280,-0.23364016,-0.19807623,0.8152643411558878,0.9999960018469788,False
KIF20B,-0.23414627,-0.29043537,0.8148714235257968,0.9999960018469788,False
TRABD2A,-0.23419137,-0.37183347,0.8148364133215679,0.9999960018469788,False
NKAIN1,-0.23420139,-0.34972012,0.8148286333263962,0.9999960018469788,False
ALB,-0.23452711,-0.48929963,0.814575793428213,0.9999960018469788,False
ENSG00000286923,-0.23455216,-0.6269403,0.8145563450049087,0.9999960018469788,False
ENSG00000235140,-0.23463735,-0.6280746,0.8144902212206399,0.9999960018469788,False
NSG2,-0.23479268,-0.7622301,0.8143696459579953,0.9999960018469788,False
MTFR2,-0.23482776,-0.9100343,0.8143424198943042,0.9999960018469788,False
ZNF114-AS1,-0.23499814,-2.09249,0.8142101822040676,0.9999960018469788,False
LINC01219,-0.23506327,-2.144432,0.8141596221332186,0.9999960018469788,False
IL11RA,-0.23506829,-0.4931197,0.8141557329290642,0.9999960018469788,False
RBM34,-0.23508833,-2.4085562,0.814140176158259,0.9999960018469788,False
EGR3,-0.23517352,-1.4824446,0.8140740607002083,0.9999960018469788,False
APBB1,-0.23605043,0.10622963,0.813393537474113,0.9999960018469788,False
GABBR2,-0.2407106,0.1326942,0.8097794177205647,0.9999960018469788,False
SRRM3,-0.24329625,0.02443316,0.8077759071961976,0.9999960018469788,False
TCOF1,-0.2442784,0.08912828,0.807015213327919,0.9999960018469788,False
MARCHF1,-0.24466924,0.05601704,0.806712538938527,0.9999960018469788,False
FAM178B,-0.25068238,0.061937604,0.8020596839947017,0.9999960018469788,False
PCDH11X,-0.25098804,0.24557848,0.8018233497207427,0.9999960018469788,False
LINC02607,-0.251424,-0.06446896,0.8014863141797192,0.9999960018469788,False
B4GALNT3,-0.2531578,-0.26865822,0.8001462861368429,0.9999960018469788,False
CDH22,-0.25360876,-0.3355652,0.7997978201490786,0.9999960018469788,False
COL9A1,-0.25391945,-0.4898116,0.799557788981609,0.9999960018469788,False
BORCS6,-0.25394952,-0.54822505,0.7995345611634614,0.9999960018469788,False
CD300LG,-0.25412992,-0.6409299,0.7993951979795583,0.9999960018469788,False
DNAI2,-0.2544005,-1.0029601,0.7991861651839309,0.9999960018469788,False
ENSG00000286565,-0.25442055,-1.1653636,0.7991706818453698,0.9999960018469788,False
RNU6-411P,-0.25447065,-1.3244369,0.7991319738444201,0.9999960018469788,False
ADGRL2,-0.2567456,0.031689856,0.7973751518925697,0.9999960018469788,False
SUPT5H,-0.25931123,0.16864681,0.7953951213566299,0.9999960018469788,False
CSMD1,-0.26156113,0.117868446,0.7936598107517557,0.9999960018469788,False
DNM1,-0.26156613,0.037697244,0.7936559470538145,0.9999960018469788,False
CTXND1,-0.27013987,0.09281124,0.7870526521801293,0.9999960018469788,False
EYA4,-0.27037036,0.031445753,0.7868753323610493,0.9999960018469788,False
CCR10,-0.27252507,-0.23945245,0.7852183131584932,0.9999960018469788,False
KIF2C,-0.2730863,-0.4405567,0.7847868768489563,0.9999960018469788,False
GAD2,-0.27311638,-0.4173416,0.7847637660542953,0.9999960018469788,False
ENSG00000287172,-0.27334186,-0.43852127,0.7845904411446457,0.9999960018469788,False
SAMMSON,-0.27336693,-0.49046022,0.784571183480635,0.9999960018469788,False
KCNH4,-0.2734521,-0.53620553,0.784505708409661,0.9999960018469788,False
PLPP5,-0.27374274,-0.7140773,0.7842823343544697,0.9999960018469788,False
MET,-0.27385798,-0.7363268,0.7841937599075447,0.9999960018469788,False
SLC16A6P1,-0.27387804,-1.0061628,0.7841783559412475,0.9999960018469788,False
ENSG00000286618,-0.27423882,-3.4448638,0.7839010990133036,0.9999960018469788,False
DNMT1,-0.27775148,0.04532157,0.7812031334855463,0.9999960018469788,False
NFE2L1,-0.2818805,0.03646282,0.7780351393897617,0.9999960018469788,False
LINC01378,-0.2884248,0.03698309,0.7730215912059439,0.9999960018469788,False
ENSG00000275649,-0.29150152,-0.11495265,0.7706677878181579,0.9999960018469788,False
IQANK1,-0.29252374,-0.31244212,0.7698862083929776,0.9999960018469788,False
ENSG00000287766,-0.2928244,-0.54412884,0.7696563765297092,0.9999960018469788,False
TUBBP9,-0.29308498,-0.5545654,0.7694572052807706,0.9999960018469788,False
DBX2-AS1,-0.29331547,0.111614,0.769281028008055,0.9999960018469788,False
CNTNAP5,-0.29335555,0.12299271,0.7692503896979901,0.9999960018469788,False
LINC02405,-0.29335555,-0.7442443,0.7692503896979901,0.9999960018469788,False
ENSG00000237268,-0.2934257,-1.0261555,0.7691967735223788,0.9999960018469788,False
CCND1,-0.2939268,-1.1268275,0.7688138329501532,0.9999960018469788,False
RNF128,-0.2942375,-0.38448292,0.7685764381124855,0.9999960018469788,False
LINC01320,-0.29577583,0.13822287,0.7674012709281316,0.9999960018469788,False
GPC6,-0.29771507,0.0030030392,0.7659206332682482,0.9999960018469788,False
CEP295,-0.30497092,0.16794331,0.7603882980559079,0.9999960018469788,False
REDIC1,-0.30778205,-0.03059441,0.7582481723669268,0.9999960018469788,False
SCN2A,-0.30956095,0.005614408,0.756894859106749,0.9999960018469788,False
BCL11A,-0.31064332,-0.24695659,0.7560717990189888,0.9999960018469788,False
BMS1P4-AGAP5,-0.3121917,-0.3579498,0.7548948470870377,0.9999960018469788,False
ENSG00000287360,-0.31221676,-0.46770844,0.754875807226864,0.9999960018469788,False
SGSM1,-0.31228188,-0.33066642,0.7548263042874725,0.9999960018469788,False
ENSG00000285646,-0.31317383,-1.2644818,0.7541485961817485,0.9999960018469788,False
ADGRE1,-0.31355467,-1.7934684,0.7538592952976682,0.9999960018469788,False
CDH6,-0.31386033,-1.3650312,0.7536271182603151,0.9999960018469788,False
LINC00508,-0.31396556,-1.6676248,0.7535471936133812,0.9999960018469788,False
AK5,-0.31620544,0.21096756,0.7518465679882038,0.9999960018469788,False
EIF3A,-0.32042468,0.047753,0.7486464286901708,0.9999960018469788,False
ST3GAL1-DT,-0.32605696,-0.03812125,0.7443812555962837,0.9999960018469788,False
SULT4A1,-0.32738987,-0.1244073,0.743373022512785,0.9999960018469788,False
PPP1R16B,-0.3283219,-0.16230686,0.742668278659838,0.9999960018469788,False
ANK3,-0.3298202,0.09329771,0.7415358361153515,0.9999960018469788,False
ANK1,-0.33284178,-0.5086489,0.7392537180697902,0.9999960018469788,False
ENSG00000223393,-0.33594856,-0.14246958,0.7369096538101388,0.9999960018469788,False
LINC03000,-0.34043837,-0.05937948,0.7335264284958295,0.9999960018469788,False
NMNAT2,-0.34379068,-0.059679605,0.7310037034057482,0.9999960018469788,False
ENSG00000288088,-0.3484258,0.080620855,0.7275204222153586,0.9999960018469788,False
ENSG00000268460,-0.3502598,-0.27877188,0.7261437209625914,0.9999960018469788,False
ENSG00000285876,-0.3524947,-2.086648,0.7244672968625592,0.9999960018469788,False
ENSG00000288871,-0.35265505,-0.9784779,0.7243470659827791,0.9999960018469788,False
ENSG00000287001,-0.3625366,0.051339038,0.7169510621788922,0.9999960018469788,False
ENSG00000253693,-0.363158,-0.077323355,0.716486876343221,0.9999960018469788,False
CRACDL,-0.3634787,-0.0423501,0.7162473375246102,0.9999960018469788,False
TESPA1,-0.3662347,-0.15451697,0.7141899540170684,0.9999960018469788,False
TMEM130,-0.36798853,-0.19010867,0.7128817897823276,0.9999960018469788,False
PPME1,-0.37146613,0.19765821,0.7102903863111429,0.9999960018469788,False
RPP21,-0.37158638,-0.9278734,0.7102008297438784,0.9999960018469788,False
CCDC43,-0.3719171,-1.1450354,0.7099545698226197,0.9999960018469788,False
NFKBIE,-0.37208748,-2.6234212,0.7098277204701439,0.9999960018469788,False
FRAS1,-0.37912285,0.017641047,0.7045966474317704,0.9999960018469788,False
ENSG00000233290,-0.3827708,-0.11493874,0.701889710899172,0.9999960018469788,False
MLIP,-0.38600287,-0.16755684,0.699494549645036,0.9999960018469788,False
C1QTNF4,-0.38632858,-0.0872331,0.6992533420879801,0.9999960018469788,False
SLC24A2,-0.38671443,0.09371424,0.6989676431780578,0.9999960018469788,False
ADGRL1-AS1,-0.38910463,-0.26675385,0.6971987454151363,0.9999960018469788,False
PRRX2,-0.38960573,-0.25791174,0.6968281155271094,0.9999960018469788,False
FLT3,-0.38966587,-0.44253635,0.6967836448009573,0.9999960018469788,False
ENSG00000224272,-0.39073318,-0.6927334,0.6959944629314858,0.9999960018469788,False
MEIOB,-0.39127436,-1.0426537,0.6955944400504258,0.9999960018469788,False
ENSG00000231829,-0.39130443,-1.474969,0.6955722190394908,0.9999960018469788,False
TTN,-0.3913395,0.17067607,0.6955462948571463,0.9999960018469788,False
ADSS1,-0.3915099,-1.1617029,0.695420382462395,0.9999960018469788,False
RPH3A,-0.3942158,0.024467502,0.693421725359226,0.9999960018469788,False
HECW2,-0.39689162,-0.0027307768,0.6914473709828302,0.9999960018469788,False
MTUS2,-0.39842498,0.027496088,0.6903169431391135,0.9999960018469788,False
LCAT,-0.39947727,-0.22282077,0.6895415586682659,0.9999960018469788,False
PAPSS2,-0.40350607,-0.14089589,0.686575962302852,0.9999960018469788,False
ENSG00000222031,-0.40440804,-0.11144641,0.6859126813390254,0.9999960018469788,False
ELAPOR1,-0.40665296,-0.21302174,0.6842628999393809,0.9999960018469788,False
ENSG00000269069,-0.40729436,-0.13859904,0.6837918100223095,0.9999960018469788,False
CCK,-0.40839174,-0.022958335,0.6829860900761935,0.9999960018469788,False
ENSG00000271918,-0.41039112,-0.60293347,0.6815190631745653,0.9999960018469788,False
ENSG00000227743,-0.41086215,-1.322508,0.6811736227588552,0.9999960018469788,False
GLDN,-0.41091225,-0.8508343,0.6811368777112328,0.9999960018469788,False
C16orf89,-0.41110268,-1.5144955,0.6809972534310555,0.9999960018469788,False
STXBP5L,-0.41489094,0.06126096,0.6782217422744243,0.9999960018469788,False
DSCAM,-0.42373025,0.11432124,0.6717625576002192,0.9999960018469788,False
CHCHD10,-0.42565444,0.018387742,0.6703596627328454,0.9999960018469788,False
SYT16,-0.42643616,-0.24917927,0.6697900645334901,0.9999960018469788,False
SRRT,-0.4279294,0.09157381,0.6687025138618969,0.9999960018469788,False
POLR2H,-0.42814487,0.08406306,0.6685456427186377,0.9999960018469788,False
ENSG00000225258,-0.42890653,-0.44426346,0.6679912374962693,0.9999960018469788,False
HOMER3-AS1,-0.4296181,-0.7013504,0.6674734699029585,0.9999960018469788,False
GLB1L,-0.4298837,-0.70287967,0.6672802591633811,0.9999960018469788,False
PSMA7,-0.43178785,0.02079095,0.6658956212988152,0.9999960018469788,False
REEP6,-0.43295538,-1.4083425,0.6650471821953898,0.9999960018469788,False
ENSG00000229425,-0.43553603,-0.04724056,0.6631733994592942,0.9999960018469788,False
PCSK2,-0.44157922,-0.16035204,0.6587937267970609,0.9999960018469788,False
XKR4,-0.4421805,-0.16015446,0.6583585748256402,0.9999960018469788,False
LINC00354,-0.450178,-1.5268594,0.652582104024213,0.9999960018469788,False
ENSG00000258402,-0.4502381,-2.005984,0.6525387501741833,0.9999960018469788,False
ENSG00000229618,-0.45240286,-0.0014344644,0.6509787942411536,0.9999960018469788,False
FGF13,-0.4600295,-0.14219137,0.6454950438204823,0.9999960018469788,False
MAP1A,-0.46104172,0.1393452,0.6447686780890359,0.9999960018469788,False
EDIL3-DT,-0.46802697,-0.61397964,0.6397653057576429,0.9999960018469788,False
ENSG00000285080,-0.46893394,-0.81774056,0.639116850799885,0.9999960018469788,False
LINC02217,-0.4699211,-1.4312541,0.6384113872484096,0.9999960018469788,False
MIR325HG,-0.47408018,0.076559365,0.6354427290432187,0.9999960018469788,False
MPHOSPH8,-0.47544315,0.054870296,0.6344711377909816,0.9999960018469788,False
PLPPR2,-0.47757784,-0.10767644,0.632950719776513,0.9999960018469788,False
IGFBP5,-0.4792114,-0.20195076,0.631788253524408,0.9999960018469788,False
SH2D4A,-0.48235324,0.107696384,0.6295550264980925,0.9999960018469788,False
ENSG00000204790,-0.48534477,0.06173911,0.6274317952028239,0.9999960018469788,False
NRN1,-0.48749948,-0.595195,0.6259044072653543,0.9999960018469788,False
MAP3K9-DT,-0.4881108,-0.70610386,0.625471347125713,0.9999960018469788,False
CACNG3,-0.48832127,-0.5978357,0.6253222907386833,0.9999960018469788,False
BEX5,-0.4888825,-0.81887424,0.6249248819416756,0.9999960018469788,False
LINC00824,-0.48945376,-0.62250143,0.6245204885206501,0.9999960018469788,False
NOP56,-0.49525142,-0.10665541,0.6204226634427745,0.9999960018469788,False
NRG1,-0.5122535,0.09181527,0.6084735781676932,0.9999960018469788,False
LRRIQ4,-0.51978,-0.25412527,0.6032169400269478,0.9999960018469788,False
CAVIN1,-0.5247508,-0.3242812,0.5997564195113794,0.9999960018469788,False
PRR22,-0.5281282,-1.3026689,0.5974103585915572,0.9999960018469788,False
KCNQ5,-0.52934086,0.109814875,0.5965690234427068,0.9999960018469788,False
ZDHHC20,-0.5297467,0.06874814,0.5962875400793917,0.9999960018469788,False
GRIN2A,-0.5314104,0.008149827,0.5951344385233428,0.9999960018469788,False
MYO16,-0.5346825,-0.13384014,0.5928694158096628,0.9999960018469788,False
IQCA1,-0.53639627,-0.0034205215,0.5916847192608632,0.9999960018469788,False
ENSG00000249881,-0.5416026,-0.28034946,0.5880922843419316,0.9999960018469788,False
ENSG00000272449,-0.54579675,-0.5555545,0.5852056359536859,0.9999960018469788,False
RBM41,-0.54692924,0.08106263,0.5844273366199153,0.9999960018469788,False
EMX2,-0.54727,0.059335936,0.5841932523423485,0.9999960018469788,False
NCALD,-0.55076766,-0.09355247,0.5817929729433671,0.9999960018469788,False
NRXN2,-0.55301255,0.09177518,0.5802548251155196,0.9999960018469788,False
NOL8,-0.5540849,-0.104588374,0.5795207580418986,0.9999960018469788,False
CRIP2,-0.55902565,-0.2690691,0.576144202912614,0.9999960018469788,False
LINC00358,-0.5640466,-0.46983856,0.5727223972961956,0.9999960018469788,False
GRM7,-0.5643573,0.036819827,0.5725109861155837,0.9999960018469788,False
TEX41,-0.56546974,-0.54956174,0.5717543017503182,0.9999960018469788,False
ENSG00000258064,-0.5667926,-0.8635015,0.5708550803255824,0.9999960018469788,False
ATP8A2,-0.57466984,-0.01636225,0.5655146171104892,0.9999960018469788,False
ZDHHC11B,-0.6120414,0.13930906,0.5405103464801668,0.9999960018469788,False
KCNIP4,-0.6145569,0.08530674,0.5388473696863653,0.9999960018469788,False
CCDC191,-0.62483937,0.07066037,0.5320764845306625,0.9999960018469788,False
ENSG00000254394,-0.625125,-0.6159142,0.5318890213590434,0.9999960018469788,False
S100A2,-0.62546074,-1.1790679,0.5316687127036546,0.9999960018469788,False
PET100,-0.6286477,-1.0405053,0.5295797303298757,0.9999960018469788,False
ARPP21,-0.63704103,0.046914473,0.5240981254118162,0.9999960018469788,False
ST6GALNAC5,-0.64457244,0.06499501,0.5192042838644062,0.9999960018469788,False
PTPRO,-0.6454444,-0.62437737,0.5186392589299167,0.9999960018469788,False
MIR219A2HG,-0.6463363,-1.3246545,0.5180615738511032,0.9999960018469788,False
CRYBG2,-0.6464365,-0.48914957,0.5179966862163565,0.9999960018469788,False
LINGO2,-0.66541797,-0.14480062,0.5057831868225888,0.9999960018469788,False
TMEM132D,-0.6770484,-0.113291055,0.4983752605148145,0.9999960018469788,False
OLFM3,-0.6782861,-0.34041747,0.4975903227960965,0.9999960018469788,False
LINC02067,-0.67862684,-0.4429732,0.4973743421864153,0.9999960018469788,False
OPCML,-0.6788122,0.13529818,0.49725684430254447,0.9999960018469788,False
NTN4,-0.68193406,-0.6727822,0.4952806563183172,0.9999960018469788,False
AGBL1,-0.6873759,0.072242126,0.4918458626714295,0.9999960018469788,False
ENSG00000286158,-0.6914047,-0.18615569,0.48931123529752496,0.9999960018469788,False
NDUFB1,-0.6917054,-0.032035753,0.48912236644468343,0.9999960018469788,False
KMT2A,-0.69477206,0.13626488,0.4871981490414409,0.9999960018469788,False
DYNC1I1,-0.699773,-0.07931441,0.48406908016903294,0.9999960018469788,False
CCAR1,-0.7027996,0.07510947,0.4821806422381659,0.9999960018469788,False
IGDCC3,-0.705265,0.10987202,0.48064534334483133,0.9999960018469788,False
RIMS2,-0.7093188,0.020146556,0.47812663835033964,0.9999960018469788,False
SYN2,-0.7183937,-0.12101167,0.47251459642281735,0.9999960018469788,False
KAZN,-0.7214503,0.011688829,0.4706324889198089,0.9999960018469788,False
NXPH1,-0.7238205,-0.055703156,0.46917593759885434,0.9999960018469788,False
ATP5F1B,-0.7246874,-0.022193402,0.46864382655607084,0.9999960018469788,False
PRP4K,-0.7282301,0.11026446,0.46647272106912907,0.9999960018469788,False
ASIC2,-0.72928745,-0.22124845,0.46582585068930127,0.9999960018469788,False
FMN1,-0.73519033,-0.11005913,0.4622235849265274,0.9999960018469788,False
ENSG00000259639,-0.73775595,0.021733636,0.4606627741872271,0.9999960018469788,False
HS3ST4,-0.7409329,-0.78042746,0.4587341422318466,0.9999960018469788,False
ENO2,-0.74412984,-8.986259e-05,0.4567979197315867,0.9999960018469788,False
CCDC186,-0.74554795,-0.008736199,0.4559405348896396,0.9999960018469788,False
NEMF,-0.7568426,0.062682614,0.44914415953695763,0.9999960018469788,False
LINC00624,-0.7577897,-0.50438184,0.4485769007377832,0.9999960018469788,False
TRPT1,-0.76140755,-0.5665808,0.44641366073566746,0.9999960018469788,False
FGF12,-0.77125907,0.023530858,0.44055337436587827,0.9999960018469788,False
KCNB1,-0.77237654,-0.2981684,0.43989144894494225,0.9999960018469788,False
GABRB2,-0.7757639,0.04070624,0.43788838545392594,0.9999960018469788,False
ENSG00000224363,-0.77594435,0.18570796,0.4377818607803292,0.9999960018469788,False
CSMD3,-0.7774476,0.1380816,0.43689473512400945,0.9999960018469788,False
MACROD2,-0.7817771,-0.036233503,0.43434560544396983,0.9999960018469788,False
ENSG00000235939,-0.78205764,0.19977053,0.43418068110516495,0.9999960018469788,False
ENSG00000238260,-0.7870736,-0.67643297,0.4312387683142602,0.9999960018469788,False
ENSG00000258881,-0.80011207,-0.6670456,0.4236458542373026,0.9999960018469788,False
ATP1A1-AS1,-0.802798,-0.019542579,0.422091521720124,0.9999960018469788,False
NCL,-0.8119279,0.09245632,0.4168330068064441,0.9999960018469788,False
OS9,-0.8166733,-0.64173496,0.4141151780950729,0.9999960018469788,False
MAML3,-0.81854236,-0.044327274,0.41304757680523674,0.9999960018469788,False
PPIG,-0.82949126,0.06997378,0.4068264882640862,0.9999960018469788,False
CDRT15P6,-0.8299072,0.015751416,0.4065912796748973,0.9999960018469788,False
CPNE6,-0.8300675,-0.35313588,0.40650061852501407,0.9999960018469788,False
GRM5,-0.84368724,-0.05123019,0.3988441975420428,0.9999960018469788,False
GLUL,-0.8444339,-0.05007029,0.39842700005680054,0.9999960018469788,False
ENSG00000258526,-0.8505673,0.0038204095,0.39500977907011814,0.9999960018469788,False
DSCAML1,-0.85629976,-0.35677126,0.3918319806396038,0.9999960018469788,False
OLFM1,-0.85935146,0.05661108,0.3901466479227441,0.9999960018469788,False
RHOT2,-0.88299304,-0.106631264,0.377240015453437,0.9999960018469788,False
B3GAT2,-0.89095545,-0.04075549,0.3729530670085217,0.9999960018469788,False
MAGED2,-0.89940894,-0.17868416,0.36843489202078894,0.9999960018469788,False
DNAH11,-0.90340763,-0.101761885,0.36630958290403615,0.9999960018469788,False
ITPR1,-0.91262275,0.005566307,0.36144097509481676,0.9999960018469788,False
THOC2,-0.9177189,0.031106215,0.35876605201563183,0.9999960018469788,False
BAZ1A,-0.918681,-0.010696392,0.3582624520145017,0.9999960018469788,False
RHBDD2,-0.93848425,-0.18413636,0.3479956128850661,0.9999960018469788,False
YTHDC1,-0.9593298,0.0917059,0.3373926494032232,0.9999960018469788,False
GABRA1,-0.97148126,-0.53131187,0.33130866565243045,0.9999960018469788,False
CENPP,-0.9715364,-0.2181936,0.3312812308310614,0.9999960018469788,False
RASGRF1,-0.97704846,-0.04110348,0.32854516856582405,0.9999960018469788,False
MGAT4C,-0.98692,-0.057244528,0.32368185796554483,0.9999960018469788,False
ATP5F1D,-0.99138975,-0.28995624,0.3214952976966746,0.9999960018469788,False
SRSF11,-0.995604,0.0065882127,0.31944260821980663,0.9999960018469788,False
HDAC6,-1.0023437,-0.23938517,0.3161776330079764,0.9999960018469788,False
LINC00698,-1.0037618,-0.08583211,0.3154934523380969,0.9999960018469788,False
PABPC4,-1.021265,-0.17685385,0.3071289058442388,0.9999960018469788,False
DNHD1,-1.022197,0.09436944,0.30668765564797495,0.9999960018469788,False
ZNF395,-1.0241011,-0.1443332,0.3057874828714152,0.9999960018469788,False
AP2A2,-1.0321387,0.08338639,0.3020071281673088,0.9999960018469788,False
TAFA2,-1.0358969,-0.0075454065,0.30025022265727386,0.9999960018469788,False
ENSG00000287097,-1.0462295,-0.5369724,0.29545508245470187,0.9999960018469788,False
EML3,-1.0531546,-0.23090804,0.29227012885816883,0.9999960018469788,False
ZCWPW1,-1.0570531,-0.098731555,0.29048733499065704,0.9999960018469788,False
RBM23,-1.0645596,-0.15611866,0.2870753008119866,0.9999960018469788,False
ARL14EPL,-1.068879,-0.8758754,0.28512421190332027,0.9999960018469788,False
COL5A3,-1.0708884,-0.05132723,0.284219633990057,0.9999960018469788,False
GDI1,-1.0745914,-0.061076015,0.2825576870059019,0.9999960018469788,False
LINC01181,-1.077598,-2.8021247,0.2812131939630683,0.9999960018469788,False
YWHAB,-1.0953418,-0.016684128,0.2733669443998683,0.9999960018469788,False
BHLHE41,-1.0991851,-0.09815262,0.2716873192798779,0.9999960018469788,False
LINC01410,-1.1632049,-0.080445826,0.24474636648839054,0.9999960018469788,False
LETM1,-1.1844914,-0.1332478,0.23621859421044544,0.9999960018469788,False
ENSG00000274471,-1.1895024,-0.19111544,0.23424204571636253,0.9999960018469788,False
ENSG00000253553,-1.1939721,-0.09604546,0.23248887690966047,0.9999960018469788,False
MTA1,-1.215469,-0.3340921,0.2241872451603365,0.9999960018469788,False
MIR3171HG,-1.2407993,-0.049346384,0.21467987661286658,0.9999960018469788,False
CNTN4,-1.2475892,-0.35776463,0.21218153959281894,0.9999960018469788,False
ENSG00000286221,-1.24796,-0.14114861,0.2120457064980622,0.9999960018469788,False
ADCY1,-1.2510418,-0.0049369633,0.21091925376937315,0.9999960018469788,False
DDX46,-1.2622061,-0.0033779282,0.20687463214295687,0.9999960018469788,False
AUP1,-1.2673223,-0.31630623,0.20504007801011448,0.9999960018469788,False
PNCK,-1.277249,-0.34682852,0.20151436927938493,0.9999960018469788,False
ENSG00000286746,-1.2990565,-0.13248292,0.19392451558915702,0.9999960018469788,False
TRIM4,-1.3297436,-0.014013655,0.1836027713861047,0.9999960018469788,False
GATD1,-1.3410232,-0.4145207,0.17991291764583395,0.9999960018469788,False
RIF1,-1.3416495,0.037277836,0.1797096436906812,0.9999960018469788,False
PDE1A,-1.3502684,-0.49395669,0.1769299061396572,0.9999960018469788,False
ENSG00000268163,-1.3625903,0.003663699,0.1730116672193197,0.9999960018469788,False
SLC25A18,-1.3814565,0.007498164,0.16713864503279785,0.9999960018469788,False
BDP1,-1.4065562,0.02611353,0.15955899793610173,0.9999960018469788,False
NRGN,-1.4087461,-0.24916978,0.15891026251730855,0.9999960018469788,False
SLC25A3,-1.4202913,-0.10591981,0.15552289441473527,0.9999960018469788,False
KIAA1549L,-1.4301679,-0.2823535,0.1526688472219505,0.9999960018469788,False
LINC01517,-1.4356047,-0.32769644,0.15111484726532384,0.9999960018469788,False
CCDC59,-1.445832,-0.23456304,0.1482243101746516,0.9999960018469788,False
ME2,-1.4504421,0.0019534018,0.14693526554716788,0.996171291845206,False
PTPRD,-1.4573472,-0.016662516,0.14502056155103768,0.989901444034387,False
NDUFB2,-1.4584496,-0.4559355,0.14471665318674537,0.989901444034387,False
CHTOP,-1.5031472,-0.19597931,0.13280108546139557,0.9222297601485805,False
GPS1,-1.5150633,-0.23064397,0.12975639094106595,0.9042257208436653,False
QARS1,-1.530091,-0.5182266,0.12599419341017945,0.8810782755956605,False
CACNA2D3,-1.5354177,-0.052487046,0.12468126347360485,0.8749562349024903,False
CFAP43,-1.5570048,-0.124983996,0.1194693416533643,0.8473002954139313,False
NUDT16-DT,-1.5640001,-0.082181655,0.11781754680318118,0.8415539057370084,False
ENSG00000245768,-1.5679387,-0.28443116,0.1168954408142993,0.8379936851360986,False
NKAIN4,-1.5797445,-0.43379277,0.11416539691088327,0.8302845818406679,False
EPB41L3,-1.5898315,-0.43880785,0.11187279222643501,0.8195808954317583,False
SHROOM1,-1.5926577,-0.32316393,0.11123700903506702,0.8179191840813751,False
NUP155,-1.6121804,-0.054416932,0.10692271158986988,0.7928359752653593,False
LINC01229,-1.6186595,-0.37312332,0.10552055742085048,0.7874668464242572,False
PYGM,-1.6240312,-0.18199168,0.10436915554165782,0.7817914272783357,False
DCAF8,-1.6461143,-0.29327503,0.0997402095513371,0.7509273695842695,False
LINC00609,-1.6603906,-0.09606976,0.09683590663315927,0.7360049034417625,False
GRID2,-1.6618838,-0.119927034,0.09653607000121216,0.7360049034417625,False
IL1RAPL1,-1.6796777,-0.03603413,0.0930200444980237,0.7155388038309515,False
IQCJ-SCHIP1,-1.6831303,-0.045843646,0.09234988545253454,0.7131265285910003,False
UACA,-1.7263296,-0.19257975,0.08428814234228924,0.6559388509127567,False
NCOA4,-1.7349032,-0.18649474,0.08275793990700789,0.6465464055234991,False
VSNL1,-1.7484328,-0.40853298,0.08038911027104807,0.632985120244473,False
ATP6V0B,-1.7744596,-0.60300887,0.07598715174754651,0.6054753127294543,False
ZC3H8,-1.7747552,-0.23777208,0.07593830175960756,0.6054753127294543,False
COPG2,-1.79291,-0.021673722,0.07298732713615705,0.5862435914550767,False
GALNTL6,-1.8000004,-0.08514036,0.07186057293230491,0.5795207494540718,False
NBPF10,-1.821322,-0.28811088,0.06855792862290647,0.5604897997270369,False
ATAD5,-1.8868651,-0.027110737,0.05917847390570029,0.4931539492141691,False
ERCC6L2-AS1,-1.8960251,-0.07223115,0.05795672699037746,0.4849935313002298,False
GLCCI1,-1.9395201,-0.0723137,0.0524380438982437,0.444390202527489,False
IZUMO4,-1.9459441,-0.15753753,0.05166145590541685,0.43967196515248386,False
LCNL1,-1.9512457,-0.056362726,0.0510278289410757,0.43613529009466406,False
USP8,-1.9732437,-0.09012293,0.04846780372755462,0.416032650021928,False
LUC7L,-1.9969605,-0.06801396,0.04582947538296173,0.395081684335877,False
LINC00685,-1.9987293,-0.5211366,0.045637645530162654,0.395081684335877,True
WBP4,-2.0042815,-0.1830182,0.04503991724360127,0.39165145429218495,True
ACADVL,-2.0407813,-0.104540996,0.041272582697801694,0.36045923753538595,True
LINC01933,-2.0426252,-1.0847814,0.04108955455153697,0.3604346890485699,True
FLACC1,-2.0612109,-0.26960295,0.0392829352832485,0.3461051566806035,True
UBC,-2.079631,-0.23343088,0.03755939093134335,0.33386125272305195,True
FAM227B,-2.1284525,-0.11420508,0.03329957519001444,0.2986508985651519,True
NAA38,-2.1309931,-0.381712,0.03308970594694268,0.29810545898146557,True
UPF3B,-2.1310682,-0.023959192,0.033083514079633926,0.29810545898146557,False
NELL2,-2.153287,-0.25797668,0.031296142677895065,0.28451038798086425,True
DDX24,-2.1535273,-0.15964192,0.031277256081931014,0.28451038798086425,True
DLGAP2,-2.1658292,-0.2650506,0.030324239320963862,0.27820403046755837,True
FSTL5,-2.1729147,-0.46128562,0.029786738246064252,0.2745321497333111,True
RERG,-2.18227,-0.111459345,0.029089602639768238,0.26934817259044663,True
LINC00499,-2.1843245,-0.13211425,0.028938403671979158,0.26919445276259685,True
RGS7,-2.2020533,-0.078924306,0.027661542211802604,0.2599954367175581,False
PEBP1,-2.2169108,-0.06420334,0.026629190105094354,0.25361133433423194,False
LINC01896,-2.2314475,-0.2128836,0.02565150109375593,0.2466490489784224,True
LDB2,-2.2610621,-0.18608965,0.023755407491298258,0.22952084532655323,True
RSRC2,-2.2804043,-0.18571955,0.022583714566724786,0.22032892260219306,True
COL25A1,-2.281607,-0.45335934,0.022512551202251305,0.22032892260219306,True
DGKB,-2.2903762,-0.17743233,0.021999519159016538,0.21674403112331564,True
OFD1,-2.3016407,-0.13646653,0.02135543858096274,0.2135543858096274,True
KCTD16,-2.3264499,-0.26765615,0.01999455961295597,0.20196524861571685,True
GRIA4,-2.345757,-0.08891493,0.018988477232415566,0.1937599717593425,False
RASSF4,-2.3643177,-0.033325158,0.01806331801588111,0.18621977335959908,False
FUS,-2.396458,-0.51576316,0.016554398909517338,0.17154817522815893,True
ENSG00000214719,-2.4044702,-0.2915556,0.01619592169450845,0.1695908030838581,True
AFF3,-2.4192376,-0.29209432,0.015553079314890635,0.16371662436726983,True
CDH18,-2.423096,-0.40168726,0.01538886017106247,0.16284508117526425,True
UPF2,-2.4238276,-0.1530073,0.015357895226637098,0.16284508117526425,True
PCDH15,-2.431344,-0.13531163,0.015042925023029232,0.1612767484765625,True
SMYD3,-2.4453344,-0.105201714,0.01447178344994185,0.1568739620854125,True
LINC01241,-2.4566393,-0.5360351,0.01402434479942323,0.15327152786254897,True
CCDC88A,-2.4650226,-0.09123921,0.013700463622737852,0.15055454530481158,False
ZNF98,-2.50278,-0.12339114,0.012322212119546868,0.1376783477044343,True
UQCRQ,-2.5245175,-0.8991847,0.011585725557481481,0.1301766916570953,True
HES5,-2.5289571,-1.2756779,0.011440199782456029,0.12926779415204553,True
RTF1,-2.5863023,-0.13321167,0.009701179029114897,0.11024067078539657,True
MCF2L2,-2.6428258,-0.6719792,0.008221732926316741,0.0950489355643554,True
NSMF,-2.643833,-0.44406813,0.00819730950459756,0.0950489355643554,True
DPP6,-2.6779025,-0.11266101,0.007408480972106251,0.08664890025855264,True
TCEAL4,-2.6819863,-0.5400262,0.007318646019780822,0.08610171787977437,True
IL3RA,-2.690144,-0.08752781,0.007142117193709243,0.08452209696697328,False
GPX4,-2.7236774,-0.7090464,0.006455954885382338,0.07731682497463876,True
ROBO3,-2.7535224,-0.24341868,0.005895771950078161,0.07103339698889351,True
ANKRD24,-2.78213,-0.35758752,0.005400341103817194,0.06585781833923407,True
COX5B,-2.7825959,-0.6852952,0.005392591356540625,0.06585781833923407,True
ADGRB1,-2.803151,-0.20852953,0.005060599247138014,0.06247653391528412,True
CWF19L2,-2.8431132,-0.113170095,0.004467521174895846,0.05549715745212232,True
SLC1A2,-2.8600903,-0.11295801,0.004235205475210207,0.05294006844012759,True
SLC9A7,-2.8687692,-0.12866342,0.004120724509699988,0.05183301270062878,True
PAPPA2,-2.8996966,-0.7044322,0.003735239363719836,0.04758266705375587,True
TPD52L2,-2.9391327,-0.37092486,0.003291320375280993,0.042468650003625714,True
MROH7-TTC4,-2.9458525,-0.13238451,0.0032206598976350217,0.041826751917337944,True
SSPOP,-2.9503672,-0.5380675,0.0031739634375486363,0.04148971813789067,True
EDF1,-3.0952888,-0.8822856,0.0019662137488679196,0.02639213085728751,True
CALN1,-3.106809,-0.14760388,0.0018911860213809695,0.02573042205960503,True
NKAIN2,-3.108222,-0.16812931,0.0018821662936254727,0.02573042205960503,True
ATP5MJ,-3.1140246,-0.6477516,0.0018455405947352549,0.02545573234117593,True
CTSH,-3.171891,-0.42193207,0.0015144982773864855,0.021135818125322166,True
SRPX2,-3.2075288,-0.5206314,0.0013388063627431833,0.018856427644270188,True
EIF5B,-3.2212589,-0.31616864,0.0012762883222737992,0.01823269031819713,True
ANKRD26,-3.2253478,-0.13172309,0.0012581973802118093,0.018103559427508045,True
LINC01414,-3.278133,-0.43908358,0.0010449614451792807,0.015144368770714211,True
DGKI,-3.296443,-0.6526093,0.0009791748544125617,0.014399630211949436,True
CCSER1,-3.3346765,-0.39666304,0.0008539869307555155,0.012841908733165645,True
ADGRG1,-3.3636196,-0.15763646,0.000769274754419969,0.01179935496306796,True
IL2RA,-3.3908892,-0.43436036,0.0006966625496079678,0.01080096976136384,True
VWA3A,-3.3980348,-0.6103713,0.0006787178049817591,0.010688469369791481,True
GPC1,-3.412331,-0.5595121,0.0006440984231580173,0.010223784494571703,True
ANKMY1,-3.4136088,-0.38952196,0.0006410854875264605,0.010223784494571703,True
CCDC144BP,-3.4285114,-0.55917925,0.0006069011155084212,0.009788727669490663,True
SNHG25,-3.48738,-0.3854223,0.00048777792259322643,0.00793134833484921,True
SNHG14,-3.4886227,-0.15209429,0.00048551606697077774,0.00793134833484921,True
MVD,-3.5178564,-0.74506617,0.0004350476177602966,0.007190869715046225,True
SELENBP1,-3.5179667,-0.5297537,0.0004348669284017867,0.007190869715046225,True
FASN,-3.5944185,-0.6360349,0.0003251167208547628,0.0056054607043924615,True
ENSG00000253300,-3.63846,-0.7279445,0.00027427342430930265,0.004811814461566713,True
CCNT1,-3.6519191,-0.45355347,0.000260287794108119,0.004606863612533079,True
AMY2B,-3.815411,-0.37588897,0.00013595634853768259,0.0024946118997739926,True
ENSG00000226994,-3.8262799,-0.23494436,0.00013009435010490227,0.0024091546315722643,True
CALM1,-3.8567615,-0.23105147,0.00011489917959380895,0.0021476482167067093,True
COX4I1,-3.8686724,-0.70044786,0.00010942951107629531,0.0020647077561565153,True
LRRC4C,-3.972394,-0.1892221,7.115391071282885e-05,0.0013683444367851704,True
RBFOX1,-4.0600905,-0.16315438,4.905370707839675e-05,0.0009618373936940539,True
ESF1,-4.095087,-0.42054474,4.2201010745040143e-05,0.0008440202149008028,True
LRRTM4,-4.111157,-0.24533762,3.936814355955036e-05,0.0007953160315060678,True
SRRM1,-4.210679,-0.26212955,2.546039808976233e-05,0.0005249566616445841,True
ENSG00000230021,-4.2158003,-0.48099476,2.488937608175673e-05,0.0005185286683699319,True
FGF14,-4.285092,-0.2834038,1.8266377507078644e-05,0.00038455531593849777,True
ANGPTL4,-4.348345,-0.31808248,1.3716878259703216e-05,0.00029184847361070674,True
ADAMTS9,-4.43541,-0.8415459,9.189722114046618e-06,0.00020239047673668715,True
KNDC1,-4.475558,-0.29538122,7.6212126789714236e-06,0.00017520029147060745,True
SHANK2,-4.514668,-0.49230167,6.341601560409719e-06,0.00014747910605603998,True
SCLT1,-4.581008,-0.26799265,4.627403227202096e-06,0.00010888007593416696,True
SFPQ,-4.7079954,-0.2933536,2.5016498822327894e-06,6.1015850786165596e-05,True
KCNQ3,-4.780198,-0.26618057,1.7512275853930039e-06,4.3780689634825094e-05,True
ENSG00000254186,-4.9124064,-0.46326676,8.996526705045297e-07,2.277601697479822e-05,True
C2CD5-AS1,-4.948786,-0.44868627,7.467780410613767e-07,1.914815489900966e-05,True
KNOP1,-5.024376,-0.9019733,5.050718976296922e-07,1.3291365727097163e-05,True
ENSG00000223727,-5.3309,-0.6971202,9.772703366845381e-08,2.6412711802284817e-06,True
NEGR1,-5.3400254,-0.35145375,9.293362191212587e-08,2.546126627729476e-06,True
APOE,-5.3671093,-0.36982122,8.000852263952832e-08,2.22245896220912e-06,True
DDIT4,-5.390646,-0.762478,7.020492428353144e-08,1.977603500944548e-06,True
SNORC,-5.4719234,-1.0941473,4.4517754552454366e-08,1.2719358443558388e-06,True
PRDM16-DT,-5.5825047,-0.5888027,2.3707913512757964e-08,6.871858989205206e-07,True
NDRG4,-5.706606,-0.7565923,1.1525132626049904e-08,3.4403380973283294e-07,True
NSUN6,-5.762257,-0.4688864,8.299636627760228e-09,2.515041402351584e-07,True
ATP5ME,-5.786851,-0.66540045,7.171816044957118e-09,2.2411925140490992e-07,True
LINC02250,-5.912676,-0.66994387,3.365944939940106e-09,1.08578869030326e-07,True
FRMD4A,-5.9711685,-0.26775852,2.3556041184991347e-09,7.723292191800441e-08,True
ENSG00000287544,-6.1461754,-0.41178927,7.937343021496954e-10,2.7101485920596102e-08,True
NCAN,-6.1502795,-0.3288977,7.734651113499961e-10,2.7101485920596102e-08,True
CADPS,-6.2208486,-0.554628,4.944730948532851e-10,1.7659753387617326e-08,True
SCHLAP1,-6.2353053,-0.9759995,4.508981912214052e-10,1.639629786259655e-08,True
NRXN3,-6.2477574,-0.45526725,4.163878198804037e-10,1.542177110668162e-08,True
NDRG2,-6.437742,-0.3257028,1.2126372062244e-10,4.755440024409412e-09,True
AGBL4,-6.544976,-0.33956942,5.95047955105076e-11,2.428767163694188e-09,True
MT2A,-6.587404,-0.28009924,4.475831665095765e-11,1.8649298604565684e-09,True
ITGA7,-6.6599927,-0.4841575,2.7384153966745446e-11,1.165283147521083e-09,True
MT3,-6.955483,-0.3138161,3.513568199376833e-12,1.6342177671520156e-10,True
GRIK2,-7.317834,-0.7807239,2.520054188878261e-13,1.2292947262820783e-11,True
GNG12-AS1,-7.494961,-0.87416315,6.631822268582927e-14,3.400934496709193e-12,True
SGO1-AS1,-7.658498,-0.828553,1.8812044948028075e-14,1.0168672944880042e-12,True
ENSG00000287292,-7.8570967,-0.4149494,3.931400925970441e-15,2.2465148148402517e-13,True
CD38,-7.858545,-0.9786308,3.886222766119507e-15,2.2465148148402517e-13,True
DPP10,-8.051997,-0.33596244,8.145387809239882e-16,5.090867380774926e-14,True
ZMAT1,-8.354949,-0.45887473,6.54612364399422e-17,4.223305576770464e-15,True
ENSG00000284341,-8.522189,-1.2523971,1.565659846260795e-17,1.0797654112143411e-15,True
ALDH1A1,-8.684518,-0.5656626,3.803510924722096e-18,2.817415499794145e-16,True
MMD2,-8.881999,-0.5368394,6.566918982541038e-19,5.0514761404161835e-17,True
C1QTNF7-AS1,-9.227223,-1.1811002,2.7773839272600455e-20,2.3144866060500377e-18,True
SDC4,-9.294661,-0.5540473,1.4767677124249704e-20,1.2841458368912786e-18,True
GPR37L1,-9.418746,-0.60173035,4.5650545970212824e-21,4.1500496336557114e-19,True
HES1,-9.7760315,-1.5659086,1.4269616548640402e-22,1.42696165486404e-20,True
PRKCQ,-10.189605,-0.83279747,2.20659754203825e-24,2.3227342547771053e-22,True
MAD2L1-DT,-10.236332,-0.51619303,1.3630687576020674e-24,1.514520841780075e-22,True
LRRC7,-10.736203,-0.71217394,6.881663288605473e-27,8.096074457182909e-25,True
PRANCR,-10.983528,-1.6857821,4.586532617149623e-28,5.733165771437028e-26,True
FTL,-11.572459,-0.6945286,5.683004744032226e-31,8.118578205760323e-29,True
SON,-12.286814,-0.64287466,1.0662607870967304e-34,1.93865597653951e-32,True
FGFR3,-12.776233,-0.638039,2.2259288333339258e-37,4.4518576666678513e-35,True
TENM2,-13.018732,-0.6046328,9.57473835096924e-39,2.12771963354872e-36,True
CIRBP,-14.358938,-1.1221292,9.365036378468722e-47,2.675724679562492e-44,True
ID2,-15.470917,-1.5118995,5.452501671435183e-54,1.817500557145061e-51,True
MIR9-1HG,-16.716206,-0.6710748,9.987897241090704e-63,3.9951588964362816e-60,True
LINC00486,-19.544167,-0.5233208,4.6248925190051476e-85,2.3124462595025737e-82,True
SETD3,-21.997242,-1.4440626,3.060275141542482e-107,2.0401834276949878e-104,True
PTGDS,-23.855616,-1.3132885,8.854911167005396e-126,8.854911167005396e-123,True
