gene,score,logfc,pval,pval_adj,is_de
GNAS,31.176624,0.65207314,2.2104903815314516e-213,4.420980763062903e-210,True
HSP90AA1,30.887423,0.7343377,1.7623542437745544e-209,1.7623542437745544e-206,True
ENSG00000230021,27.781685,0.7938069,7.221148955773625e-170,4.8140993038490835e-167,True
CENPC,22.929787,0.7004028,2.3447732652643587e-116,1.1723866326321793e-113,True
LRFN5,22.286062,0.1948824,5.0445568405824416e-110,2.0178227362329766e-107,True
SNHG14,21.984009,0.15186132,4.096430819233685e-107,1.3654769397445616e-104,True
MAP1B,21.665628,0.22427803,4.329589917707005e-104,1.0823974794267513e-101,True
LINC01322,21.58472,0.7145409,2.499975655491535e-103,5.555501456647856e-101,True
ENSG00000224905,18.880919,0.67854846,1.6371662574966916e-79,2.9766659227212575e-77,True
CDH12,18.723877,0.18920773,3.1627120621544795e-78,5.271186770257466e-76,True
PCAT1,18.607126,1.1307365,2.8130392221760053e-77,4.3277526495015466e-75,True
TSNAXIP1,18.169178,1.5234721,9.054556463397706e-74,1.2072741951196943e-71,True
ANKRD12,16.966433,0.4649069,1.4550959251418e-64,1.8188699064272499e-62,True
MAP2K6,16.10494,0.96571237,2.3552293600668174e-58,2.6169215111853528e-56,True
ENO2,15.965562,0.47354174,2.220331268834796e-57,2.3371908092997854e-55,True
TTLL5,15.948979,0.6113961,2.895889359183387e-57,2.8958893591833873e-55,True
CNTN5,15.298461,0.26274246,7.828550518669424e-53,7.116864107881295e-51,True
EPHA1-AS1,14.849795,1.1673582,6.978134778043786e-50,5.582507822435029e-48,True
YWHAH,14.331797,0.54212844,1.3849037375757202e-46,1.0258546204264595e-44,True
ENSG00000223720,14.046533,1.4979756,8.08987448766141e-45,5.7784817769010075e-43,True
TAFA2,13.820727,0.17256476,1.9112809054832468e-43,1.318124762402239e-41,True
TENM2,13.637378,0.103909455,2.400386731864214e-42,1.6002578212428092e-40,True
IL2RA,13.522915,1.0291419,1.1454485470524028e-41,7.389990626144535e-40,True
NEFL,13.273607,0.5351033,3.293360895626977e-40,2.0583505597668608e-38,True
ENSG00000286044,13.183868,1.3723762,1.0867190635689868e-39,6.586176142842344e-38,True
PROCA1,12.867931,1.8505692,6.820461854162807e-38,4.0120363848016504e-36,True
SRRM2,12.690444,0.482835,6.680626307062893e-37,3.611149355169132e-35,True
ZBTB7A,12.403533,0.48111194,2.500502869370368e-35,1.2502514346851841e-33,True
C5orf67,11.769155,1.3433285,5.628599493111134e-32,2.5584543150505157e-30,True
ENSG00000271147,11.42327,0.6084609,3.199626390198497e-30,1.4220561734215542e-28,True
ENSG00000280441,11.384265,0.46381396,5.008904397669501e-30,2.17778452072587e-28,True
POT1-AS1,11.172116,0.60426235,5.583459859150402e-29,2.3264416079793342e-27,True
SREK1,11.017816,0.44536108,3.135760674974087e-28,1.2543042699896349e-26,True
C8orf88,10.679978,0.8911846,1.2630103225142307e-26,4.857732009670118e-25,True
MAP1A,10.449118,0.3837098,1.4789492017083442e-25,5.377997097121252e-24,True
CNTNAP2,10.242707,0.050843682,1.2761441688338559e-24,4.4776988380135294e-23,False
ENSG00000286215,10.109514,0.37974668,5.013212458435533e-24,1.6993940537069603e-22,True
LINC02284,9.836847,1.1133631,7.812082233454816e-23,2.6040274111516054e-21,True
ITPR2,9.6844,0.46553236,3.512650853782128e-22,1.1516888045187306e-20,True
LAMA3,9.6586895,1.2007126,4.516057843934473e-22,1.456792852882088e-20,True
SYN3,9.629749,0.1303193,5.987512651540378e-22,1.9007976671556754e-20,True
ITPRID1,9.583204,1.243611,9.408026468483474e-22,2.9400082714010856e-20,True
WIPF3,9.300683,0.38538495,1.395465554004435e-20,4.228683496983136e-19,True
ENSG00000253363,9.293159,1.366083,1.4977619772588335e-20,4.470931275399503e-19,True
NXPH1,9.218072,1.1424632,3.024895543014137e-20,8.896751597100402e-19,True
CCDC144CP,9.127793,0.4614093,6.990955968549038e-20,2.0263640488547934e-18,True
NEFM,9.0927925,0.53297454,9.652730239434058e-20,2.7579229255525876e-18,True
PARD3B,8.942478,0.9655835,3.805405944559758e-19,1.0425769711122626e-17,True
LUC7L3,8.930508,0.12897867,4.240577641583622e-19,1.1461020652928708e-17,True
NRXN1-DT,8.53846,0.8114263,1.360232402071046e-17,3.533071174210509e-16,True
ANKRD26,8.518507,0.18217914,1.6162346156331707e-17,4.1441913221363353e-16,True
ATP5F1B,8.5166025,0.5166244,1.6430212420884876e-17,4.159547448325285e-16,True
UBB,8.456129,0.6836972,2.7639962632100402e-17,6.9099906580251e-16,True
ENSG00000286780,8.448343,1.1486452,2.9546449255155505e-17,7.295419569174199e-16,True
CEP126,8.203606,0.28753266,2.332817964145258e-16,5.6897999125494094e-15,True
ENSG00000287069,8.153971,1.3062078,3.521651989799128e-16,8.485908409154524e-15,True
FKBP3,7.599062,0.43887106,2.982846709031225e-14,6.85711887133615e-13,True
MITF,7.457666,0.9603706,8.806875369260883e-14,1.9570834153913076e-12,True
COL21A1,7.4206247,0.80386204,1.1656923997256313e-13,2.5619613180783106e-12,True
DNAJB2,7.399453,0.4278348,1.367464181090891e-13,2.972748219762807e-12,True
PDE3A,7.3348804,1.2844858,2.2191993824380694e-13,4.772471790189397e-12,True
ENSG00000253300,7.1298695,1.2237628,1.0046410609519235e-12,2.0502878794937213e-11,True
NR2F1,7.0081363,0.37508178,2.415131839927638e-12,4.7355526273090946e-11,True
PNISR,6.991367,0.11220688,2.7222089933792567e-12,5.28584270559079e-11,True
GCM1,6.9264364,1.2268767,4.315740708784307e-12,8.22045849292249e-11,True
THSD7A,6.696742,0.53321993,2.1311764121654273e-11,3.983507312458743e-10,True
ENSG00000237445,6.6623225,1.6279502,2.6953328685792113e-11,4.945564896475617e-10,True
PGAM1P5,6.621259,0.99136883,3.561516279224866e-11,6.475484144045211e-10,True
B4GAT1,6.613957,0.5948124,3.7418109498482637e-11,6.742001711438313e-10,True
LRRC4C,6.5799127,0.07397363,4.7072440297240935e-11,8.405792910221595e-10,False
RBM25,6.528014,0.16780527,6.664736604865236e-11,1.1590846269330844e-09,True
LINC01572,6.4083924,0.65712214,1.470621423637386e-10,2.535554178685148e-09,True
MEIS2,6.3825054,0.26156956,1.7421408359634805e-10,2.9780185230144964e-09,True
EFCAB13,6.33481,0.24883462,2.376345126423565e-10,4.027703604107738e-09,True
HSPA1A,6.29134,0.92950165,3.1473767950917377e-10,5.202275694366509e-09,True
ENSG00000287231,6.266408,0.8273537,3.6947176726051124e-10,6.056914217385431e-09,True
ENSG00000274422,6.2494903,0.32478172,4.117946476901092e-10,6.6958479299204756e-09,True
CFAP20DC-DT,6.148806,0.55158794,7.806845240466082e-10,1.2490952384745731e-08,True
ACVR1C,6.0743213,0.63008994,1.245130595942591e-09,1.976397771337446e-08,True
ANKRD18B,6.0555468,0.37618703,1.3994147222116245e-09,2.2038027121442906e-08,True
VAV3,5.964348,0.62643343,2.4561277116204007e-09,3.8079499404967455e-08,True
LINC00992,5.944997,0.97691494,2.7646242660806256e-09,4.253268101662501e-08,True
PDLIM2,5.9319463,1.6209962,2.993646076829274e-09,4.570452025693548e-08,True
CBLN2,5.91492,0.18240412,3.3203716242477726e-09,5.0308660973451094e-08,True
TRHDE,5.8462396,0.1785281,5.028100435257003e-09,7.449037681862226e-08,True
SYCP2,5.8384304,0.2698189,5.269487935451612e-09,7.730354627992972e-08,True
TULP2,5.7838187,1.29905,7.302361764134931e-09,1.0506995344079036e-07,True
EPHA6,5.734688,0.15009035,9.769217617442272e-09,1.3857046265875564e-07,True
NDUFA4,5.6843753,0.3710922,1.3129163031637101e-08,1.810919038846497e-07,True
PRKG1,5.66445,0.16638002,1.4749681662831485e-08,2.0205043373741761e-07,True
CHDH,5.651746,0.84910315,1.588263832183029e-08,2.1609031730381347e-07,True
UTRN,5.644924,0.38925228,1.6525389373363165e-08,2.2331607261301575e-07,True
IFT172,5.6211133,0.3828837,1.8973072201032944e-08,2.529742960137726e-07,True
HERC2P3,5.46351,0.90709466,4.6681095685964147e-08,6.062479959216123e-07,True
LINC01846,5.4052377,1.2074529,6.472244160212732e-08,8.244897019379276e-07,True
RASD2,5.390124,0.9136916,7.040921839925672e-08,8.912559291045155e-07,True
MALRD1,5.3438153,0.65565795,9.101030637143786e-08,1.1447837279426147e-06,True
SLC26A3,5.3375187,1.1223094,9.42271322991817e-08,1.1778391537397713e-06,True
BOD1L1,5.334194,0.20359306,9.596988912589445e-08,1.1872187855804997e-06,True
CCDC178,5.333826,0.8720474,9.616472163202048e-08,1.1872187855804997e-06,True
AKAP9,5.247348,0.12968345,1.543043063061846e-07,1.8703552279537526e-06,True
PRRC2C,5.233978,0.13426594,1.6590052031613303e-07,1.998801449591964e-06,True
TAFA1,5.223679,0.043738637,1.754028182146059e-07,2.100632553468334e-06,False
DEK,5.158274,0.60511184,2.4923635005864017e-07,2.9321923536310605e-06,True
RIF1,5.028636,0.26706046,4.939817359451292e-07,5.777564163100926e-06,True
CFAP47,4.9772983,1.3841262,6.44779856118462e-07,7.497440187423978e-06,True
APOOL,4.954839,0.45774361,7.239009949858853e-07,8.368797629894629e-06,True
ARHGAP24,4.9118004,0.7955557,9.024382975986665e-07,1.0197042910719397e-05,True
DNAJB1,4.9031425,0.96450233,9.431560075726755e-07,1.0597258512052534e-05,True
LINC01965,4.882678,1.1877518,1.0465466309600513e-06,1.165808779411424e-05,True
RABL6,4.8815255,0.44124076,1.0526821522798418e-06,1.165808779411424e-05,True
GTF2I,4.8810816,0.40560547,1.0550569453673388e-06,1.165808779411424e-05,True
LINC01877,4.87144,0.5301014,1.1078786859842553e-06,1.2174491054772038e-05,True
ZRSR2,4.862458,0.44271952,1.159368092047806e-06,1.2670689530577115e-05,True
ENSG00000261170,4.8433127,0.787367,1.276919415146023e-06,1.3879558860282859e-05,True
LINC02795,4.8232,0.63400465,1.4127312779329059e-06,1.5190658902504364e-05,True
FABP12,4.763501,0.9744695,1.902624115624087e-06,2.0348921022717507e-05,True
ZMYM3,4.7521825,0.4474176,2.0123262826496684e-06,2.1407726411166685e-05,True
SOX6,4.693091,0.6041029,2.6910774636253242e-06,2.8327131196056045e-05,True
MAD2L1-DT,4.638758,0.48712555,3.5050921373093532e-06,3.670253546920789e-05,True
NCL,4.5306783,0.37292954,5.8794618062562604e-06,6.092706534980581e-05,True
ADAMTS17,4.5120726,0.43088534,6.419716685956117e-06,6.618264624697028e-05,True
DPP7,4.4878435,0.28618366,7.194767518487525e-06,7.379248736910283e-05,True
ENSG00000272154,4.4721212,0.524325,7.744746321202093e-06,7.902802368573564e-05,True
NCOA4,4.455782,0.54678667,8.358794111485884e-06,8.486085392371456e-05,True
ENSG00000227579,4.4451995,0.85860854,8.781041188784416e-06,8.869738574529714e-05,True
MRFAP1L1,4.4049773,0.5143433,1.0579503250442949e-05,0.00010579503250442949,True
ALDH2,4.3403068,0.589779,1.4228387985827529e-05,0.00014018116242194608,True
RALBP1,4.3244433,0.41245726,1.529174701907236e-05,0.00014991908842227806,True
ENSG00000247679,4.275095,0.34617668,1.910558070469587e-05,0.0001845949826540664,True
PALMD,4.272111,0.8792155,1.936310815455261e-05,0.00018618373225531357,True
LINC02377,4.2518973,0.9233475,2.119669280231427e-05,0.00020187326478394546,True
LRP1B,4.234313,-0.0077264565,2.2925162489414385e-05,0.00021730011838307474,False
MAP9,4.2080646,0.4879638,2.575670775739028e-05,0.00023959728146409563,True
CUX2,4.1330633,0.14680387,3.579600766730609e-05,0.0003299171213576598,True
PKHD1,4.1070027,0.923411,4.0082645729763815e-05,0.00036773069476847537,True
SNHG25,4.0787354,0.30492297,4.5281304047196866e-05,0.0004135278908419805,True
ZNF732,4.039607,0.5763018,5.3540825286303956e-05,0.0004780430829134282,True
FGF13,4.0088267,0.28202632,6.102121661099438e-05,0.0005400107664689768,True
EYS,4.006584,0.56264025,6.160322531035485e-05,0.0005427596943643598,True
PLK5,3.9930174,0.7920186,6.523778090550058e-05,0.000572261236013163,True
KIAA0040,3.9503326,1.6560096,7.804263535906294e-05,0.0006756938126325795,True
RERG,3.9390821,0.4503231,8.179388463013017e-05,0.000705119695087329,True
CRISPLD2,3.9263158,1.2369473,8.62569060249359e-05,0.0007404026268234841,True
STAC,3.8978944,0.9313823,9.703273053611855e-05,0.0008293395772317825,True
ASPM,3.889634,0.51425266,0.00010039552919077454,0.0008508095694133436,True
IL3RA,3.8659992,0.25894967,0.00011063533205986043,0.0009297086727719365,True
ENSG00000258312,3.8614142,0.70064837,0.00011273263565028393,0.0009433693359856396,True
THSD4,3.8549361,0.4242316,0.00011575979875288655,0.000964664989607388,True
SRSF11,3.8488493,0.053360738,0.00011867404076180018,0.0009821462984391405,False
PCDH15,3.789663,0.34121153,0.00015085178050598907,0.001241578440378511,True
BCL11B,3.7755241,0.38012233,0.0001596715316013847,0.001303441074297018,True
KCNG2,3.771336,0.5706241,0.00016237575430537907,0.0013201280837835698,True
LINC01470,3.7633545,0.70324343,0.0001676493053531273,0.0013520105270413492,True
NDUFA6-DT,3.7271485,0.53051436,0.00019365833410803115,0.0015311832796328021,True
SGSM3,3.7271013,0.7792489,0.00019369468487354948,0.0015311832796328021,True
LINC00393,3.688105,0.8929819,0.00022593039512019335,0.0017582131915968354,True
ENSG00000285082,3.6501288,1.4160647,0.0002621087439549676,0.002031850728333082,True
SLC14A2,3.6308513,0.5241165,0.0002824880202275705,0.0021813746735719728,True
UNC13C,3.6235714,0.1500949,0.0002905628800816665,0.002226535479553,True
SLU7,3.5831697,0.32434553,0.00033945002313305595,0.0025813689972095507,True
ENSG00000214719,3.5763307,0.49264002,0.00034845083733667665,0.0026397790707323988,True
PSMA4,3.5703847,0.41099364,0.0003564573089908773,0.002690243841440583,True
ENSG00000249001,3.5387611,1.2982583,0.0004020093977558499,0.0030226270507958636,True
CCDC33,3.5342612,1.6219038,0.00040891681016106795,0.0030516179862766263,True
ENSG00000287862,3.5275185,0.58162344,0.00041947426223345796,0.0031187677489476428,True
USP1,3.482573,0.464124,0.0004966198653461822,0.003678665669230979,True
MKNK2,3.4686813,0.62531656,0.0005230196019499809,0.0038599232616234745,True
ENSG00000253673,3.4430482,1.6768901,0.0005751964852479622,0.004213893664820235,True
RORB,3.4397087,0.116283216,0.0005823407856797579,0.0042506626691953125,True
SLCO1B1,3.4215527,1.5279433,0.0006226467198352603,0.004528339780620075,True
DPP10,3.4179823,-0.023014318,0.0006308717927790505,0.004571534730282974,False
CNTN2,3.4009798,0.48430157,0.0006714481148992187,0.004848000829597247,True
ABCA7,3.399186,0.42113614,0.000675867746884373,0.004862357891254481,True
ENSG00000232035,3.3956568,1.347465,0.0006846413927192167,0.0049078236037219825,True
SYT10,3.3755782,0.6339379,0.000736607658510963,0.0052614832750783064,True
TGFBR3,3.3715024,0.6043067,0.0007475941199072887,0.005320954590087463,True
PCDH11X,3.3311214,0.13021956,0.0008649683876920625,0.006134527572284132,True
ENSG00000253100,3.2753162,1.507153,0.001055437441331358,0.007406578535658653,True
NEFH,3.2694263,0.6491328,0.0010776577146087798,0.007535204707226429,True
TRPC3,3.2684712,0.43069038,0.0010813018754869924,0.007535204707226429,True
ENSG00000285987,3.2485502,1.0866586,0.0011599471658088843,0.008027316026359062,True
EGFEM1P,3.2451212,0.2878723,0.001174006677322624,0.008096597774638786,True
CDKN1B,3.2245193,0.52539545,0.0012618435091295212,0.008597693796464804,True
HS6ST3,3.224062,0.005604581,0.001263860988080326,0.008597693796464804,False
MIR31HG,3.1964931,0.20624131,0.0013910914591891978,0.009431128536875917,True
TRIM11,3.1260443,0.62834984,0.0017717488488059627,0.011890931871180958,True
PODXL,3.1188977,0.5934115,0.0018152896507303887,0.012142405690504272,True
LINC01709,3.1127055,0.35830575,0.0018538089643460607,0.012358726428973739,True
LINC01106,3.1111782,0.37179548,0.0018634254505887082,0.012381564455738925,True
ENSG00000268163,3.100379,0.285431,0.0019327320812401844,0.01279955020688864,True
PLCXD3,3.0956538,0.24326642,0.0019637955645513488,0.012962346960734976,True
CWF19L2,3.0028117,0.21973014,0.0026749781783634006,0.017202432015198717,True
DTL,2.9965785,1.3812207,0.002730280390781999,0.017501797376807685,True
CCDC181,2.9734097,0.36382353,0.0029451100988482177,0.018758663049988647,True
SLC35F4,2.929711,0.40895352,0.003392772539601124,0.021541412949848404,True
TCOF1,2.9285674,0.5189554,0.0034052788839576136,0.021552397999731732,True
MRPS22,2.9098191,0.60029536,0.0036163799591338534,0.022816277344693082,True
STEAP1B,2.892217,0.6476405,0.003825336669616041,0.024058721192553718,True
HTR1F,2.8686557,0.093380414,0.004122202068531478,0.025683501984619803,False
ENSG00000243276,2.8436267,0.6734548,0.0044603281655487236,0.027703901649370952,True
SGCZ,2.8340273,0.13588147,0.004596541704519025,0.028461558541913463,True
SMC2,2.8313832,0.41266283,0.004634714252396428,0.028609347237014988,True
NSA2,2.8212862,0.30687565,0.004783151920326686,0.02943478104816422,True
CCDC34,2.7798555,0.36128798,0.00543830964356309,0.033261832682343055,True
ENSG00000244278,2.7555976,1.3388466,0.005858503299678625,0.03572258109560137,True
ITGA8,2.7463136,0.46146157,0.006026912080962987,0.036536303653248337,True
PSMD3,2.7462277,0.38252372,0.006028490102785976,0.036536303653248337,True
ITGA2-AS1,2.7345452,1.0825266,0.006246650649520989,0.03774411268592743,True
KCNH7,2.731075,0.015720973,0.0063128111006831395,0.038028982534235777,False
MIATNB,2.7201514,0.451481,0.006525203228527051,0.03907307322471288,True
LINC02067,2.7133098,1.1291479,0.006661479161643991,0.03973343158606427,True
TPT1,2.7126272,0.24702552,0.006675216506458798,0.03973343158606427,True
MRPL1,2.7062473,0.23143323,0.006804832679124942,0.040384763674332,True
ZNF521,2.6656432,0.45283213,0.007684121120635712,0.04533404790935523,True
RBM41,2.640657,0.2089593,0.008274544971636535,0.048531055552120436,True
ENSG00000234261,2.6252966,0.8603968,0.008657353831330764,0.05062780018322084,True
COPG2,2.6060722,0.019945797,0.00915871332044895,0.05324833325842413,False
FAM133A,2.561473,0.37351227,0.010422940929015662,0.05997514232214612,True
LINC01440,2.5555644,0.91312844,0.010601570999265375,0.060753988534472066,True
CCDC146,2.548885,0.24395475,0.010806791404834705,0.0617530937419126,True
LINC02814,2.5472147,1.1705813,0.010858658752433631,0.06187269944406628,True
FBXL7,2.508833,0.6800764,0.012113077970219809,0.0686293369417553,True
ENSG00000223944,2.4960873,0.38049224,0.012557165612949114,0.07094443849123794,True
POMT1,2.478296,0.42037448,0.013201158511295547,0.07431825448122817,True
LINC01320,2.4775536,0.4585951,0.013228649297658613,0.07431825448122817,True
FRMD4B,2.4619725,0.7997086,0.013817529138804931,0.0772017652931347,True
ENSG00000259899,2.4619312,0.5750014,0.013819115987471112,0.0772017652931347,True
SPAG11A,2.4547873,1.2145604,0.014096796164203104,0.07853368336603402,True
ENSG00000285669,2.4469328,0.4580862,0.014407773994263086,0.08004318885701714,True
ENSG00000237480,2.4417307,1.1681495,0.014617043616097647,0.08098085105871272,True
PRAMEF6,2.4299939,1.0219387,0.015099074870531038,0.08319049515444099,True
ENSG00000258654,2.4226677,2.2394726,0.0154070102031043,0.08465390221485879,True
KIF5B,2.3887193,0.20421521,0.01690721545241694,0.0923891554776882,True
SMC1A,2.384859,0.31430036,0.017085668070302838,0.09310990774006997,True
ENSG00000289019,2.3699007,1.3083459,0.017792859142835744,0.09643826093677911,True
YTHDC1,2.3623705,0.19257121,0.01815848885506971,0.09815399381118763,True
HAPLN1,2.3596625,1.8489987,0.01829156670142159,0.09860682857909213,True
PRP4K,2.3565612,0.15288578,0.018445030002209078,0.09916682796886601,True
BRD9,2.3520944,0.33614206,0.01866803347417197,0.1000966942314851,True
CSPP1,2.3445852,0.16325101,0.019048262175511504,0.10186236457492784,True
ENSG00000286536,2.3270724,0.6067809,0.019961413940804515,0.10646087435095741,True
PCSK5,2.323573,0.27455938,0.020148383023068542,0.10717225012270501,True
KCNAB1,2.2676697,1.5701057,0.023349342455698134,0.12350268530598311,True
SPOCK3,2.2667785,0.22320744,0.0234037588654838,0.12350268530598311,True
GREB1L,2.264734,0.29599804,0.02352900628337714,0.12383687517566916,True
MYO1H,2.2631671,1.1931725,0.02362538863841399,0.12401778812815742,True
WAKMAR2,2.2557673,0.99100226,0.024085206552180674,0.12610055786482027,True
MTMR8,2.2360356,0.34828177,0.02534943353406836,0.13237302106563112,True
UHRF1,2.215305,1.3949912,0.026739135324894817,0.13890459909036268,True
NUP155,2.2017324,0.48929513,0.02768422433904777,0.14307092681678432,True
CLK2,2.1859899,0.47363028,0.028816355590448962,0.14815606987377358,True
SF3B2,2.1811566,0.2878404,0.02917182543599096,0.14957448645147225,True
CHAT,2.180211,1.7820523,0.029241812101262827,0.14957448645147225,True
ENSG00000253496,2.1724415,1.0480245,0.02982237379706716,0.15215496835238349,True
BMPR1B,2.171362,0.42318216,0.02990382642874284,0.15218232279258442,True
LINC00536,2.1439955,1.1473454,0.032033239247420645,0.16119560046414994,True
CARD14,2.1434383,1.5207419,0.032077924492365836,0.16119560046414994,True
SLC8A1-AS1,2.1352954,0.41792652,0.032736895632058165,0.1636844781602908,True
ROBO1,2.1257274,0.087517545,0.03352596014812384,0.16721177131233836,False
BEX1,2.119098,0.15257105,0.03408219026683458,0.16956313565589343,True
BRINP3,2.1123545,0.072040565,0.03465605273214522,0.1715646174858674,False
ENSG00000259925,2.0952308,1.3963871,0.036150474760513814,0.17808115645573305,True
LINC01378,2.0907993,0.12133015,0.03654606596126348,0.17958754772119648,True
ALDH1A1,2.0733285,0.37891734,0.038141714774368035,0.18696919007043156,True
ENSG00000287122,2.062773,0.30600563,0.03913419687160461,0.19136526587581718,True
PPP1CB-DT,2.046636,1.263504,0.04069382373537878,0.19850645724575017,True
HAS2-AS1,2.0439606,1.1607033,0.040957431966334536,0.19882248527346863,True
CHD3,2.0343893,0.18724822,0.04191235905202499,0.20296541913813557,True
LINC02463,2.023485,1.0725423,0.04302316576125435,0.2078413804891515,True
ZC3H13,1.9905338,0.1027448,0.046532162222244176,0.22382407435792845,True
ENSG00000286995,1.9903226,1.2082763,0.046555407466449115,0.22382407435792845,True
PHACTR2,1.9832839,0.16936685,0.04733572991463331,0.2270298796864907,True
GRAP2,1.9774737,1.2869793,0.047988105178022794,0.22960815874652055,True
CCDC18,1.9744574,0.36370853,0.04832975796861456,0.23069096882393583,True
PLD5,1.9660025,0.30671078,0.04929832470188274,0.23475392715182256,True
ABCA13,1.9587148,1.1437382,0.05014619110376561,0.2382241857661074,False
CSTF3-DT,1.9382567,1.1210558,0.0525919098623902,0.2480750465207085,False
LINC00613,1.8869331,1.7963487,0.05916932771668509,0.2771397082748716,False
ENSG00000217455,1.8799776,1.2521805,0.060111134063509285,0.28089314982948266,False
TESPA1,1.8616489,0.11463752,0.06265258800227655,0.29140738605710026,False
SGO1-AS1,1.8484575,0.39675683,0.06453619717240051,0.29947191263294903,False
GRHL3,1.8422425,0.9214014,0.06543969546793639,0.30226187283111494,False
PARD3,1.8266349,0.4493247,0.06775469019771849,0.31223359538119116,False
KIAA1217,1.8135345,0.055683374,0.06974942825976188,0.3206870264816638,False
PAPLN,1.7946362,1.0259929,0.0727116782043852,0.3323759242843433,False
TSPAN17,1.7931868,0.46755219,0.07294306684617209,0.3323759242843433,False
HSP90B1,1.7931026,0.3061335,0.07295651538041335,0.3323759242843433,False
KCNH8,1.7793161,0.46830407,0.07518795770071275,0.3417634440941489,False
ADARB2,1.7432197,0.3495668,0.08129524820973998,0.3686859329239908,False
LINC02240,1.7351284,1.1105827,0.08271805595001996,0.37428984592769216,False
SLTM,1.733686,0.30814537,0.08297381229660991,0.37459960404790027,False
CLNK,1.7042226,1.5543113,0.08833950504182253,0.3970314833340338,False
SERPINB11,1.7016742,1.6241056,0.08881645451671898,0.3982800650973945,False
APBB1,1.6938608,0.27472275,0.09029173897078946,0.40398988353820786,False
LINC01010,1.6828154,1.1297998,0.09241082891550509,0.41254834337279056,False
EBF2,1.6755313,1.4230813,0.09383003634767798,0.41767635083004884,False
ROBO2,1.6697948,-0.021580597,0.09495997314143943,0.4211085283434121,False
ENSG00000287870,1.6526659,0.7778633,0.09839888448615872,0.435393294186543,False
ENSG00000253659,1.6320666,1.5859216,0.10266544551687294,0.45326907512968184,False
DNTTIP2,1.6240692,0.3610719,0.10436104300338801,0.4597402775479648,False
CCNT1,1.6119958,0.39403027,0.10696283803270476,0.469942929605838,False
ENSG00000286221,1.6082093,0.49500784,0.10778936608982312,0.4717258909839086,False
ACADVL,1.5982759,0.18036255,0.10998158505131113,0.4802689303550704,False
PSMC5,1.5735421,0.2948214,0.11559333976777011,0.5014895434610417,False
LRRC3-DT,1.5688809,1.5829053,0.116675695295763,0.505089590024948,False
CAVIN1,1.5674087,0.82197046,0.11701920524473489,0.5054825280550103,False
LINC02775,1.5521989,1.0545061,0.1206146368653491,0.5176593856881935,False
CPED1,1.5417328,0.88004583,0.12313853829034634,0.5251228480413287,False
CDRT15P6,1.5417215,0.41969728,0.12314130786569158,0.5251228480413287,False
ENSG00000287292,1.5316592,0.12555681,0.12560653414360937,0.5344958899728058,False
LINC02798,1.5275773,0.21799994,0.12661752097402026,0.5366625427245107,False
ENSG00000266302,1.5274371,0.072732195,0.12665236008298453,0.5366625427245107,False
DGKD,1.522031,0.2807051,0.1280013246635919,0.5412318167593738,False
HTR2C,1.5158939,0.31728005,0.12954616889574125,0.5448258471901029,False
PRPF38B,1.5102503,0.17825301,0.13097955918103438,0.5491805416395572,False
SMARCD2,1.4972972,0.30486605,0.1343159496057531,0.5596497900239713,False
CNTLN,1.4923309,0.18793438,0.1356124031179867,0.5617884897031515,False
ENSG00000243969,1.4913301,1.8201631,0.13587482752932095,0.5617884897031515,False
TSPYL2,1.4900289,0.122879654,0.136216657454936,0.5617884897031515,False
ARFGAP1,1.489964,0.25812146,0.13623370875301424,0.5617884897031515,False
CDH20,1.4477122,0.17234714,0.14769756032374293,0.6028471849948691,False
SMC3,1.4442314,0.16892831,0.14867390361683777,0.6055963487447568,False
CLIC4,1.3785104,0.8244659,0.1680457718024081,0.683112893505724,False
SIMC1,1.3643075,0.17964445,0.17247079389902342,0.6970645254985004,False
PPIG,1.3630333,0.093599506,0.1728720023236281,0.6970645254985004,False
BAZ1B,1.3166662,0.133224,0.1879505145540581,0.7518020582162324,False
MID1,1.3093287,0.33627456,0.19042303623358736,0.760171801331686,False
LINC01517,1.2984042,0.4181903,0.19414845926172875,0.7719620646589612,False
CUX1,1.2955027,0.078633174,0.19514687273980724,0.7743923521420922,False
NEAT1,1.2570709,0.3101689,0.20872797570838297,0.8250117616932133,False
ATP8A2P3,1.2503414,1.537696,0.21117483850120877,0.8313970019732628,False
ENSG00000251339,1.239693,0.711557,0.21508894057150185,0.8451431849567853,False
RFTN1P1,1.2297572,1.338609,0.21878806037823373,0.8579923936401322,False
LINC01821,1.2270273,0.18023515,0.2198123111874004,0.8603221572892383,False
PGM5P4-AS1,1.2168679,2.0336623,0.22365445858485933,0.8716945765834611,False
MTCO2P22,1.2158935,4.0453744,0.2240255061819495,0.8716945765834611,False
LINC01980,1.2099422,1.2678655,0.22630105191568195,0.8788390365657551,False
SRRT,1.2075121,0.317741,0.2272349621258708,0.8807556671545379,False
MIR17HG,1.2055193,1.8970366,0.22800286362799493,0.8810603092532011,False
ENSG00000197462,1.2050225,1.6137329,0.2281946200965791,0.8810603092532011,False
SINHCAFP3,1.1863171,1.448056,0.2354971186960264,0.9022878110958866,False
ENSG00000237844,1.1800196,0.6608377,0.2379923901993276,0.9083679015241511,False
ENSG00000230864,1.1636225,1.3016149,0.2445770278671121,0.9264281358602731,False
ANKRD20A1,1.1532782,0.27874,0.24879621398706486,0.9406284082686762,False
WDTC1-DT,1.1520101,1.4137044,0.24931690631731263,0.9408185144049532,False
MYO16,1.1407536,0.16148016,0.25397248624244173,0.9547837828663223,False
ADGRL4,1.128824,0.31173328,0.25897209679350586,0.9701240689231204,False
TBL1Y,1.1265806,0.77701014,0.25991986718894267,0.9707633677238118,False
ITSN1,1.1228491,0.15910229,0.2615015887953681,0.9707633677238118,False
CEP72,1.1225687,0.20359583,0.2616207276015673,0.9707633677238118,False
ZNF536,1.1048824,0.62061083,0.2692105473237896,0.9970761011992205,False
ZNF385D,1.09276,0.15256397,0.27449918223299763,1.0,False
FBN2,1.0789945,1.0765725,0.2805901849865873,1.0,False
ALK,1.0713633,0.2694164,0.28400609370217544,1.0,False
MRC1,1.0700935,0.88560253,0.284577217016195,1.0,False
ENSG00000287744,1.0647409,0.26783934,0.2869932228909837,1.0,False
ENSG00000253642,1.0603732,0.29302523,0.2889748634449013,1.0,False
TOPAZ1,1.0587459,1.0704688,0.28971555945193794,1.0,False
UROD,1.0445,0.3636725,0.29625409651269197,1.0,False
POU2AF1,1.0410113,1.6316102,0.29787028281765027,1.0,False
BAIAP2L2,1.03426,0.29326442,0.30101461581247746,1.0,False
ENSG00000249951,1.030632,1.7993058,0.3027134280361248,1.0,False
MSR1,1.0154345,0.8245984,0.309898741190635,1.0,False
NSUN5P1,1.0023175,0.22564946,0.31619027688704093,1.0,False
ENSG00000269749,0.99907154,0.25930563,0.3177600395500252,1.0,False
ENSG00000223393,0.99803394,0.2874254,0.3182628965830545,1.0,False
LINC01609,0.9935638,1.138132,0.3204353014643906,1.0,False
NOP56,0.99080414,0.21203749,0.32178121947430705,1.0,False
LINC01111,0.9803179,1.1991565,0.3269292271147486,1.0,False
TRO,0.9762552,0.20346479,0.32893802303402353,1.0,False
ENSG00000226197,0.9525581,0.3665365,0.3408140090599612,1.0,False
ENSG00000283098,0.9499677,0.7270612,0.34212868777727523,1.0,False
AGMO,0.9495233,0.42831922,0.3423545010920066,1.0,False
ENSG00000248491,0.9448709,0.831217,0.34472480479627443,1.0,False
ENSG00000251598,0.93897396,0.6026325,0.3477440996874309,1.0,False
ANKRD26P3,0.9214367,0.25099614,0.3568224750399531,1.0,False
ENSG00000285201,0.9201082,1.3720914,0.35751623463132787,1.0,False
LENG9,0.89593613,0.62056845,0.37028687905094426,1.0,False
DOCK8,0.8822416,0.98576117,0.3776461798670595,1.0,False
ENSG00000234710,0.87926465,1.0568273,0.3792577927226003,1.0,False
SLC47A2,0.87030673,0.17738894,0.38413280364790126,1.0,False
NFATC1,0.84502876,1.7792504,0.3980947921735324,1.0,False
COL15A1,0.8358316,1.183168,0.40324966460564415,1.0,False
ENSG00000271945,0.8189305,0.27986097,0.4128260659217343,1.0,False
HEPH,0.81803924,1.0025694,0.4133347664585788,1.0,False
IL11RA,0.81158763,1.1025002,0.4170282735449026,1.0,False
STC1,0.8109488,1.4545896,0.4173950679641606,1.0,False
SPMIP6,0.80440956,0.25247428,0.42116047472199647,1.0,False
LRP4,0.8039144,0.9805823,0.4214463893709076,1.0,False
GPC5,0.79773974,0.08165149,0.4250215258904987,1.0,False
ENSG00000253619,0.7923608,0.9812493,0.4281503333121426,1.0,False
ENSG00000287704,0.7882157,0.78120303,0.4305705402485245,1.0,False
ENSG00000258394,0.7806862,0.16739687,0.4349870725832671,1.0,False
ENSG00000259124,0.7790983,0.28604195,0.435921820009883,1.0,False
NTSR2,0.76999754,1.0938619,0.4413013700162066,1.0,False
MYH11,0.76874524,0.8745107,0.44204457350144644,1.0,False
LINC03099,0.75833255,1.4899524,0.4482519157145707,1.0,False
KLHL4,0.7566649,0.13695437,0.44925065176426826,1.0,False
ENSG00000255094,0.74622947,1.2810237,0.45552881785768684,1.0,False
ENSG00000277128,0.73907065,0.65267473,0.45986410077284345,1.0,False
ACKR3,0.736687,1.3905077,0.46131271162943643,1.0,False
LINC01982,0.7249134,1.1340597,0.46850516231211614,1.0,False
GET4,0.71259993,1.1118047,0.47609333497673234,1.0,False
RAB43,0.70157564,1.4032,0.4829438581192179,1.0,False
TMEM215,0.7010384,1.0546833,0.4832790338730667,1.0,False
EMX2,0.700793,2.0846791,0.48343217410330874,1.0,False
MIR7515HG,0.69003075,1.8874034,0.4901748568721953,1.0,False
ALDH1L1,0.68864435,0.7534083,0.4910470909699247,1.0,False
LINC00589,0.66115975,1.0248322,0.5085098610314215,1.0,False
SPON1,0.6596831,0.15277001,0.509457191902382,1.0,False
SLC15A1,0.6588787,1.486714,0.5099736930966818,1.0,False
USP16,0.6576851,0.15882172,0.5107405098185354,1.0,False
ENSG00000257452,0.6483661,1.3615488,0.5167481919385084,1.0,False
ENSG00000267666,0.64775795,0.74133915,0.5171415363694889,1.0,False
DOCK1,0.63713497,0.673195,0.5240369492355967,1.0,False
LINC01194,0.6363322,0.76977575,0.524559910500199,1.0,False
RHPN2P1,0.6357556,1.2522533,0.5249357397342359,1.0,False
ENPP2,0.6317665,0.69270355,0.5275394713350599,1.0,False
ENSG00000288321,0.62595636,0.4479066,0.5313435601002081,1.0,False
ENSG00000259929,0.6254779,1.0788839,0.5316574567787644,1.0,False
ENSG00000271860,0.6248881,0.08867394,0.5320444953301555,1.0,False
EBF1,0.6158452,0.7750784,0.5379967093179212,1.0,False
PATL2,0.61439306,0.69024193,0.5389556067028902,1.0,False
LPAR4,0.6143177,1.4349743,0.5390053978347489,1.0,False
HSP90AB2P,0.6138524,1.1038853,0.5393128801786145,1.0,False
SEC61G-DT,0.6042968,0.6857355,0.5456463437398664,1.0,False
TNFAIP8,0.60348004,0.6086393,0.5461893919308622,1.0,False
ENSG00000289302,0.60328025,1.8938226,0.5463222813981193,1.0,False
SDK1-AS1,0.60305065,0.9159999,0.546475007496187,1.0,False
MIR548XHG,0.5950216,0.9116894,0.5518290212239576,1.0,False
LINC02490,0.5929894,1.0067983,0.5531882542010065,1.0,False
EOMES,0.5917941,1.1173571,0.5539884998138419,1.0,False
NHEG1,0.5910851,1.1891139,0.5544633998767112,1.0,False
C1orf35,0.590051,0.23491617,0.555156441627503,1.0,False
LINC01162,0.58444595,1.0306255,0.5589203106184137,1.0,False
LARP7,0.58341366,0.22895782,0.5596148801010272,1.0,False
BPIFC,0.5816732,0.9150526,0.5607868077212977,1.0,False
GNG12,0.5793702,0.38434115,0.5623394001922604,1.0,False
DGKK,0.5705893,0.9049831,0.5682780746966827,1.0,False
STOML3,0.5696797,2.1793914,0.5688949890813731,1.0,False
ADAMTS9-AS2,0.56722856,0.14073995,0.570558920435886,1.0,False
LINC01151,0.5608935,1.194349,0.5748701495253403,1.0,False
SAMD5,0.55419475,0.107629165,0.5794455667383969,1.0,False
GRIK1,0.55398446,0.21731801,0.579589498190187,1.0,False
ENSG00000250149,0.55173665,0.7961361,0.581128812130902,1.0,False
ACSL5,0.5486344,1.4962019,0.5832563816901527,1.0,False
DPPA3,0.5478553,2.3973472,0.5837912480290941,1.0,False
SLCO1C1,0.5392339,1.0520126,0.5897254689908247,1.0,False
ENSG00000289371,0.5373533,1.0025592,0.591023607624712,1.0,False
ENSG00000287277,0.52771884,0.80069816,0.5976945120854631,1.0,False
NKX3-1,0.5274778,1.0434312,0.5978618134857308,1.0,False
ENSG00000287416,0.5269468,1.1647369,0.5982305599990424,1.0,False
TTTY13,0.5265971,1.7289835,0.5984734048956837,1.0,False
LCORL,0.52295065,0.09940615,0.6010085911083801,1.0,False
CASC17,0.51568145,0.9990784,0.606076927390473,1.0,False
PLIN5,0.5154168,1.037755,0.606261813026806,1.0,False
ENSG00000287444,0.5143897,0.82705253,0.6069795550026247,1.0,False
ENSG00000285894,0.50682515,1.1871219,0.6122775071951195,1.0,False
PAX3,0.50482357,0.64278483,0.6136827426811262,1.0,False
BMPR1B-DT,0.5040112,1.5887204,0.6142534867865646,1.0,False
ENSG00000259097,0.5038491,1.7921731,0.6143674173183763,1.0,False
EDA2R,0.49456167,0.9895787,0.620909564789788,1.0,False
LINC01307,0.4829896,1.2417821,0.6291031074109517,1.0,False
ENSG00000287803,0.4827311,1.2375284,0.6292866788978562,1.0,False
ENSG00000268575,0.48267412,1.3076619,0.6293271299330874,1.0,False
TENM1,0.48248747,0.12205608,0.6294596926570671,1.0,False
ENSG00000226206,0.4822351,1.9531146,0.6296389513812627,1.0,False
PCDH17,0.47970772,0.19130513,0.6314352300895376,1.0,False
ENSG00000267320,0.4720976,0.9852831,0.6368571207516848,1.0,False
SLC19A4P,0.47176987,1.200658,0.6370910692375876,1.0,False
ENSG00000287054,0.4713685,1.183609,0.6373776115780908,1.0,False
LHFPL3,0.4682908,0.089471996,0.6395766524469841,1.0,False
SPATA3-AS1,0.46139663,0.8930198,0.6445140643045446,1.0,False
TRPC6,0.46137473,0.18990521,0.644529779739158,1.0,False
UGT2B4,0.46092167,1.1420027,0.6448548105284138,1.0,False
ZNF804A,0.45997873,0.09298124,0.6455314945273929,1.0,False
LINC01684,0.45255876,0.78633505,0.6508664990418274,1.0,False
SLC17A8,0.45045203,0.8327748,0.6523845256083383,1.0,False
NBEAP6,0.44957045,1.1067603,0.6530202010613095,1.0,False
ENSG00000287308,0.4388353,1.3288385,0.6607808802989332,1.0,False
RSL1D1,0.43429235,0.16345201,0.664076150436961,1.0,False
PLCG2,0.43321446,0.7834842,0.6648589716017137,1.0,False
ENSG00000287823,0.42716947,1.5298939,0.6692558884624721,1.0,False
ENSG00000254519,0.4271099,1.0345984,0.6692992897637673,1.0,False
LINC01924,0.41688126,0.61972386,0.6767652568278593,1.0,False
PGR,0.416465,0.8885225,0.6770697694145296,1.0,False
TTN,0.41111058,0.08486894,0.680991454734333,1.0,False
SPMIP11,0.40749568,0.79678375,0.68364396620468,1.0,False
TECTB,0.40509802,1.0524688,0.6854054633704656,1.0,False
ENSG00000227531,0.39601916,0.7807181,0.6920909007714875,1.0,False
ENSG00000288735,0.3944803,1.1375115,0.6932264689394452,1.0,False
CXCR2,0.39440933,3.4627607,0.6932788665859346,1.0,False
LINC02019,0.3941061,1.0773108,0.6935027051454946,1.0,False
MAPK11,0.38873327,0.22030179,0.6974734672384694,1.0,False
MED28-DT,0.38495976,1.0834215,0.7002672308634615,1.0,False
IZUMO3,0.38403085,1.0784653,0.7009555906963416,1.0,False
LINC01427,0.38344544,2.1362774,0.7013895134604975,1.0,False
NOX3,0.38312647,0.8953187,0.7016260034025549,1.0,False
ITSN2,0.37931702,0.06150562,0.7044524669610129,1.0,False
EIF5A,0.37486786,0.46068904,0.7077587557665537,1.0,False
PLEKHH2,0.3747802,0.10011413,0.7078239342584342,1.0,False
OLAH,0.37218624,0.9937121,0.7097541852486067,1.0,False
ATAD5,0.36690807,0.1196612,0.7136875994309045,1.0,False
GDF5,0.36322656,1.0323491,0.7164356476109988,1.0,False
ENSG00000239922,0.36142656,0.66232365,0.7177805946021054,1.0,False
LINC03000,0.35910076,0.059366,0.7195197136001596,1.0,False
SLK,0.35883784,0.118988544,0.7197163898283085,1.0,False
PLCH2,0.35486016,0.2849341,0.7226943585050352,1.0,False
CACNG5,0.35448948,0.20323461,0.7229720972590117,1.0,False
SFRP1,0.35105422,0.83895916,0.7255476730359327,1.0,False
LINC01997,0.35038382,0.9047829,0.726050667808263,1.0,False
ZAN,0.34311458,0.66722256,0.7315122545291018,1.0,False
CLEC4C,0.3400369,1.7946581,0.7338287470764706,1.0,False
ENSG00000188897,0.33990192,0.3752418,0.7339303801364796,1.0,False
MGAT4D,0.33989668,0.85661787,0.7339343399604616,1.0,False
PGR-AS1,0.33980027,1.5634122,0.7340069379875599,1.0,False
ENSG00000237760,0.33017284,0.7765802,0.7412693803547084,1.0,False
ENSG00000232451,0.33007556,0.2732219,0.7413428773912726,1.0,False
ENSG00000287861,0.32959795,0.9426637,0.7417037754458133,1.0,False
MMRN1,0.3289284,1.5763547,0.7422097905531506,1.0,False
LINC01284,0.3277182,0.12706774,0.7431247418859093,1.0,False
UTS2B,0.31908363,0.9578614,0.7496630928926822,1.0,False
THAP3P1,0.3188628,0.61641884,0.7498305559886042,1.0,False
NDRG2,0.3181214,0.71450657,0.7503928397314018,1.0,False
ENSG00000206356,0.31783924,2.3155568,0.7506068880278552,1.0,False
DUSP10,0.3177516,1.0322242,0.7506733665617443,1.0,False
PRSS59P,0.31747818,1.0541517,0.7508807914832565,1.0,False
MYO7B,0.31020194,0.38958395,0.7564073925362087,1.0,False
ENSG00000287092,0.30982336,0.12076466,0.7566952822690348,1.0,False
NUTM1,0.30726007,1.7630479,0.7586454221644453,1.0,False
ENSG00000279147,0.3070138,1.251423,0.7588328500177507,1.0,False
LIPN,0.306538,0.80686057,0.7591950728062651,1.0,False
ANKDD1A,0.30403164,0.13696183,0.7611037832531332,1.0,False
ENSG00000224363,0.29708666,0.03533812,0.7664003480794308,1.0,False
ENSG00000225537,0.29619193,1.1326315,0.7670835197859414,1.0,False
ENSG00000273550,0.29610252,1.5477291,0.7671517800012796,1.0,False
ENSG00000279714,0.29603767,1.209524,0.7672013032491595,1.0,False
GPATCH1,0.29584926,0.15958977,0.7673451937545067,1.0,False
ENSG00000285789,0.2958414,1.1891605,0.7673512172529264,1.0,False
FRG2IP,0.29580107,2.886071,0.7673820042421168,1.0,False
ENSG00000233139,0.29575023,3.2425432,0.7674208231430428,1.0,False
CDX4,0.29572922,2.2105339,0.7674368863072257,1.0,False
ENSG00000287410,0.29013905,0.7810593,0.7717098635351998,1.0,False
ZFHX4-AS1,0.28600448,0.45514297,0.7748746878063194,1.0,False
CTXND1,0.2859773,0.49385875,0.7748954949772144,1.0,False
PABPC3,0.28481442,2.5887473,0.7757863275114623,1.0,False
LINC02865,0.2847373,0.84481615,0.7758454135135382,1.0,False
ZNF729,0.27439037,0.94883704,0.783784644125237,1.0,False
ENSG00000230746,0.2741292,1.1330048,0.7839853198190636,1.0,False
SOX11,0.27402407,0.8899377,0.7840661328814105,1.0,False
CYLC2,0.27387157,2.1361327,0.7841833159581002,1.0,False
FGF16,0.2738698,2.3435252,0.7841846629184692,1.0,False
ENSG00000260558,0.27374187,1.1042866,0.7842829927714924,1.0,False
ENSG00000286206,0.26353604,0.6829424,0.7921374500478751,1.0,False
LINC02369,0.26320478,1.1246251,0.792392744624167,1.0,False
LINC00885,0.2630777,1.2465577,0.7924906809918455,1.0,False
AOX3P,0.263012,1.3991401,0.7925413390185158,1.0,False
GRID2,0.2597231,-0.010144953,0.7950773807190428,1.0,False
DPY19L2P2,0.25471306,0.13148634,0.7989447268641612,1.0,False
GGT5,0.25216466,1.1438946,0.8009137854472907,1.0,False
ZMAT2,0.24418823,0.19972074,0.807085037732526,1.0,False
LINC00378,0.24214111,0.09833489,0.8086708254183519,1.0,False
LINC02228,0.2418414,0.81137556,0.8089030573841213,1.0,False
ENSG00000237525,0.24155746,0.6220923,0.8091230821427364,1.0,False
KCNJ15,0.24131998,0.46621445,0.8093071267878871,1.0,False
CIDEC,0.24126478,1.7392222,0.8093499135858403,1.0,False
FCRL3,0.24099573,3.2341237,0.8095584224846052,1.0,False
ENSG00000226506,0.24090722,1.1055316,0.8096270228309623,1.0,False
LINC01958,0.24089758,0.7518205,0.809634494244153,1.0,False
DNAH8,0.23991871,0.569938,0.8103932725117169,1.0,False
IKBKB-DT,0.2309082,0.65568256,0.8173861192007928,1.0,False
BMP7,0.23088016,0.9252058,0.8174079055963168,1.0,False
EPPK1,0.23050158,0.65412736,0.8177020357352516,1.0,False
ENSG00000249945,0.23041745,1.0478009,0.8177674014754994,1.0,False
ENSG00000287526,0.23029126,0.79626906,0.8178654524615578,1.0,False
LINC01739,0.23023693,1.0546514,0.817907669735974,1.0,False
CTBP1-AS,0.2301861,1.0143931,0.8179471637933782,1.0,False
ENSG00000287409,0.23016332,1.6943595,0.8179648681760096,1.0,False
ENSG00000289090,0.23002836,2.510336,0.8180697344995358,1.0,False
SPMIP2,0.22597967,0.3025378,0.8212172298727707,1.0,False
SPTA1,0.21924238,2.814997,0.8264612421867413,1.0,False
LINC03057,0.21915913,3.0450764,0.8265260909785737,1.0,False
ENSG00000278395,0.21912582,3.0397124,0.8265520308266288,1.0,False
RBMY1A3P,0.21909428,1.7399044,0.8265766055941277,1.0,False
AEBP1,0.21896634,0.84326583,0.8266762716700902,1.0,False
ATP6V0D2,0.2188936,0.6018545,0.826732932396627,1.0,False
CTR9,0.21007413,0.15771066,0.8336098176112561,1.0,False
EXD1,0.209501,0.7149459,0.8340571526323929,1.0,False
CDCA2,0.20899448,0.72334164,0.8344525484862518,1.0,False
LINC02485,0.2088788,0.9423351,0.8345428523761473,1.0,False
ENSG00000225970,0.20881045,0.51525265,0.8345962147913285,1.0,False
IL20RA,0.20859662,1.5759833,0.8347631482890064,1.0,False
SLC1A3,0.20843537,0.5081184,0.8348890374909756,1.0,False
HLA-F,0.20833021,0.5288866,0.8349711414241638,1.0,False
SUSD3,0.2083197,0.7663202,0.834979351916429,1.0,False
ENSG00000228144,0.2082531,1.0839819,0.8350313521184319,1.0,False
SEC14L3,0.20821454,1.2944794,0.8350614578282096,1.0,False
SCNN1G,0.20819,2.1315107,0.8350806161330083,1.0,False
ENSG00000248605,0.20818825,3.2034044,0.8350819845870963,1.0,False
ENSG00000255457,0.2081304,0.85014087,0.8351271438520979,1.0,False
SASH3,0.20804277,1.2560985,0.835195568016677,1.0,False
ENSG00000177359,0.1976345,0.9161597,0.84333103828318,1.0,False
MEPE,0.19753285,0.9698534,0.8434105795853803,1.0,False
SLC22A3,0.19753022,0.6647819,0.8434126367092147,1.0,False
LAT,0.19734268,1.189772,0.8435593809646362,1.0,False
ENSG00000289089,0.19731814,1.8524885,0.843578581549478,1.0,False
ACSM2A,0.1971981,1.0084372,0.8436725286081644,1.0,False
TNFSF11,0.19717705,1.8189105,0.84368898671605,1.0,False
NOP56P1,0.19717617,20.125854,0.8436896724720264,1.0,False
TUBAL3,0.19716303,3.5405483,0.8436999588258922,1.0,False
ENSG00000233960,0.19715515,0.88284904,0.8437061306510083,1.0,False
ENSG00000254847,0.19706751,0.66084665,0.843774707131274,1.0,False
ENSG00000279217,0.19682652,0.33752143,0.8439632985570873,1.0,False
LINC00376,0.18727005,0.82872874,0.8514489072649348,1.0,False
KRT8,0.18708602,0.76075363,0.851593192998823,1.0,False
CYP2C9,0.18663383,0.6155137,0.8519477447494412,1.0,False
SLC9B1P4,0.1864568,0.91677165,0.8520865502940296,1.0,False
ENSG00000249149,0.18633588,2.7016337,0.8521813804786994,1.0,False
HSP90AA2P,0.18622896,2.0750542,0.8522652176390811,1.0,False
LINC00358,0.18610452,0.3762855,0.852362800698327,1.0,False
DLC1,0.18596168,0.11773924,0.8524748178409546,1.0,False
LBX1-AS1,0.17664707,0.7298861,0.8597856189282751,1.0,False
LINC03043,0.17540881,0.886027,0.8607584235657577,1.0,False
GATA3,0.17536323,2.1795726,0.8607942279183047,1.0,False
ODAD1,0.1753606,0.95174766,0.8607962935627589,1.0,False
ENSG00000254178,0.17534044,1.5161182,0.8608121302018785,1.0,False
ENSG00000284744,0.17530277,1.5233876,0.8608417379816636,1.0,False
MRPL40,0.17527297,1.5806129,0.8608651489227512,1.0,False
FMR1NB,0.17496186,0.21162191,0.8611095939887752,1.0,False
BMS1P4-AGAP5,0.16540015,0.57866395,0.8686290428309955,1.0,False
LINC02105,0.1649427,0.9723012,0.8689890891387504,1.0,False
TGFBR2,0.16477093,0.9825634,0.8691242859595881,1.0,False
UGT2B7,0.16451679,1.3210084,0.8693243290898833,1.0,False
ENSG00000255558,0.16449927,0.72550666,0.8693381254762822,1.0,False
CEACAM20,0.16436781,1.9042428,0.8694415996418796,1.0,False
POM121L2,0.16436431,1.345138,0.8694443589835744,1.0,False
ENSG00000231083,0.16435204,1.2769032,0.8694540166920257,1.0,False
HLA-F-AS1,0.1643205,0.39070678,0.8694788508888888,1.0,False
NOP56P3,0.16430122,1.620968,0.8694940274059061,1.0,False
H1-4,0.1642872,0.24709888,0.8695050649030232,1.0,False
VN1R7P,0.16428544,1.5749065,0.8695064445919505,1.0,False
DEFA5,0.16428018,1.0810666,0.8695105836611163,1.0,False
ENSG00000258410,0.15943228,0.090349376,0.8733283121747546,1.0,False
ENSG00000260364,0.15380618,1.57591,0.8777625596142526,1.0,False
CASP10,0.15362829,0.6491721,0.877902833573003,1.0,False
ENSG00000286514,0.15350735,1.0640081,0.8779981944139669,1.0,False
TBX5,0.15350385,1.7837839,0.8780009585227209,1.0,False
TLX1NB,0.15343988,1.4820918,0.8780514037687059,1.0,False
ENSG00000233242,0.15341884,1.4891112,0.8780679886152809,1.0,False
H3C6,0.15338379,1.660545,0.8780956301451573,1.0,False
AMELY,0.15337765,0.87939364,0.8781004674281666,1.0,False
ENSG00000288777,0.15336187,4.059711,0.8781129061768028,1.0,False
ENSG00000273476,0.15335049,1.0197952,0.878121889736199,1.0,False
LINC02183,0.1533312,1.0130367,0.8781370927186225,1.0,False
LINC02746,0.15331368,1.074321,0.8781509136507344,1.0,False
DDR1-DT,0.1531647,0.20482539,0.8782683930727215,1.0,False
GAB3,0.14326733,0.91171485,0.8860790533294973,1.0,False
ITK,0.14280462,0.68729085,0.8864444825115001,1.0,False
ENSG00000289456,0.14264514,1.284697,0.8865704504433115,1.0,False
MEIOSIN,0.14260307,0.64974844,0.8866036732327234,1.0,False
ENSG00000261285,0.14258029,0.75019974,0.8866216689935346,1.0,False
TRIM38,0.1424909,1.7509571,0.8866922683119584,1.0,False
FOLR3,0.14248039,1.9530385,0.8867005741732543,1.0,False
LBP,0.14247513,0.9826062,0.8867047271085692,1.0,False
BAGE2,0.1424611,0.53689265,0.8867158016179519,1.0,False
RBMY2JP,0.14242604,2.1503594,0.8867434879881854,1.0,False
LACTBL1,0.14241904,2.617485,0.8867490252788202,1.0,False
Metazoa_SRP-127,0.14239275,2.393662,0.8867697901679391,1.0,False
LINC00379,0.142391,2.4867177,0.8867711744966443,1.0,False
ENSG00000236817,0.14238398,0.4650991,0.8867767118149203,1.0,False
LNCNEF,0.14237347,0.77292234,0.886785017802698,1.0,False
ENSG00000273244,0.14228232,0.30349293,0.8868570035509308,1.0,False
ENSG00000283010,0.14214562,0.20881079,0.8869649839233741,1.0,False
MAGEA3-DT,0.13310005,0.5730327,0.89411425244784,1.0,False
SMIM31,0.13276267,0.83867794,0.8943810830028176,1.0,False
SLFN12L,0.13232186,0.77183867,0.8947297133943789,1.0,False
DNM1P47,0.13172595,0.7748453,0.8952010551855089,1.0,False
NEK8,0.13170843,0.7232788,0.8952149187402967,1.0,False
GTF2IP6,0.13168915,0.7726228,0.8952301686875267,1.0,False
ENSG00000267273,0.13168389,0.66081506,0.8952343277707638,1.0,False
DCD,0.13161203,0.856102,0.8952911688635714,1.0,False
LINC01081,0.13158487,0.75973946,0.8953126577094368,1.0,False
GLYATL3,0.13152616,1.3582649,0.8953591016064509,1.0,False
ENSG00000257997,0.13149373,1.8573289,0.8953847498824177,1.0,False
SLAMF6,0.13147093,1.0697913,0.895402773060682,1.0,False
SDR42E1,0.13146217,6.4597363,0.8954097050666984,1.0,False
ENSG00000278920,0.13145517,0.7980454,0.8954152506772615,1.0,False
OFD1P4Y,0.13142362,1.0366306,0.8954402059880379,1.0,False
ENSG00000279587,0.13142362,1.3401208,0.8954402059880379,1.0,False
C1QB,0.1314061,0.8490486,0.8954540700942908,1.0,False
ENSG00000287352,0.12192148,0.41308773,0.9029612045472992,1.0,False
HMGB1P1,0.12172168,0.35579467,0.9031194474567282,1.0,False
PGLYRP2,0.12094524,0.9621601,0.9037344103297491,1.0,False
LHX6,0.1208874,0.4375752,0.9037802225209277,1.0,False
TMC8,0.12083657,0.38636494,0.9038204819836715,1.0,False
SLC7A3,0.1207542,0.6892798,0.9038857306035314,1.0,False
LYRM7,0.12072089,0.4491363,0.903912107889426,1.0,False
ENSG00000259882,0.1206578,0.4588146,0.9039620861955834,1.0,False
PENK-AS1,0.12064903,0.74402595,0.9039690276570913,1.0,False
ENSG00000262231,0.12063852,1.0184437,0.9039773574205885,1.0,False
ENSG00000231143,0.12063326,1.287005,0.9039815223062999,1.0,False
ENSG00000235419,0.1205912,0.47296935,0.9040148414870856,1.0,False
TOP2A,0.120543875,0.85224974,0.9040523257674916,1.0,False
ADIPOQ,0.120542124,2.5841181,0.9040537140782803,1.0,False
LINC03017,0.12052109,0.80421716,0.9040703738306207,1.0,False
SMIM18,0.12051934,5.2995496,0.9040717621452221,1.0,False
XPNPEP2,0.12051758,1.8832945,0.9040731504601166,1.0,False
ENSG00000285592,0.12050882,1.8959335,0.9040800920389883,1.0,False
ENSG00000288796,0.12050532,1.2623059,0.9040828686725896,1.0,False
ADAD1,0.12049305,0.6937418,0.9040925868994304,1.0,False
LINC02640,0.120486036,0.9592286,0.9040981401783611,1.0,False
POLR1G,0.120473765,1.063263,0.9041078584277772,1.0,False
ENSG00000288811,0.120465,1.2733588,0.9041148000432973,1.0,False
SLC2A4,0.1204615,0.88566667,0.9041175766915572,1.0,False
SLC6A2,0.12045974,0.84124583,0.904118965016127,1.0,False
HOTTIP,0.12040366,0.56850296,0.904163391557097,1.0,False
GOLGB1,0.12031077,0.035947535,0.9042369736754463,1.0,False
ENSG00000231741,0.11897172,0.0425556,0.9052977579095122,1.0,False
LINC00348,0.110620216,0.3121039,0.9119175149420723,1.0,False
ENSG00000267342,0.1101172,0.5964279,0.9123164284554317,1.0,False
APBB1IP,0.11001992,0.2815171,0.9123935728200447,1.0,False
CDC20B,0.10982888,1.1216894,0.912545083974468,1.0,False
PGM5P4,0.10968078,0.37513718,0.9126625420571963,1.0,False
MARCKSL1P2,0.10966238,2.1696248,0.912677137573583,1.0,False
APOC1P1,0.10960279,0.90292567,0.9127243994477827,1.0,False
ENSG00000286582,0.10960016,1.7283697,0.9127264845375789,1.0,False
KIF19,0.10958263,0.898624,0.9127403851515726,1.0,False
GPR174,0.10958088,2.1367059,0.9127417752144404,1.0,False
ENSG00000284500,0.10956248,3.223223,0.9127563708906706,1.0,False
LINC02380,0.10956248,0.7868076,0.9127563708906706,1.0,False
ENSG00000287057,0.10955985,1.8155017,0.9127584559896775,1.0,False
CA7,0.10955985,1.2854738,0.9127584559896775,1.0,False
ENSG00000261578,0.10955196,0.92873144,0.9127647112903013,1.0,False
LINC01224,0.10954846,1.1102169,0.9127674914256468,1.0,False
ENSG00000279428,0.10953531,0.796622,0.9127779169427004,1.0,False
ENSG00000249072,0.109534435,2.8080292,0.9127786119777044,1.0,False
NGRNP1,0.10952041,1.2435356,0.9127897325468413,1.0,False
APOBEC3F,0.109516904,0.91324353,0.9127925126917938,1.0,False
LINC02964,0.10118205,0.477178,0.9194059450033922,1.0,False
ATP8B3,0.09916472,0.60636365,0.9210074866007584,1.0,False
ENSG00000263489,0.09904904,0.8359273,0.9210993310805811,1.0,False
KIAA1210,0.09888254,0.6621483,0.9212315333153867,1.0,False
ARSH,0.09879315,1.0354921,0.9213025059395824,1.0,False
CDA,0.098770365,1.2911003,0.9213205971009151,1.0,False
ENSG00000253471,0.09874408,1.0508153,0.9213414715684275,1.0,False
MIR4432HG,0.09873531,0.50673157,0.9213484297363079,1.0,False
ENSG00000236961,0.09872655,0.97259593,0.921355387910209,1.0,False
ENSG00000233689,0.098716035,1.9913881,0.9213637377268367,1.0,False
LINC02532,0.098703764,0.82092613,0.9213734791905244,1.0,False
LYZ,0.098698504,0.917585,0.9213776541071446,1.0,False
TBXA2R,0.09865995,1.0035919,0.9214082702285548,1.0,False
NOS2P3,0.09865294,1.4923129,0.9214138368085986,1.0,False
HTRA3,0.098644175,1.8900671,0.9214207950390674,1.0,False
ENSG00000198358,0.098638915,0.9845943,0.9214249699802359,1.0,False
HIGD2B,0.09863716,0.8750053,0.9214263616277732,1.0,False
ASPRV1,0.09862314,1.4661884,0.921437494816733,1.0,False
FCAR,0.09861788,0.4959755,0.9214416697665622,1.0,False
ENSG00000270659,0.09860912,2.4573853,0.9214486280210882,1.0,False
ENSG00000279936,0.09860737,0.4315556,0.9214500196727149,1.0,False
MTND4P35,0.09860386,1.5660248,0.92145280297669,1.0,False
Y_RNA-40,0.09859861,0.9112896,0.9214569779344565,1.0,False
ENSG00000278905,0.09859685,1.4470663,0.9214583695875262,1.0,False
ENSG00000264451,0.09859685,2.1237683,0.9214583695875262,1.0,False
LINC02735,0.09858809,1.578604,0.9214653278564825,1.0,False
ENSG00000277693,0.098586336,3.1334648,0.9214667195109951,1.0,False
ENSG00000241255,0.098584585,1.4367448,0.9214681111657482,1.0,False
MMP8,0.09857582,1.3936192,0.9214750694431207,1.0,False
ENSG00000286358,0.09856004,0.7970299,0.9214875943575385,1.0,False
CASP4LP,0.098509215,0.39591593,0.9215279525475519,1.0,False
NKX6-2,0.09850396,0.4423787,0.9215321275442608,1.0,False
PON2,0.088394515,0.5128115,0.9295631179138314,1.0,False
EGFLAM,0.08831915,0.32718614,0.9296230163085637,1.0,False
ENSG00000258114,0.08785645,0.59873486,0.9299907733179322,1.0,False
SLC9B1P3,0.087833665,0.94108254,0.9300088829514651,1.0,False
ENSG00000253690,0.08780649,0.6713453,0.9300304752541976,1.0,False
LGALS4,0.08780211,0.88578767,0.9300339578884946,1.0,False
PON3,0.08778809,0.98273224,0.9300451023272487,1.0,False
MGC32805,0.087755665,0.61755127,0.9300708738944042,1.0,False
BCAN-AS1,0.0877434,1.2120984,0.9300806253173173,1.0,False
ENSG00000235726,0.08773201,0.41435015,0.9300896802194216,1.0,False
ENSG00000228655,0.08771799,1.355715,0.9301008247267433,1.0,False
NTF3,0.08768994,1.6051363,0.9301231137825051,1.0,False
LINC01549,0.08768205,0.9537766,0.9301293825893144,1.0,False
MTUS1-DT,0.08767241,0.21373543,0.9301370444701909,1.0,False
PTH,0.08766453,1.2446057,0.9301433132866335,1.0,False
BSPH1,0.08765927,0.5363117,0.9301474925000032,1.0,False
ENSG00000273712,0.08765752,1.4498266,0.9301488855715544,1.0,False
ENSG00000225884,0.08765314,0.6614195,0.930152368251369,1.0,False
TNS4,0.08764525,1.7548072,0.9301586370784061,1.0,False
ENSG00000279528,0.0876435,2.1948183,0.9301600301516694,1.0,False
TREM1,0.08764262,2.039902,0.9301607266883813,1.0,False
FTH1P5,0.087641746,1.4131056,0.9301614232251468,1.0,False
LINC02397,0.08764087,0.829402,0.9301621197619657,1.0,False
POTEG,0.087636486,3.3638535,0.9301656024468629,1.0,False
C2CD4A,0.08763561,0.7569893,0.9301662989840027,1.0,False
ENSG00000279043,0.087632984,1.2823546,0.9301683885957434,1.0,False
KLHL33,0.087627724,1.2328762,0.9301725678206689,1.0,False
LINC01076,0.087627724,1.4562768,0.9301725678206689,1.0,False
EXOC1L,0.087624215,1.0926192,0.930175353971689,1.0,False
ENSG00000286541,0.087624215,0.96402055,0.930175353971689,1.0,False
ENSG00000267567,0.08762334,0.70920247,0.9301760505095779,1.0,False
ENSG00000248783,0.08762334,1.6471146,0.9301760505095779,1.0,False
OR5M2P,0.0876137,0.93772745,0.9301837124298841,1.0,False
ENSG00000287582,0.08760406,0.51527756,0.9301913743566614,1.0,False
ENSG00000267462,0.08760318,0.340969,0.9301920708957802,1.0,False
SERPINB7,0.087579526,0.29507738,0.9302108774721987,1.0,False
LINC02492,0.087484,0.26864794,0.9302868007138706,1.0,False
NOL8,0.08200952,0.16474482,0.9346391465698353,1.0,False
SPATA16,0.07884593,0.27253333,0.9371551681687718,1.0,False
GSEC,0.07839725,0.37374732,0.9375120625240075,1.0,False
SRPX2,0.07687943,0.22867954,0.9387194618555372,1.0,False
SLC22A16,0.07686015,0.7496275,0.9387347992487248,1.0,False
TMEM255A,0.07686015,0.7988399,0.9387347992487248,1.0,False
TRIM50,0.0768251,0.73381203,0.9387626854763798,1.0,False
ENSG00000286036,0.07681458,0.84129894,0.9387710513593218,1.0,False
CAPN3,0.07675324,0.47812912,0.9388198524778086,1.0,False
ENSG00000279648,0.07673571,0.6746394,0.9388337956967302,1.0,False
ZNF280A,0.07673045,1.8350686,0.9388379786660637,1.0,False
LINC02643,0.07673045,0.5384521,0.9388379786660637,1.0,False
MIR4290HG,0.07672344,1.0393463,0.9388435559611334,1.0,False
NAP1L1P1,0.07672344,0.5305542,0.9388435559611334,1.0,False
OR7E25P,0.07671994,1.2813083,0.9388463446097932,1.0,False
ANKRD11P1,0.07671117,0.7730455,0.9388533162347239,1.0,False
ZCRB1P1,0.07670241,3.0003526,0.9388602878643413,1.0,False
IL21,0.07669365,2.0428216,0.9388672594986447,1.0,False
MMP9,0.07669365,1.2744641,0.9388672594986447,1.0,False
ENSG00000240040,0.07669365,0.9731979,0.9388672594986447,1.0,False
EEF1A1P38,0.07669014,2.842375,0.9388700481536781,1.0,False
EEF1A1P22,0.07668839,3.2162263,0.9388714424814759,1.0,False
TSGA13,0.07668839,0.613102,0.9388714424814759,1.0,False
FOXB1,0.076684885,0.5242245,0.9388742311376338,1.0,False
ENSG00000287754,0.07668313,1.5428365,0.9388756254659938,1.0,False
ENSG00000286107,0.076677874,0.44559145,0.9388798084521983,1.0,False
OR2A3P,0.076677874,1.9112067,0.9388798084521983,1.0,False
ENSG00000228587,0.07667612,1.8292717,0.9388812027813079,1.0,False
ENSG00000249642,0.07667612,0.8390793,0.9388812027813079,1.0,False
ENSG00000279622,0.07667612,1.89697,0.9388812027813079,1.0,False
C15orf48,0.076674365,1.9078696,0.938882597110605,1.0,False
ENSG00000285695,0.07667261,0.3747558,0.9388839914400893,1.0,False
ARHGAP36,0.07667086,1.2731674,0.938885385769761,1.0,False
VSX2,0.07666911,0.92874175,0.9388867800996201,1.0,False
ENSG00000282849,0.07666911,0.78099,0.9388867800996201,1.0,False
ENSG00000236710,0.07666034,0.4802564,0.9388937517517261,1.0,False
GSTA11P,0.076627046,0.3954508,0.9389202440724385,1.0,False
WBP1,0.0660286,0.2688528,0.9473550512077333,1.0,False
SSX2B,0.06589891,0.34397307,0.9474583104291422,1.0,False
IL31RA,0.0658954,0.3432853,0.9474611012311666,1.0,False
ENSG00000286848,0.06587262,1.241617,0.9474792414600365,1.0,False
ENSG00000287459,0.06586473,1.3080463,0.9474855207763739,1.0,False
ENSG00000287425,0.06584194,1.1660604,0.9475036610418928,1.0,False
LINC00251,0.06582091,0.926177,0.9475204059265264,1.0,False
GSTA10P,0.065798126,0.91954136,0.9475385462443715,1.0,False
ENSG00000285981,0.06577622,1.0524778,0.9475559888833314,1.0,False
ENSG00000285930,0.06577096,1.4625486,0.9475601751204222,1.0,False
TBX21,0.0657657,1.9895278,0.9475643613589608,1.0,False
IRS4-AS1,0.06576308,1.8238918,0.947566454478773,1.0,False
LINC00474,0.06574906,1.5136805,0.9475776177905493,1.0,False
CEACAM7,0.06574906,1.950532,0.9475776177905493,1.0,False
EVA1CP6,0.0657473,2.8925953,0.947579013205245,1.0,False
ENSG00000287420,0.06574555,1.221082,0.9475804086201014,1.0,False
UGT1A8,0.06573854,1.7555827,0.9475859902811353,1.0,False
PHF2P2,0.065736786,0.45483327,0.9475873856967958,1.0,False
ENSG00000283602,0.065735035,1.4286023,0.9475887811126169,1.0,False
P4HA3-AS1,0.065732405,1.1676981,0.9475908742366502,1.0,False
ENSG00000204117,0.065731525,1.896642,0.9475915719447416,1.0,False
ENSG00000266923,0.065731525,1.6701882,0.9475915719447416,1.0,False
FAM240A,0.065728895,1.0241739,0.9475936650692571,1.0,False
CSN1S2AP,0.065728895,2.201879,0.9475936650692571,1.0,False
ENSG00000244358,0.065727144,1.7559977,0.9475950604858018,1.0,False
TLR9,0.065726265,1.894221,0.9475957581941343,1.0,False
DYNC1LI2-DT,0.06572276,0.8220768,0.9475985490278667,1.0,False
ENSG00000280176,0.06571838,1.301525,0.9476020375709361,1.0,False
LINC02529,0.06571838,2.1236699,0.9476020375709361,1.0,False
TMEM119,0.0657175,0.63924307,0.9476027352796705,1.0,False
IER3IP1,0.06571663,1.6738958,0.9476034329884451,1.0,False
LINC01087,0.06571663,0.6075563,0.9476034329884451,1.0,False
HK2-DT,0.06571575,1.2561579,0.9476041306972599,1.0,False
MYL10,0.06571487,0.7797389,0.9476048284061149,1.0,False
ENSG00000282535,0.065714,0.8828271,0.94760552611501,1.0,False
LINC02960,0.065714,0.25549,0.94760552611501,1.0,False
ACSM5,0.06570699,0.37240016,0.9476111077876178,1.0,False
ENSG00000288761,0.06570611,0.7515479,0.9476118054968745,1.0,False
ENSG00000287845,0.06570261,0.6762344,0.9476145963343033,1.0,False
ENSG00000286290,0.06568684,0.20775227,0.9476271551106864,1.0,False
ENSG00000286743,0.06567632,0.12198682,0.9476355276355047,1.0,False
HNF4G,0.05582452,0.2754237,0.9554816018261865,1.0,False
LINC01492,0.055759672,0.31717652,0.9555332634174051,1.0,False
RPGR,0.055689562,0.21297877,0.955589113996424,1.0,False
MROH3P,0.055686057,0.32194963,0.9555919065311012,1.0,False
ENSG00000270442,0.055489756,0.30205348,0.9557482893420014,1.0,False
SSX6P,0.055049837,0.9943437,0.9560987605688103,1.0,False
ENSG00000235274,0.054969214,0.59699184,0.9561629912776859,1.0,False
LINC03062,0.054906115,0.9012133,0.9562132589875617,1.0,False
ENSG00000227743,0.054834258,1.0528243,0.9562705085359048,1.0,False
CARD6,0.054820236,1.1731999,0.9562816792057958,1.0,False
ENSG00000283431,0.054806214,1.4391935,0.9562928498842732,1.0,False
ENSG00000266995,0.054800957,0.5972116,0.9562970388909154,1.0,False
AADACL3,0.054799203,1.0782559,0.9562984352267311,1.0,False
LINC02138,0.054797452,1.1806899,0.9562998315626808,1.0,False
MIR3663HG,0.054795697,1.0177532,0.9563012278987647,1.0,False
ENSG00000236536,0.05479219,1.88807,0.9563040205713348,1.0,False
ZNF886P,0.05479219,0.79909235,0.9563040205713348,1.0,False
LINC02560,0.05479044,1.2024858,0.956305416907821,1.0,False
TMEM176B,0.05479044,0.9075847,0.956305416907821,1.0,False
ENSG00000253561,0.05479044,0.4775246,0.956305416907821,1.0,False
NPR1,0.054788686,3.0414343,0.9563068132444412,1.0,False
DES,0.054786935,1.7574036,0.9563082095811956,1.0,False
MKI67,0.05478518,2.5899248,0.956309605918084,1.0,False
LINC01795,0.05478518,0.8244679,0.956309605918084,1.0,False
APOBEC1,0.05477817,0.9997421,0.9563151912669785,1.0,False
LINC01243,0.05477817,1.8299996,0.9563151912669785,1.0,False
ELK2BP,0.05477817,0.29394,0.9563151912669785,1.0,False
CCR4,0.05477817,0.69632363,0.9563151912669785,1.0,False
ENSG00000226764,0.05477642,1.4985335,0.9563165876045372,1.0,False
KDR,0.054774664,0.93887955,0.9563179839422301,1.0,False
ENSG00000287024,0.054774664,1.8696562,0.9563179839422301,1.0,False
ENSG00000276693,0.054772913,0.89759547,0.9563193802800569,1.0,False
ENSG00000270691,0.054772913,1.2909628,0.9563193802800569,1.0,False
Y_RNA-711,0.05477116,0.15016185,0.956320776618018,1.0,False
ENSG00000253480,0.054769408,1.1681833,0.9563221729561129,1.0,False
ENSG00000254187,0.054769408,1.1208904,0.9563221729561129,1.0,False
ATMIN,0.054769408,0.597081,0.9563221729561129,1.0,False
ENSG00000228303,0.054769408,0.59665906,0.9563221729561129,1.0,False
LINC01366,0.054767653,1.4076468,0.9563235692943419,1.0,False
DMBX1,0.054767653,0.5400808,0.9563235692943419,1.0,False
DSG1-AS1,0.054765902,0.19534546,0.956324965632705,1.0,False
ASF1A,0.054760646,0.5268704,0.9563291546485982,1.0,False
CRX,0.05475889,0.25636733,0.9563305509874974,1.0,False
LINC01740,0.05475714,0.4259043,0.9563319473265305,1.0,False
CPN2,0.054753635,0.72108746,0.9563347400049989,1.0,False
ENSG00000286395,0.054741364,0.13504507,0.9563445143838588,1.0,False
DAOA-AS1,0.05473786,0.014899486,0.9563473070647389,1.0,False
ENSG00000250945,0.05472559,0.1864243,0.9563570814520387,1.0,False
NPIPB9,0.054690536,-0.13699275,0.9563850083090519,1.0,False
OR5AS1,0.054666,0.12997745,0.9564045571408186,1.0,False
BBS7-DT,0.054664247,0.00224039,0.9564059534869483,1.0,False
DNMT1,0.0509661,0.16724417,0.959352535071071,1.0,False
ENSG00000260850,0.045090247,0.6852574,0.9640353743224066,1.0,False
NSMF,0.044777397,0.30446962,0.9642847429237092,1.0,False
FGFR3,0.044490833,0.74694616,0.9645131592463213,1.0,False
SLC16A12,0.044389177,0.24746898,0.9645941883673143,1.0,False
ARX,0.044162206,0.83680165,0.9647751081540742,1.0,False
CRHBP,0.0440921,0.4320863,0.9648309910807061,1.0,False
MAPK8IP1P2,0.04408246,0.7800253,0.9648386749966332,1.0,False
ENSG00000240687,0.044069313,0.9188642,0.9648491530690686,1.0,False
ENSG00000230736,0.044006217,1.1364862,0.9648994479012196,1.0,False
PTGDR2,0.04400534,0.8807226,0.9649001464415388,1.0,False
LINC02323,0.043908942,1.0640655,0.964976986040985,1.0,False
C4orf17,0.043898426,0.85873026,0.9649853685624312,1.0,False
CD34,0.04389317,0.51377845,0.9649895598246055,1.0,False
C1orf127,0.043884408,0.31544155,0.9649965452637123,1.0,False
ENSG00000260640,0.043877397,0.77508396,0.9650021336169319,1.0,False
VTRNA1-1,0.043874767,0.6705825,0.9650042292498324,1.0,False
RUFY4,0.04387389,0.70607865,0.9650049277941863,1.0,False
SYS1,0.043873016,1.5145366,0.9650056263385671,1.0,False
ENSG00000254261,0.04387126,0.6679677,0.9650070234274092,1.0,False
DNASE1L3,0.043860745,0.46167845,0.9650154059627175,1.0,False
MYD88,0.04385724,1.0113242,0.9650182001420129,1.0,False
ENSG00000287984,0.04385724,0.98069817,0.9650182001420129,1.0,False
ENSG00000285959,0.043853734,0.6320942,0.9650209943217378,1.0,False
CCL15-CCL14,0.04385286,1.0705074,0.9650216928667362,1.0,False
KLKP1,0.043851104,1.6525356,0.9650230899568134,1.0,False
ENSG00000253583,0.043845847,1.0516144,0.9650272812276893,1.0,False
DDC,0.043845847,0.9258931,0.9650272812276893,1.0,False
ENSG00000253177,0.04384497,0.99265814,0.9650279797729293,1.0,False
SCOC-AS1,0.04384497,1.0130273,0.9650279797729293,1.0,False
F9,0.04383796,2.5097916,0.965033568135815,1.0,False
GPR33,0.043836206,1.5089313,0.9650349652268048,1.0,False
ENSG00000248762,0.04383533,0.70230895,0.9650356637723398,1.0,False
FCN1,0.043831825,1.3449817,0.9650384579547489,1.0,False
BORCS7,0.04383095,0.37820184,0.9650391565004182,1.0,False
NCR2,0.04383095,0.708996,0.9650391565004182,1.0,False
ENSG00000288023,0.043830074,0.764338,0.9650398550461142,1.0,False
NMUR1,0.043830074,1.497777,0.9650398550461142,1.0,False
ENSG00000286821,0.043829195,1.230511,0.9650405535918373,1.0,False
UMLILO,0.043829195,1.4326229,0.9650405535918373,1.0,False
BTBD17,0.043825693,1.6205521,0.9650433477749975,1.0,False
FGF19,0.043825693,0.7313473,0.9650433477749975,1.0,False
OR4C4P,0.043825693,1.600039,0.9650433477749975,1.0,False
LUZP4,0.04382394,0.4041232,0.9650447448667385,1.0,False
NBPF7P,0.043823063,1.8692746,0.9650454434126493,1.0,False
DUXA,0.043822188,0.74875575,0.965046141958587,1.0,False
BEST2,0.043822188,0.26172912,0.965046141958587,1.0,False
TMEM273,0.04382131,1.0009576,0.9650468405045514,1.0,False
ZC3H11B,0.04382131,2.3656573,0.9650468405045514,1.0,False
ENSG00000255057,0.04382131,0.7617322,0.9650468405045514,1.0,False
ENSG00000250126,0.043820433,0.5470079,0.9650475390505426,1.0,False
USP41P,0.043820433,0.30848834,0.9650475390505426,1.0,False
ENSG00000251459,0.043819558,1.2085284,0.9650482375965607,1.0,False
RN7SL3,0.043819558,1.86631,0.9650482375965607,1.0,False
KRT18,0.043818682,1.3772838,0.9650489361426056,1.0,False
RN7SL596P,0.043817803,0.9464822,0.9650496346886773,1.0,False
CASC22,0.043816928,0.7497673,0.9650503332347758,1.0,False
GLYATL1B,0.043816052,1.4826277,0.9650510317809012,1.0,False
ENSG00000173357,0.043815177,0.8340062,0.9650517303270535,1.0,False
MED15P7,0.043815177,0.6402233,0.9650517303270535,1.0,False
NBR2,0.043815177,0.35835415,0.9650517303270535,1.0,False
PRR27,0.043815177,0.3994857,0.9650517303270535,1.0,False
LINC00572,0.04381167,0.7388064,0.9650545245119304,1.0,False
DPRX,0.04381167,0.3916546,0.9650545245119304,1.0,False
POTEH,0.04380641,0.17256053,0.9650587157900505,1.0,False
ENSG00000267564,0.043805536,0.6037637,0.9650594143364978,1.0,False
ASB9,0.043803785,0.3454113,0.9650608114294726,1.0,False
SMIM23,0.043803785,0.31385547,0.9650608114294726,1.0,False
ADGRF1,0.043796774,0.23534043,0.9650663998024447,1.0,False
ENSG00000267026,0.04379327,0.4436736,0.9650691939895742,1.0,False
MOGAT3,0.04377574,0.065899864,0.9650831649316551,1.0,False
ENSG00000276473,0.04377574,0.080299646,0.9650831649316551,1.0,False
ENSG00000279321,0.043767855,-0.13276058,0.965089451859089,1.0,False
NEMF,0.043065906,0.05233534,0.9656489970466599,1.0,False
NASP,0.04025724,0.09039393,0.9678880428483739,1.0,False
ENSG00000227527,0.033739034,0.34367925,0.9730852514359382,1.0,False
LINC01499,0.03368996,0.22875582,0.9731243853411343,1.0,False
RGL2,0.03329561,0.62527007,0.9734388565630944,1.0,False
LPAR3,0.033255298,0.5552911,0.9734710027436677,1.0,False
LINC01694,0.03309405,0.30526927,0.9735995878963825,1.0,False
ZNF728,0.033044975,0.38821104,0.9736387226444283,1.0,False
ZNF723,0.033025697,0.3235774,0.9736540970271008,1.0,False
GTF2IRD2P1,0.0329959,0.71134335,0.9736778574559382,1.0,False
ENSG00000236299,0.032960847,0.78494847,0.9737058109315344,1.0,False
EPDR1,0.032941565,1.1504877,0.9737211853568812,1.0,False
Metazoa_SRP-143,0.03293631,0.73704857,0.9737253783836707,1.0,False
MMEL1,0.032927547,0.3836132,0.9737323667632667,1.0,False
ENSG00000259395,0.032925792,0.26894024,0.9737337644394279,1.0,False
RN7SL322P,0.032915276,0.27215415,0.9737421504980889,1.0,False
OR13J1,0.03291002,0.8823155,0.9737463435285079,1.0,False
TFAP2C,0.03291002,0.79822016,0.9737463435285079,1.0,False
ZNF217-AS1,0.032899503,0.17387113,0.9737547295915225,1.0,False
CALHM3,0.032897748,0.5255637,0.9737561272689738,1.0,False
NTMT2,0.032895997,0.67946553,0.9737575249465056,1.0,False
HLA-E,0.032894243,0.34705803,0.973758922624118,1.0,False
FGR,0.032894243,0.6592033,0.973758922624118,1.0,False
ENSG00000284686,0.03289249,0.7324973,0.9737603203018109,1.0,False
ENSG00000287742,0.03288548,1.5929259,0.9737659110133885,1.0,False
FUT3,0.03288548,1.5088902,0.9737659110133885,1.0,False
PRICKLE3,0.03288373,1.6421841,0.9737673086914843,1.0,False
TCF23,0.032881975,1.2250568,0.9737687063696607,1.0,False
LINC01075,0.032881975,0.33989003,0.9737687063696607,1.0,False
ENSG00000234175,0.032880224,0.59286904,0.9737701040479176,1.0,False
ENSG00000262560,0.03287847,1.3356341,0.973771501726255,1.0,False
ENSG00000254263,0.03287672,1.5771017,0.973772899404673,1.0,False
LINC02252,0.03287672,0.785741,0.973772899404673,1.0,False
SPATA31J1,0.03287672,2.0657296,0.973772899404673,1.0,False
GACAT3,0.032874964,1.5971094,0.9737742970831716,1.0,False
ATF6-DT,0.032874964,1.6525972,0.9737742970831716,1.0,False
LAIR2,0.032873213,0.7989063,0.9737756947617506,1.0,False
ENSG00000235099,0.032873213,0.93048626,0.9737756947617506,1.0,False
ENSG00000227360,0.032873213,1.2775656,0.9737756947617506,1.0,False
CLRN2,0.032873213,1.5227847,0.9737756947617506,1.0,False
SLPI,0.032873213,0.83412325,0.9737756947617506,1.0,False
ENSG00000287307,0.03287146,0.2637199,0.9737770924404102,1.0,False
SNX30-DT,0.032867953,1.0494632,0.973779887797971,1.0,False
ENSG00000285947,0.032867953,1.0848072,0.973779887797971,1.0,False
ENSG00000289492,0.032867953,0.7382171,0.973779887797971,1.0,False
ENSG00000258314,0.032867953,0.2771151,0.973779887797971,1.0,False
ZNF597,0.032867953,1.2646204,0.973779887797971,1.0,False
SP9,0.032867953,0.8466839,0.973779887797971,1.0,False
SLC2A7,0.032866202,0.9195767,0.9737812854768721,1.0,False
DEXI,0.032864448,0.44978917,0.9737826831558538,1.0,False
ARHGAP40,0.032864448,0.13604827,0.9737826831558538,1.0,False
LINC01173,0.032862697,0.6743956,0.9737840808349161,1.0,False
ONECUT3,0.032862697,0.25992846,0.9737840808349161,1.0,False
ENSG00000247416,0.032862697,0.6095636,0.9737840808349161,1.0,False
CD300E,0.032860942,0.3183942,0.9737854785140587,1.0,False
HSP90AA6P,0.03285919,0.41352066,0.9737868761932819,1.0,False
ENSG00000289427,0.03285919,0.574791,0.9737868761932819,1.0,False
NPHS2,0.03285919,0.42137086,0.9737868761932819,1.0,False
LINC00967,0.03285919,0.97075063,0.9737868761932819,1.0,False
LPAR5,0.032857437,0.13678032,0.9737882738725856,1.0,False
LINC02089,0.032857437,0.15588295,0.9737882738725856,1.0,False
ENSG00000279134,0.032855686,0.46497312,0.9737896715519697,1.0,False
ASB4,0.03285393,0.3824135,0.9737910692314343,1.0,False
SPRYD7P1,0.03285393,0.54662514,0.9737910692314343,1.0,False
ENSG00000264695,0.03285393,0.347651,0.9737910692314343,1.0,False
CIBAR2,0.03285393,-0.04444892,0.9737910692314343,1.0,False
ENSG00000223742,0.03285393,0.66743404,0.9737910692314343,1.0,False
DNAAF6,0.03285218,0.46245936,0.9737924669109795,1.0,False
NOX4P1,0.032848675,0.1482355,0.9737952622703112,1.0,False
ENSG00000237666,0.032848675,-0.18304469,0.9737952622703112,1.0,False
ENSG00000286291,0.032836407,0.10556339,0.9738050460305067,1.0,False
ENSG00000289320,0.032834653,0.20313005,0.9738064437108563,1.0,False
LINC02501,0.032832902,0.19362745,0.9738078413912865,1.0,False
ENSG00000236989,0.032831147,0.0956107,0.9738092390717971,1.0,False
MATN3,0.03282764,0.014690775,0.9738120344330595,1.0,False
TIGIT,0.032824136,0.14046176,0.9738148297946436,1.0,False
C18orf63,0.032817125,-0.050930254,0.9738204205187766,1.0,False
ADGRE4P,0.032808363,0.02178969,0.9738274089257517,1.0,False
ENSG00000262488,0.03279434,-0.2976823,0.9738385903810909,1.0,False
ECHS1,0.030006709,0.21299846,0.9760617027180327,1.0,False
CRELD1,0.022820733,0.41460758,0.9817932701215782,1.0,False
LINC01192,0.022621803,0.12936321,0.981951951417525,1.0,False
CNR2,0.02247896,0.6131831,0.9820658948153662,1.0,False
ENSG00000260949,0.02221343,0.23284046,0.9822777046787031,1.0,False
NAALADL1,0.022082856,0.82354337,0.9823818624633998,1.0,False
ENSG00000287592,0.022057442,0.5535246,0.9824021348188823,1.0,False
TPRX1,0.022051306,1.0252318,0.9824070281477708,1.0,False
ENSG00000254687,0.02199084,0.37637272,0.9824552624250624,1.0,False
ENSG00000226816,0.021982953,1.1676289,0.9824615538572675,1.0,False
ENSG00000255347,0.021972436,1.1224808,0.9824699424352378,1.0,False
MTHFD2P1,0.021961045,0.18179461,0.9824790300635595,1.0,False
CA5AP1,0.021955786,0.65856165,0.9824832243543211,1.0,False
CLCP2,0.02195491,1.1670212,0.9824839234028284,1.0,False
ENSG00000288013,0.021941764,1.4054646,0.9824944091320522,1.0,False
DHX35-DT,0.021938259,0.3596569,0.9824972053270228,1.0,False
IYD,0.021938259,0.61601573,0.9824972053270228,1.0,False
LINC02824,0.021933002,0.5314091,0.9825013996198817,1.0,False
DPPA4,0.021933002,0.7683715,0.9825013996198817,1.0,False
LGALS2,0.02193125,0.624132,0.9825027977176088,1.0,False
KIR3DX1,0.02193125,0.6837987,0.9825027977176088,1.0,False
ENSG00000223761,0.021930372,1.4322573,0.9825034967664926,1.0,False
CCL24,0.021929497,0.59441066,0.9825041958153897,1.0,False
ENSG00000250613,0.021926867,0.9307989,0.9825062929621619,1.0,False
ENSG00000286816,0.021925114,1.0653491,0.9825076910600771,1.0,False
LINC01826,0.021923361,1.1686885,0.982509089158046,1.0,False
IGSF23,0.021923361,0.16813715,0.982509089158046,1.0,False
POTEF,0.021922486,0.49538824,0.9825097882070506,1.0,False
ENSG00000230709,0.021922486,1.1608632,0.9825097882070506,1.0,False
ENSG00000234917,0.021921609,0.9877414,0.9825104872560686,1.0,False
ENSG00000233842,0.021919856,1.2608467,0.982511885354145,1.0,False
RNU6-1004P,0.021919856,1.3757548,0.982511885354145,1.0,False
ENSG00000289105,0.02191898,0.75020987,0.9825125844032033,1.0,False
EFCAB9,0.02191898,0.17680296,0.9825125844032033,1.0,False
KCNK5,0.021918103,0.7336055,0.9825132834522752,1.0,False
TMEM78,0.021918103,0.20254838,0.9825132834522752,1.0,False
EBLN1,0.021917228,1.4173329,0.9825139825013604,1.0,False
RBFADN,0.021917228,0.11715819,0.9825139825013604,1.0,False
C1QC,0.021912847,0.5673937,0.9825174777469876,1.0,False
ENSG00000244251,0.02191197,0.8406017,0.9825181767961534,1.0,False
LINC00700,0.02191197,0.49704468,0.9825181767961534,1.0,False
ENSG00000288724,0.02191197,0.91315275,0.9825181767961534,1.0,False
FFAR2,0.021911094,0.4369945,0.9825188758453326,1.0,False
POU3F4,0.021911094,0.59495413,0.9825188758453326,1.0,False
GPBAR1,0.021910217,0.65954286,0.9825195748945251,1.0,False
ENSG00000225407,0.021910217,0.54663545,0.9825195748945251,1.0,False
LILRB5,0.021909341,1.0026048,0.9825202739437312,1.0,False
MTCYBP15,0.021908464,0.70179486,0.9825209729929506,1.0,False
PAGE2,0.021908464,0.46049654,0.9825209729929506,1.0,False
FSCB,0.021907588,0.46555042,0.9825216720421834,1.0,False
USP9YP3,0.021907588,0.32913357,0.9825216720421834,1.0,False
LNCEGFL7OS,0.021907588,0.0022157675,0.9825216720421834,1.0,False
ENSG00000228429,0.021906711,0.40370396,0.9825223710914297,1.0,False
TRIM40,0.021904958,0.10775301,0.9825237691899625,1.0,False
ENSG00000264735,0.021904958,0.28446534,0.9825237691899625,1.0,False
TRAT1,0.021904083,0.17835811,0.9825244682392491,1.0,False
FTH1P10,0.0218997,-0.10598909,0.982527963485883,1.0,False
ENSG00000230626,0.021897072,0.39504188,0.9825300606340244,1.0,False
ENSG00000289344,0.021896195,-0.4973122,0.9825307596834316,1.0,False
RNU2-63P,0.02189532,-0.41824538,0.9825314587328523,1.0,False
SALL3,0.021893566,-0.022547329,0.982532856831734,1.0,False
ENSG00000273254,0.02189269,0.5285744,0.9825335558811948,1.0,False
FAM192BP,0.021876916,-0.0547549,0.9825461387737845,1.0,False
RSPH6A,0.021863772,0.16376518,0.9825566245209263,1.0,False
ENSG00000276570,0.021862019,-0.12963839,0.982558022620773,1.0,False
FAM180A,0.02180155,-0.3504594,0.9826062570982582,1.0,False
LINC02526,0.021704277,-0.051430855,0.9826838518258225,1.0,False
ENSG00000285367,0.021630665,-0.09473464,0.9827425722691308,1.0,False
PVALB,0.021459779,0.01070545,0.9828788879438767,1.0,False
TMEM252-DT,0.011238166,0.18039653,0.9910334297873566,1.0,False
CYP4F22,0.01120837,0.34388036,0.9910572016685216,1.0,False
LINC01747,0.011125995,0.6783524,0.9911229239694636,1.0,False
ENSG00000258875,0.011096199,0.102786906,0.9911466958804062,1.0,False
PRCD,0.01107692,0.8158851,0.9911620777093231,1.0,False
MLC1,0.011054135,0.26516476,0.9911802562386414,1.0,False
ENSG00000260112,0.011052382,0.41557315,0.9911816545872402,1.0,False
ZNF705G,0.011034856,0.8869104,0.991195638074718,1.0,False
LINC02130,0.011024339,0.862559,0.9912040281685031,1.0,False
TNFRSF1B,0.011017328,0.29768205,0.9912096215649002,1.0,False
POM121L4P,0.011010318,0.23549382,0.9912152149617294,1.0,False
ENSG00000274156,0.011008565,0.7873269,0.9912166133110042,1.0,False
SPRR2E,0.010994543,0.84463024,0.9912278001061733,1.0,False
KRT12,0.010987533,0.6888095,0.9912333935044046,1.0,False
ENSG00000255511,0.010987533,0.46546754,0.9912333935044046,1.0,False
ENSG00000262495,0.010987533,0.5911961,0.9912333935044046,1.0,False
CYP2A13,0.010984028,0.52784353,0.9912361902036819,1.0,False
OR10G4,0.010984028,1.1677266,0.9912361902036819,1.0,False
ENSG00000276294,0.010982275,0.7994383,0.991237588553361,1.0,False
ENSG00000287449,0.010977017,0.19691923,0.9912417836025595,1.0,False
SAA1,0.010973511,1.6300993,0.9912445803021597,1.0,False
LINC01702,0.010973511,0.7961356,0.9912445803021597,1.0,False
RNU4-58P,0.010968254,0.3865367,0.9912487753517617,1.0,False
ENSG00000236431,0.010968254,0.3015545,0.9912487753517617,1.0,False
LINC02274,0.010968254,0.49647763,0.9912487753517617,1.0,False
ENSG00000254626,0.010964748,0.4429305,0.9912515720516308,1.0,False
FAM222A-AS1,0.010961243,0.6848114,0.9912543687516074,1.0,False
ENSG00000277087,0.01095949,0.1655834,0.9912557671016361,1.0,False
UMOD,0.010957737,0.65755993,0.9912571654516915,1.0,False
ENSG00000225209,0.010957737,0.31670323,0.9912571654516915,1.0,False
HSPA9P1,0.010957737,0.18227597,0.9912571654516915,1.0,False
MIR1268A,0.010955985,0.01693641,0.9912585638017738,1.0,False
SLC38A3,0.010955985,0.64165044,0.9912585638017738,1.0,False
PARP1P1,0.010954232,0.27339,0.991259962151883,1.0,False
ENSG00000281386,0.010954232,0.07351024,0.991259962151883,1.0,False
LINC00703,0.010952479,0.32604688,0.991261360502019,1.0,False
LINC02128,0.010952479,0.5064423,0.991261360502019,1.0,False
SNHG26,0.010950726,0.44893485,0.9912627588521818,1.0,False
GPR176-DT,0.010950726,0.35195386,0.9912627588521818,1.0,False
TNFRSF10D,0.010948974,-0.39609188,0.9912641572023715,1.0,False
INAVA,0.010948974,0.22962654,0.9912641572023715,1.0,False
ENSG00000289229,0.010945469,-0.30684313,0.9912669539028314,1.0,False
RNU6-1228P,0.010945469,-0.9260537,0.9912669539028314,1.0,False
CHMP4C,0.010945469,0.011716083,0.9912669539028314,1.0,False
UBE2U,0.010945469,-0.08466503,0.9912669539028314,1.0,False
CD300A,0.010943716,0.015182589,0.9912683522531016,1.0,False
HDGFL3P1,0.010940211,-0.036523037,0.9912711489537225,1.0,False
ENSG00000259433,0.010936705,0.1276012,0.9912739456544505,1.0,False
TYROBP,0.010934953,-0.6766853,0.9912753440048547,1.0,False
ENSG00000243081,0.010934953,0.38178125,0.9912753440048547,1.0,False
ENSG00000234714,0.0109332,-0.39269617,0.9912767423552858,1.0,False
LINC00544,0.0108998995,-0.027086984,0.9913033110185621,1.0,False
PAQR9,0.010822781,-0.012033433,0.991364838486283,1.0,False
ENSG00000272024,0.010810512,-0.2143863,0.991374626951801,1.0,False
STAG3L5P,0.0020278473,0.2604973,0.9983820129445752,1.0,False
ENSG00000226733,0.0007045762,0.47028998,0.9994378295693644,1.0,False
ENSG00000204971,0.00037857826,0.59368527,0.9996979382582998,1.0,False
LAX1,0.00020243421,0.30253536,0.9998384808714748,1.0,False
SLC9B1P2,0.0001612463,0.27300698,0.9998713440704639,1.0,False
ENSG00000230803,0.0001183057,0.49231452,0.9999056057036841,1.0,False
FAM111A,0.00010866598,0.06982386,0.9999132970907597,1.0,False
ENSG00000232130,9.289189e-05,0.5360291,0.9999258829969004,1.0,False
ENSG00000287392,8.763386e-05,0.17313072,0.9999300782989516,1.0,False
OMA1,7.536512e-05,-0.0013347745,0.9999398673370784,1.0,False
TPTE2P2,7.361244e-05,0.8656352,0.9999412657710972,1.0,False
ENSG00000250646,6.0467362e-05,0.6269842,0.9999517540262443,1.0,False
ALKAL1,5.0827635e-05,0.54322594,0.9999594454133575,1.0,False
LINC02165,4.2940588e-05,0.56747323,0.999965738366453,1.0,False
LINC01206,3.9435236e-05,0.11441063,0.9999685352344961,1.0,False
ENTPD4-DT,3.5929883e-05,0.05666852,0.9999713321025396,1.0,False
ELSPBP1,3.154819e-05,0.1348016,0.9999748281875945,1.0,False
LINC01653,3.067185e-05,0.009244612,0.9999755274046056,1.0,False
PROP1,2.7166496e-05,0.5709876,0.9999783242726499,1.0,False
SOAT2,2.5413818e-05,0.11603651,0.9999797227066722,1.0,False
SIX1,2.2784803e-05,1.1845335,0.9999818203577058,1.0,False
ENSG00000249590,2.1908465e-05,0.32245407,0.999982519574717,1.0,False
SLC1A2-AS2,2.1908465e-05,0.49850214,0.999982519574717,1.0,False
PRSS57,1.9279449e-05,0.50323826,0.9999846172257506,1.0,False
VNN2,1.9279449e-05,0.39572975,0.9999846172257506,1.0,False
NIFKP3,1.9279449e-05,1.0173757,0.9999846172257506,1.0,False
RDH8,1.9279449e-05,0.98892254,0.9999846172257506,1.0,False
WBP11P2,1.9279449e-05,0.3312294,0.9999846172257506,1.0,False
MPIG6B,1.6650432e-05,0.24863014,0.9999867148767844,1.0,False
ENSG00000277304,1.6650432e-05,0.4253131,0.9999867148767844,1.0,False
ENSG00000284702,1.5774094e-05,0.49236026,0.9999874140937957,1.0,False
KRT83,1.4021417e-05,0.49654412,0.9999888125278183,1.0,False
ENSG00000287179,1.3145079e-05,0.9531773,0.9999895117448296,1.0,False
ENSG00000226169,1.3145079e-05,1.1956193,0.9999895117448296,1.0,False
OTUD6A,1.1392402e-05,0.30152276,0.9999909101788522,1.0,False
SYNGR4,1.1392402e-05,0.37544745,0.9999909101788522,1.0,False
ENSG00000286756,1.05160625e-05,0.44020683,0.9999916093958636,1.0,False
RNF6P1,1.05160625e-05,0.2648116,0.9999916093958636,1.0,False
RASL12,1.05160625e-05,-0.1558061,0.9999916093958636,1.0,False
PLA2G4F,1.05160625e-05,0.27688214,0.9999916093958636,1.0,False
IFNA21,7.887047e-06,0.6239358,0.9999937070468976,1.0,False
ENSG00000287471,7.887047e-06,1.6016225,0.9999937070468976,1.0,False
ENSG00000253374,6.13437e-06,0.43404502,0.9999951054809204,1.0,False
MFN1P1,6.13437e-06,0.23832065,0.9999951054809204,1.0,False
TRIM63,3.5053542e-06,-0.1299238,0.9999972031319545,1.0,False
ESPN,2.6290156e-06,-0.1499491,0.9999979023489659,1.0,False
TRIP10,2.6290156e-06,0.31384993,0.9999979023489659,1.0,False
C8orf82,1.7526771e-06,0.21319874,0.9999986015659772,1.0,False
ENSG00000280132,8.7633856e-07,-0.013024149,0.9999993007829886,1.0,False
OR2A12,0.0,-0.029201334,1.0,1.0,False
RN7SL385P,-8.7633856e-07,-0.10021429,0.9999993007829886,1.0,False
CNTNAP4,-8.7633856e-07,-0.65317386,0.9999993007829886,1.0,False
ENSG00000248172,-8.7633856e-07,0.011756145,0.9999993007829886,1.0,False
ENSG00000224260,-1.7526771e-06,-0.0826781,0.9999986015659772,1.0,False
FNDC11,-2.6290156e-06,-0.08743909,0.9999979023489659,1.0,False
RHAG,-2.6290156e-06,-0.018877173,0.9999979023489659,1.0,False
ENSG00000240478,-4.3816926e-06,-0.14218095,0.9999965039149431,1.0,False
SBF1P2,-7.0107085e-06,0.12441271,0.999994406263909,1.0,False
TTLL13,-7.887047e-06,-0.008543557,0.9999937070468976,1.0,False
ENSG00000240521,-1.05160625e-05,-0.20547214,0.9999916093958636,1.0,False
ENSG00000288707,-1.4897756e-05,-1.8064332,0.9999881133108071,1.0,False
H2BP1,-1.4897756e-05,0.17555694,0.9999881133108071,1.0,False
RGS18,-1.4897756e-05,-0.09430025,0.9999881133108071,1.0,False
ENSG00000284618,-2.1908465e-05,0.22631377,0.999982519574717,1.0,False
ENSG00000266283,-2.8919172e-05,-0.15131345,0.9999769258386277,1.0,False
ENSG00000234597,-2.8919172e-05,-0.5447453,0.9999769258386277,1.0,False
LINC02243,-3.4177203e-05,-0.19152406,0.9999727305365615,1.0,False
ENSG00000287190,-7.1859766e-05,-0.04308377,0.9999426642051163,1.0,False
ZNF676,-0.008283152,0.4663257,0.9933910763822489,1.0,False
ADAMTS18,-0.009315479,0.33335942,0.9925674306666352,1.0,False
CCDC187,-0.010332032,0.7181579,0.9917563781050882,1.0,False
LINC02365,-0.010347806,0.37076068,0.9917437928716698,1.0,False
C12orf50,-0.01061246,0.20039223,0.9915326409309132,1.0,False
ENSG00000229395,-0.010673803,0.47267947,0.9914836985122099,1.0,False
LINC01428,-0.010784223,0.37912992,0.9913956022394237,1.0,False
SLC26A9,-0.010791233,0.38127646,0.9913900088288089,1.0,False
TMIGD3,-0.010798244,0.18919887,0.9913844154186172,1.0,False
SMASR,-0.010803502,0.64634347,0.9913802203612514,1.0,False
ENSG00000253217,-0.010805255,0.7852024,0.9913788220088491,1.0,False
SLC18A1,-0.010843813,0.20641492,0.9913480582627054,1.0,False
FAM230I,-0.01085433,0.8879591,0.9913396681523513,1.0,False
MYBPC3,-0.0108718565,0.45392326,0.9913256846372231,1.0,False
LINC00671,-0.010880619,0.2771125,0.991318692880658,1.0,False
PRIMA1,-0.010896394,0.5678164,0.991306107720521,1.0,False
ENSG00000267223,-0.010908662,0.25664276,0.9912963192641321,1.0,False
ENSG00000276509,-0.010913921,0.59390664,0.9912921242117949,1.0,False
COX8BP,-0.010926189,0.3964946,0.9912823357572779,1.0,False
RBM5-AS1,-0.010931447,0.67473936,0.9912781407057436,1.0,False
FCRL6,-0.010931447,1.1980819,0.9912781407057436,1.0,False
FOXE1,-0.010931447,0.630396,0.9912781407057436,1.0,False
SKA1,-0.0109332,-0.03669671,0.9912767423552858,1.0,False
ENSG00000121388,-0.010934953,0.15926291,0.9912753440048547,1.0,False
GSTA2,-0.010936705,0.13210066,0.9912739456544505,1.0,False
ENSG00000286765,-0.010938458,1.2439547,0.9912725473040731,1.0,False
LINC01704,-0.010941964,0.3012574,0.9912697506033986,1.0,False
OR51E2,-0.010943716,0.06588674,0.9912683522531016,1.0,False
ENSG00000226954,-0.010943716,0.6112166,0.9912683522531016,1.0,False
ENSG00000278153,-0.010945469,0.7663539,0.9912669539028314,1.0,False
ENSG00000275329,-0.010945469,0.66522485,0.9912669539028314,1.0,False
ENSG00000278205,-0.010947221,-0.037468277,0.9912655555525881,1.0,False
CBR4-DT,-0.010948974,0.45099044,0.9912641572023715,1.0,False
ENSG00000287166,-0.010948974,-0.04185053,0.9912641572023715,1.0,False
GS1-600G8.3,-0.010950726,0.40400964,0.9912627588521818,1.0,False
HLA-DOA,-0.010952479,-0.14794509,0.991261360502019,1.0,False
ENSG00000287993,-0.010954232,0.4797128,0.991259962151883,1.0,False
OR7A17,-0.010955985,-0.35026217,0.9912585638017738,1.0,False
UGT2B26P,-0.010955985,-0.015788862,0.9912585638017738,1.0,False
ENSG00000280225,-0.010955985,-0.05273186,0.9912585638017738,1.0,False
ENSG00000227912,-0.010955985,0.30860236,0.9912585638017738,1.0,False
WWP1P1,-0.010957737,0.31994456,0.9912571654516915,1.0,False
ENSG00000271519,-0.010961243,-0.3419224,0.9912543687516074,1.0,False
ENSG00000272056,-0.010962996,0.2065961,0.9912529704016058,1.0,False
SERPINA12,-0.010964748,-0.70653224,0.9912515720516308,1.0,False
ENSG00000187472,-0.010964748,-0.6698528,0.9912515720516308,1.0,False
RN7SL403P,-0.010964748,-0.636729,0.9912515720516308,1.0,False
LINC00944,-0.010964748,-0.72305423,0.9912515720516308,1.0,False
ADCY4,-0.010966501,-0.6368877,0.9912501737016829,1.0,False
CNPY4,-0.010968254,-0.8505495,0.9912487753517617,1.0,False
ENSG00000285663,-0.010970006,-0.08946855,0.9912473770018675,1.0,False
ENSG00000286809,-0.010975264,-0.72475183,0.9912431819523462,1.0,False
OR4D9,-0.010975264,-0.5090329,0.9912431819523462,1.0,False
ENSG00000203825,-0.0109787695,-0.4450557,0.9912403852527998,1.0,False
RASSF9,-0.010980522,-0.36751074,0.9912389869030669,1.0,False
PTMAP5,-0.010982275,-0.3969018,0.991237588553361,1.0,False
CDC42EP1,-0.010984028,-0.35382503,0.9912361902036819,1.0,False
TMA16P1,-0.0109857805,-1.1627463,0.9912347918540299,1.0,False
ENSG00000231039,-0.010994543,-0.6126593,0.9912278001061733,1.0,False
ENSG00000285586,-0.010998049,-0.100045614,0.9912250034072192,1.0,False
LINC02436,-0.011036607,-0.36421615,0.9911942397258484,1.0,False
LINC02142,-0.011052382,-0.83321995,0.9911816545872402,1.0,False
HSH2D,-0.020937482,0.1639209,0.9832955276522317,1.0,False
CYP4F3,-0.02120827,0.31330892,0.9830795175630765,1.0,False
ENSG00000255422,-0.021288017,0.31965655,0.9830159031771044,1.0,False
NPFFR1,-0.02143349,0.36486223,0.9828998596306142,1.0,False
ENSG00000287383,-0.021443129,0.12519394,0.9828921700107709,1.0,False
ENSG00000289062,-0.021772632,0.5410466,0.9826293257838918,1.0,False
ENSG00000283579,-0.021773508,0.6672653,0.9826286267325985,1.0,False
RUNX3,-0.021810314,0.17910692,0.9825992665903307,1.0,False
PPP1R35-AS1,-0.02183047,0.4895815,0.982583188427169,1.0,False
SCAT1,-0.021834852,0.21090348,0.9825796931752435,1.0,False
ENSG00000214797,-0.021835728,0.3784151,0.9825789941248986,1.0,False
NCOR1P3,-0.021846244,-0.040377546,0.9825706055218029,1.0,False
LINC00601,-0.021847997,0.045802023,0.9825692074214742,1.0,False
LINC01726,-0.021853255,0.17327438,0.9825650131208096,1.0,False
TM4SF4,-0.021853255,0.5664239,0.9825650131208096,1.0,False
AMY2A,-0.021869028,-0.026854834,0.9825524302217078,1.0,False
GTF2IP8,-0.02187078,0.61639386,0.9825510321220755,1.0,False
TNRC6B-DT,-0.02187078,-0.122665256,0.9825510321220755,1.0,False
NR1I2,-0.021875164,0.06493056,0.9825475368732293,1.0,False
LINC00604,-0.021876916,-0.002185209,0.9825461387737845,1.0,False
OLA1P3,-0.021880422,0.16073509,0.9825433425750558,1.0,False
ENSG00000227459,-0.021884803,0.269872,0.9825398473269467,1.0,False
PPP4R3B-DT,-0.021886555,0.3639191,0.9825384492277969,1.0,False
ENSG00000278965,-0.021886555,0.032314263,0.9825384492277969,1.0,False
AOC4P,-0.02189532,0.5234129,0.9825314587328523,1.0,False
CCL2,-0.021896195,-0.030354464,0.9825307596834316,1.0,False
PRLHR,-0.021897072,-0.014036279,0.9825300606340244,1.0,False
ENSG00000250657,-0.021897947,0.16235214,0.9825293615846304,1.0,False
ENSG00000248949,-0.021897947,0.16534503,0.9825293615846304,1.0,False
ENSG00000276929,-0.0218997,0.30383617,0.982527963485883,1.0,False
OR13I1P,-0.0218997,0.01793563,0.982527963485883,1.0,False
CPLANE2,-0.021900577,-0.04055865,0.9825272644365294,1.0,False
STAG1-DT,-0.021900577,-0.3997585,0.9825272644365294,1.0,False
LINC02999,-0.021900577,-0.077438965,0.9825272644365294,1.0,False
HMGB1P37,-0.021901453,0.1925786,0.9825265653871892,1.0,False
RN7SL556P,-0.021901453,-0.52782357,0.9825265653871892,1.0,False
ENSG00000273098,-0.021903206,-0.2938156,0.982525167288549,1.0,False
ENSG00000271795,-0.021903206,0.019160345,0.982525167288549,1.0,False
ENSG00000248964,-0.021904083,-0.7854789,0.9825244682392491,1.0,False
ENSG00000287746,-0.021904958,-0.3283605,0.9825237691899625,1.0,False
EFS,-0.021904958,-0.49810925,0.9825237691899625,1.0,False
PHC2-AS1,-0.021908464,-0.1540462,0.9825209729929506,1.0,False
ENSG00000286710,-0.021909341,-0.48033231,0.9825202739437312,1.0,False
LINC01961,-0.021910217,-0.6281117,0.9825195748945251,1.0,False
ENSG00000225230,-0.021911094,-0.16082148,0.9825188758453326,1.0,False
BPIFB2,-0.021912847,-1.122315,0.9825174777469876,1.0,False
C1QL4,-0.021912847,-0.5788693,0.9825174777469876,1.0,False
ENSG00000248203,-0.021912847,-0.44480622,0.9825174777469876,1.0,False
BARHL2,-0.021914598,-0.68133557,0.9825160796486965,1.0,False
ENSG00000284607,-0.02191635,-0.1714616,0.982514681550459,1.0,False
ENSG00000229495,-0.02191898,-1.6736529,0.9825125844032033,1.0,False
LINC02443,-0.02191898,-1.0660378,0.9825125844032033,1.0,False
ENSG00000249892,-0.02191898,-1.0155805,0.9825125844032033,1.0,False
ZBP1,-0.021920733,-1.4535524,0.9825111863051001,1.0,False
ENSG00000250604,-0.021920733,-2.153931,0.9825111863051001,1.0,False
ADGRG3,-0.021949653,-1.7576537,0.9824881176941549,1.0,False
ENSG00000265980,-0.022012748,0.050363567,0.9824377862302193,1.0,False
VN1R42P,-0.022018006,-0.87296855,0.9824335919447107,1.0,False
CNBD2,-0.0319478,0.19507277,0.974513680192612,1.0,False
PIRAT1,-0.031991616,0.30637705,0.9744787372035632,1.0,False
FBN3,-0.032326378,0.2965278,0.9742117743887716,1.0,False
PPP4R1-AS1,-0.03249814,0.36739552,0.9740747998232315,1.0,False
LINC02238,-0.032536697,0.16918889,0.9740440505359105,1.0,False
PSMA6P2,-0.03272248,0.43263313,0.9738958954203543,1.0,False
CLEC17A,-0.03272949,0.04171722,0.9738903046788797,1.0,False
TRAPPC3L,-0.03276104,0.07841328,0.9738651463581236,1.0,False
ENSG00000249295,-0.032796096,0.56355387,0.9738371926988924,1.0,False
ACY1,-0.032803103,0.17724794,0.9738316019709012,1.0,False
LINC02772,-0.03282063,0.1436623,0.9738176251565493,1.0,False
ENSG00000237588,-0.03282764,0.24855325,0.9738120344330595,1.0,False
MB,-0.032832902,0.3270469,0.9738078413912865,1.0,False
LINC02719,-0.032834653,0.029946797,0.9738064437108563,1.0,False
ERVV-2,-0.032836407,0.025261201,0.9738050460305067,1.0,False
LINC01527,-0.032839913,-0.18491167,0.9738022506700486,1.0,False
LINC02271,-0.03284342,-0.11379109,0.9737994553099122,1.0,False
ENSG00000288208,-0.03284517,0.14222975,0.9737980576299647,1.0,False
ENSG00000286326,-0.03284517,0.046677385,0.9737980576299647,1.0,False
LRRC25,-0.032846924,-0.1598101,0.9737966599500978,1.0,False
GTF2I-AS1,-0.032846924,-0.016211554,0.9737966599500978,1.0,False
C5orf58,-0.032846924,-0.17507784,0.9737966599500978,1.0,False
ENSG00000285563,-0.032846924,-0.47936702,0.9737966599500978,1.0,False
LINC02126,-0.032848675,-0.20819086,0.9737952622703112,1.0,False
ENSG00000250333,-0.032848675,-0.02521328,0.9737952622703112,1.0,False
FAM209A,-0.032848675,-0.007115943,0.9737952622703112,1.0,False
VNN3P,-0.032850426,0.23645246,0.9737938645906051,1.0,False
ENSG00000269469,-0.032850426,-0.483248,0.9737938645906051,1.0,False
ENSG00000237283,-0.03285393,-0.45289916,0.9737910692314343,1.0,False
B3GNT9,-0.03285393,-0.23157346,0.9737910692314343,1.0,False
ENSG00000227834,-0.032855686,-0.527779,0.9737896715519697,1.0,False
SH2D3A,-0.032857437,-0.4963838,0.9737882738725856,1.0,False
ENSG00000289231,-0.03285919,-0.5839568,0.9737868761932819,1.0,False
ENSG00000279240,-0.03285919,0.009602313,0.9737868761932819,1.0,False
C11orf21,-0.03285919,-0.5211571,0.9737868761932819,1.0,False
FMO10P,-0.03285919,-0.41391644,0.9737868761932819,1.0,False
ENSG00000251168,-0.032860942,-0.9988448,0.9737854785140587,1.0,False
LINC01053,-0.032860942,-0.9108187,0.9737854785140587,1.0,False
LY9,-0.032866202,-0.3465885,0.9737812854768721,1.0,False
ENSG00000276407,-0.032866202,-0.34494254,0.9737812854768721,1.0,False
ENSG00000253879,-0.032867953,-0.511098,0.973779887797971,1.0,False
ENSG00000255357,-0.032867953,-1.5524896,0.973779887797971,1.0,False
TROAP,-0.032869708,-0.54936326,0.9737784901191504,1.0,False
ENSG00000286477,-0.032869708,-0.96499395,0.9737784901191504,1.0,False
ENSG00000289553,-0.032869708,-1.8552305,0.9737784901191504,1.0,False
NUP133-DT,-0.032873213,-0.25955477,0.9737756947617506,1.0,False
ENSG00000262370,-0.032874964,-1.1630478,0.9737742970831716,1.0,False
OR7E158P,-0.032880224,-0.20794255,0.9737701040479176,1.0,False
OR5A1,-0.032887235,-2.0452542,0.9737645133353733,1.0,False
LINC00550,-0.03291002,-1.2546088,0.9737463435285079,1.0,False
NT5C3B,-0.040771652,0.14068758,0.9674779391816216,1.0,False
LINC02149,-0.04168129,0.3549666,0.9667527684687471,1.0,False
LINC02481,-0.041802227,0.40431523,0.9666563605471791,1.0,False
NEK2-DT,-0.042589176,0.18781066,0.9660290224164372,1.0,False
ENSG00000229603,-0.04322803,0.34020743,0.9655197622513771,1.0,False
DLX1,-0.04344974,0.20423043,0.9653430264036704,1.0,False
PROS2P,-0.0434699,0.38432905,0.9653269595927185,1.0,False
LINC02026,-0.04347253,0.013921046,0.9653248639227624,1.0,False
ENSG00000258534,-0.043602224,0.6293081,0.9652214778359236,1.0,False
BANF2,-0.04360398,0.117991604,0.9652200807306419,1.0,False
PENK,-0.043618,0.22411592,0.9652089038922322,1.0,False
ENSG00000253427,-0.04363465,0.41011608,0.9651956314054991,1.0,False
TRIML2,-0.043650422,0.0026406555,0.9651830574795944,1.0,False
DNAI2,-0.043674085,0.19108504,0.9651641966069714,1.0,False
TMEM231,-0.04371089,0.20560415,0.9651348575105243,1.0,False
ENSG00000231912,-0.043711767,0.25643963,0.9651341589611839,1.0,False
LINC02009,-0.04372579,-0.12120612,0.9651229821753794,1.0,False
RALBP1P2,-0.043777492,1.0457845,0.9650817678369646,1.0,False
ENSG00000257083,-0.043781877,-0.056318406,0.9650782751007073,1.0,False
ENSG00000227678,-0.043781877,-0.3786019,0.9650782751007073,1.0,False
ENSG00000287120,-0.043783627,0.7726968,0.965076878006392,1.0,False
OR13D1,-0.043784503,0.27297297,0.9650761794592745,1.0,False
IL22RA2,-0.04378538,-0.14263022,0.9650754809121839,1.0,False
CHST5,-0.043787133,-0.08944702,0.965074083818083,1.0,False
SALL1,-0.043794144,-0.29818654,0.9650684954427516,1.0,False
ENSG00000285218,-0.043796774,0.14187825,0.9650663998024447,1.0,False
LINC01746,-0.0437994,0.085472204,0.9650643041623791,1.0,False
LINC02111,-0.04380028,-0.45904624,0.9650636056157442,1.0,False
ENSG00000236146,-0.04380028,-0.23052375,0.9650636056157442,1.0,False
ENSG00000287556,-0.043802906,-0.23864876,0.9650615099760004,1.0,False
ENSG00000287741,-0.043803785,-0.45703778,0.9650608114294726,1.0,False
GOLGA8J,-0.04380466,-0.6793757,0.9650601128829718,1.0,False
ENSG00000273711,-0.043805536,-0.97190017,0.9650594143364978,1.0,False
ENSG00000273259,-0.04380641,-0.5367914,0.9650587157900505,1.0,False
TCTE1,-0.04380904,-0.390812,0.9650566201508698,1.0,False
CYP2T3P,-0.04380904,-0.077528454,0.9650566201508698,1.0,False
ENSG00000261312,-0.04381167,-0.40059048,0.9650545245119304,1.0,False
ENSG00000244113,-0.043812547,-0.58387923,0.965053825965671,1.0,False
LNMICC,-0.043812547,-0.19996378,0.965053825965671,1.0,False
ENSG00000284969,-0.043812547,-0.31893116,0.965053825965671,1.0,False
RFX5-AS1,-0.043816052,-1.2884002,0.9650510317809012,1.0,False
ENSG00000287980,-0.043817803,-0.62958294,0.9650496346886773,1.0,False
ZFP42,-0.043817803,-1.2346839,0.9650496346886773,1.0,False
ENSG00000264693,-0.043819558,-0.9425772,0.9650482375965607,1.0,False
ENSG00000281613,-0.043822188,-0.7877328,0.965046141958587,1.0,False
SPIB,-0.043825693,-1.2456833,0.9650433477749975,1.0,False
ENSG00000232358,-0.043827444,-0.63630116,0.9650419506833637,1.0,False
ACSM2B,-0.04383971,-1.2009466,0.9650321710449326,1.0,False
MISP,-0.043849353,-0.7217734,0.9650244870469981,1.0,False
ENSG00000236687,-0.043853734,-0.63996047,0.9650209943217378,1.0,False
IWS1,-0.04806191,0.10542348,0.9616669007030314,1.0,False
NTNG1,-0.04889706,0.04372333,0.9610013295031647,1.0,False
LIMA1,-0.050787326,0.21253581,0.9594949908527368,1.0,False
LINC02096,-0.054022767,0.49496168,0.9569170251204319,1.0,False
NOP16,-0.054662496,0.4264057,0.9564073498332119,1.0,False
ENSG00000287223,-0.054723836,-0.078664,0.9563584777936173,1.0,False
HSPD1P6,-0.05472559,0.37388912,0.9563570814520387,1.0,False
ENSG00000287928,-0.054736108,-0.39359793,0.9563487034053798,1.0,False
CYP4F8,-0.05473786,-0.08569094,0.9563473070647389,1.0,False
ENSG00000279440,-0.054739613,-0.1636718,0.9563459107242318,1.0,False
SPA17,-0.05474312,-0.08894406,0.9563431180436197,1.0,False
ENSG00000230848,-0.05474312,-0.23446655,0.9563431180436197,1.0,False
LAIR1,-0.05474487,-0.3484751,0.9563417217035146,1.0,False
LINC01016,-0.05474487,0.010054189,0.9563417217035146,1.0,False
ENSG00000240338,-0.05474487,-0.16623257,0.9563417217035146,1.0,False
KRT3,-0.05475889,-0.32957098,0.9563305509874974,1.0,False
ENSG00000250751,-0.05475889,0.109232925,0.9563305509874974,1.0,False
ENSG00000250286,-0.054760646,-0.29671067,0.9563291546485982,1.0,False
TRBV23-1,-0.054760646,-0.109053895,0.9563291546485982,1.0,False
PLA2G2F,-0.054760646,-0.25591037,0.9563291546485982,1.0,False
ENSG00000279708,-0.054762397,-0.55918044,0.9563277583098331,1.0,False
MIF-AS1,-0.054764148,-0.4602161,0.956326361971202,1.0,False
LINC02628,-0.054765902,-0.42199698,0.956324965632705,1.0,False
ENSG00000229229,-0.054767653,-0.81061643,0.9563235692943419,1.0,False
SAA4,-0.054767653,-1.1272457,0.9563235692943419,1.0,False
ENSG00000253047,-0.054767653,-0.7460547,0.9563235692943419,1.0,False
LINC02891,-0.054769408,-1.7040296,0.9563221729561129,1.0,False
H3Y2,-0.05477116,-0.90338105,0.956320776618018,1.0,False
CDC20,-0.054772913,-0.57694924,0.9563193802800569,1.0,False
GAGE12F,-0.054781675,-1.8232313,0.9563123985922631,1.0,False
RNU6-147P,-0.054788686,-1.6675962,0.9563068132444412,1.0,False
ENSG00000254347,-0.05479219,-0.97143185,0.9563040205713348,1.0,False
MC2R,-0.054821987,-0.37626004,0.9562802828715898,1.0,False
OR14J1,-0.054821987,-0.5692557,0.9562802828715898,1.0,False
CYP17A1,-0.054865804,-0.41066447,0.9562453745600555,1.0,False
ABCA8,-0.06405684,0.14549994,0.9489249649109263,1.0,False
ENSG00000276418,-0.06545635,0.2171998,0.9478106542703102,1.0,False
GUSBP14,-0.06556678,0.14367588,0.9477227417793632,1.0,False
ENSG00000269535,-0.06558868,0.22065377,0.9477052989004459,1.0,False
ENSG00000287079,-0.06564827,0.061266623,0.9476578543966211,1.0,False
TGM5,-0.06567544,0.21130529,0.9476362253461672,1.0,False
ENSG00000256695,-0.0656807,0.32690215,0.9476320390827943,1.0,False
ENSG00000286450,-0.06568158,-0.101884924,0.9476313413723727,1.0,False
INO80B,-0.06568771,-0.47262496,0.947626457400546,1.0,False
GUCY2F,-0.06569209,-0.25291348,0.9476229688504461,1.0,False
ENSG00000260360,-0.0656956,0.005298675,0.9476201780110891,1.0,False
ENSG00000203262,-0.06569823,-0.33204737,0.9476180848819932,1.0,False
ENSG00000235152,-0.0656991,-0.48059326,0.9476173871723749,1.0,False
ENSG00000279960,-0.06569998,-0.17117146,0.9476166894627966,1.0,False
SIGLEC10,-0.06570524,-0.34267983,0.9476125032061715,1.0,False
C20orf202,-0.06571049,-0.35144123,0.9476083169509925,1.0,False
LYSMD1,-0.06571137,-1.1036787,0.9476076192419366,1.0,False
ENSG00000253295,-0.06571225,-0.57915455,0.9476069215329209,1.0,False
FXYD4,-0.06571312,-0.6071297,0.9476062238239454,1.0,False
RN7SKP106,-0.06571312,-0.4766708,0.9476062238239454,1.0,False
ENSG00000261028,-0.06571487,-0.29812807,0.9476048284061149,1.0,False
ENSG00000260834,-0.06572013,-1.0974494,0.9476006421535877,1.0,False
CENPS,-0.06572013,-1.4204298,0.9476006421535877,1.0,False
ENSG00000284603,-0.065721884,-1.4820077,0.9475992467364002,1.0,False
MRPL30P1,-0.065724514,-0.8884028,0.9475971536109201,1.0,False
YEATS2-AS1,-0.06572802,-1.9867755,0.9475943627775094,1.0,False
AGMAT,-0.065732405,-1.3178861,0.9475908742366502,1.0,False
LIMD2,-0.06573328,-1.7338141,0.9475901765285989,1.0,False
ENSG00000269570,-0.065736786,-0.44308954,0.9475873856967958,1.0,False
ENSG00000237498,-0.06575168,-0.438228,0.9475755246688072,1.0,False
ENSG00000250644,-0.06575431,-2.3167655,0.947573431547427,1.0,False
NPM1P10,-0.065784104,-0.86475384,0.9475497095304097,1.0,False
GOLGA6L5P,-0.065915555,-0.17875002,0.9474450541283308,1.0,False
ZFC3H1,-0.07293153,0.059573155,0.9418606078661957,1.0,False
MIR4300HG,-0.07528625,0.09779018,0.9399869644030251,1.0,False
ENSG00000285826,-0.07615031,0.034213647,0.9392995099553172,1.0,False
LINC03044,-0.0763028,0.38249934,0.9391781991454152,1.0,False
LINC02453,-0.07646755,0.059791505,0.9390471292820617,1.0,False
JMJD7-PLA2G4B,-0.07651312,-0.102781266,0.9390108762069768,1.0,False
PLPP2,-0.07654116,0.23980772,0.9389885666851315,1.0,False
ENSG00000204684,-0.076562196,-0.16522917,0.9389718345751717,1.0,False
PLAAT4,-0.07658673,0.47018656,0.9389523138142722,1.0,False
CCDC74BP1,-0.076599,-0.28755876,0.9389425534475784,1.0,False
ENSG00000264876,-0.076616526,-0.19417158,0.938928610082499,1.0,False
CD8B2,-0.076616526,-0.31642073,0.938928610082499,1.0,False
ENSG00000236531,-0.07663581,-0.3019623,0.9389132724025377,1.0,False
OR1M1,-0.07664107,-0.3150556,0.9389090894028447,1.0,False
AGR3,-0.07664282,-0.28414702,0.9389076950699882,1.0,False
PRECSIT,-0.07664632,-0.12695077,0.9389049064048373,1.0,False
VIP,-0.07664983,-0.45746195,0.9389021177404355,1.0,False
ISCA1P3,-0.07665158,-0.11959241,0.9389007234085156,1.0,False
ENSG00000253917,-0.07665333,-0.56011546,0.9388993290767831,1.0,False
ENSG00000264813,-0.07665333,-0.43235922,0.9388993290767831,1.0,False
ENSG00000258346,-0.07665684,-0.6922124,0.9388965404138799,1.0,False
ENSG00000250899,-0.07665859,-0.56258863,0.9388951460827093,1.0,False
SYNE1-AS1,-0.07665859,-0.6261537,0.9388951460827093,1.0,False
ENSG00000271027,-0.0766656,-0.7319714,0.9388895687599005,1.0,False
ENSG00000268193,-0.07666911,-1.5016315,0.9388867800996201,1.0,False
ENSG00000286263,-0.07666911,-0.27549475,0.9388867800996201,1.0,False
EPS8L1,-0.076674365,-0.7716694,0.938882597110605,1.0,False
ENSG00000288782,-0.07667612,-1.9260972,0.9388812027813079,1.0,False
CECR3,-0.076677874,-2.1283295,0.9388798084521983,1.0,False
KRT42P,-0.076679625,-2.3850453,0.9388784141232761,1.0,False
ENSG00000270104,-0.076681376,-1.1140198,0.9388770197945413,1.0,False
RARRES2,-0.07668313,-1.1419487,0.9388756254659938,1.0,False
CNRIP1,-0.076686636,-1.7447699,0.9388728368094611,1.0,False
ENSG00000235126,-0.076691896,-1.5132399,0.9388686538260677,1.0,False
ENSG00000287913,-0.07669365,-1.7591747,0.9388672594986447,1.0,False
RAC1P3,-0.07669715,-2.827678,0.938864470844361,1.0,False
ENSG00000284657,-0.07671994,-0.5996977,0.9388463446097932,1.0,False
ENSG00000255491,-0.07672519,-0.6621161,0.9388421616370847,1.0,False
ENSG00000230472,-0.0767287,-0.5277328,0.9388393729895498,1.0,False
CENPM,-0.076739214,-0.4357721,0.9388310070514455,1.0,False
LINC02025,-0.07676376,-0.3789152,0.9388114865554588,1.0,False
PSMA7,-0.08458332,0.15439452,0.9325926586660349,1.0,False
ENSG00000279631,-0.087239504,-0.05618895,0.9304811392395734,1.0,False
NLRP11,-0.08735693,-0.081551276,0.9303878005048642,1.0,False
TMEM88B,-0.087381475,0.20238157,0.9303682970095531,1.0,False
ENSG00000286082,-0.08747436,-0.08771231,0.9302944627276442,1.0,False
ENSG00000256969,-0.0875471,-0.27040386,0.930236649510584,1.0,False
DNM1P46,-0.087562874,-0.16834435,0.9302241117530405,1.0,False
ENSG00000279567,-0.087574266,-0.28814715,0.9302150567166956,1.0,False
ENSG00000289570,-0.08758303,-0.12516573,0.9302080913102699,1.0,False
CX3CR1,-0.08759179,-0.55835533,0.9302011259091904,1.0,False
ENSG00000228739,-0.08760406,-0.31826344,0.9301913743566614,1.0,False
MRPL15P1,-0.08761457,-0.5069153,0.9301830158914071,1.0,False
ULK4P3,-0.08761808,-0.4428033,0.9301802297380336,1.0,False
ENSG00000280302,-0.08761896,-1.1082877,0.9301795331998239,1.0,False
LINC01656,-0.08761983,-0.63605064,0.9301788366616677,1.0,False
ENSG00000276204,-0.08761983,-0.8954799,0.9301788366616677,1.0,False
ENSG00000287204,-0.087629475,-3.0894103,0.9301711747454798,1.0,False
IFNL3,-0.087630354,-2.599419,0.9301704782079655,1.0,False
OR6D1P,-0.087631226,-1.0632434,0.9301697816705046,1.0,False
ENSG00000277705,-0.087632105,-2.7583077,0.9301690851330973,1.0,False
ENSG00000232471,-0.087632984,-2.2756658,0.9301683885957434,1.0,False
IFNL4,-0.087632984,-4.2219996,0.9301683885957434,1.0,False
ENSG00000288102,-0.087633856,-2.6369445,0.930167692058443,1.0,False
ENSG00000259624,-0.08763999,-4.661346,0.9301628162988381,1.0,False
PDZRN4,-0.09131535,0.0284278,0.9272420175528928,1.0,False
SPATA20,-0.0913285,0.072469875,0.9272315729410874,1.0,False
ANKRD26P1,-0.097676694,0.078927875,0.9221890205526426,1.0,False
DLX6-AS1,-0.09771,0.09004923,0.9221625767972477,1.0,False
ENSG00000289079,-0.098134145,0.061187696,0.9218257743972904,1.0,False
ENSG00000234378,-0.09828137,-0.048278105,0.9217088710535477,1.0,False
GLTC1,-0.09843736,0.14242357,0.9215850110230349,1.0,False
KCNG4,-0.09847417,-0.23507345,0.9215557858997863,1.0,False
ELOA,-0.09848293,0.36544314,0.9215488275527192,1.0,False
CASKP1,-0.09848819,-0.13291429,0.9215446525473614,1.0,False
ENSG00000269711,-0.09849695,-0.24709299,0.9215376942099031,1.0,False
DNAJC22,-0.098524995,-0.24570325,0.9215154275704007,1.0,False
CYP2B6,-0.098526746,-0.26953155,0.9215140359074743,1.0,False
TLX2,-0.098532006,-0.3353051,0.9215098609201371,1.0,False
ENSG00000229896,-0.09854778,-0.94167286,0.9214973359711038,1.0,False
LINC00111,-0.09857582,-1.0612302,0.9214750694431207,1.0,False
LINC00384,-0.098581076,-0.81085795,0.921470894475976,1.0,False
TMEM225,-0.098581076,-0.6085066,0.921470894475976,1.0,False
SI,-0.09858809,-0.34927613,0.9214653278564825,1.0,False
ENSG00000279511,-0.09859335,-4.3811116,0.9214611528943872,1.0,False
KLK7,-0.09859335,-1.4443185,0.9214611528943872,1.0,False
ENSG00000232299,-0.09859685,-2.3404286,0.9214583695875262,1.0,False
SEMA3A,-0.10406082,0.053101763,0.917121080771526,1.0,False
GRTP1,-0.109074354,0.024009826,0.913143514553877,1.0,False
C9,-0.10911642,-0.1712035,0.91311015127088,1.0,False
ENSG00000226939,-0.10936705,0.16100557,0.9129113648861567,1.0,False
CYSLTR2,-0.10939422,-0.12930007,0.9128898184372836,1.0,False
GNE,-0.109495,-0.20398276,0.9128098886219269,1.0,False
MUC5AC,-0.10950551,-0.76530284,0.9128015481702605,1.0,False
GOLGA6FP,-0.10950551,-0.7064956,0.9128015481702605,1.0,False
ENSG00000278862,-0.10951866,-0.7553878,0.9127911226191842,1.0,False
RIBC1,-0.109524794,-0.7299044,0.9127862573671515,1.0,False
HIGD2AP1,-0.109532684,-2.2973347,0.9127800020479125,1.0,False
LINC03078,-0.109532684,-1.4039665,0.9127800020479125,1.0,False
CYP4A11,-0.109533556,-1.057334,0.9127793070127751,1.0,False
USP32P2,-0.10953531,-2.003833,0.9127779169427004,1.0,False
LINC01467,-0.10953794,-0.7898688,0.9127758318380887,1.0,False
OR8B10P,-0.10954057,-1.8195592,0.9127737467340775,1.0,False
TTTY22,-0.10954846,-1.0384756,0.9127674914256468,1.0,False
ENSG00000254350,-0.10954933,-0.6550078,0.9127667963917103,1.0,False
SLC39A5,-0.10955371,-0.53309834,0.912763321223029,1.0,False
KRT18P6,-0.109658875,-0.53204376,0.9126799176752822,1.0,False
LINC01812,-0.12031778,-0.22801635,0.9042314202793259,1.0,False
ENSG00000229021,-0.12033881,-0.27554035,0.9042147601190716,1.0,False
LAMB2,-0.12037211,-0.25146708,0.9041883816182419,1.0,False
ENSG00000231295,-0.12037211,-0.077969566,0.9041883816182419,1.0,False
GSTCD,-0.12037737,-0.03283654,0.9041842166014601,1.0,False
LINC01518,-0.12038438,-0.19204885,0.9041786632498519,1.0,False
ENSG00000249320,-0.12040191,-0.40229455,0.9041647798913373,1.0,False
ENSG00000284393,-0.1204282,-0.2693841,0.9041439549084992,1.0,False
CUBNP2,-0.12045799,-0.40648228,0.9041203533409897,1.0,False
ENSG00000230096,-0.12048779,-2.904593,0.9040967518581886,1.0,False
ENSG00000259397,-0.1204948,-3.6236327,0.9040911985804306,1.0,False
ENSG00000267282,-0.12049831,-3.0288444,0.9040884219433107,1.0,False
SPMIP9,-0.12050532,-2.7185493,0.9040828686725896,1.0,False
LINC02386,-0.12064553,-0.83508205,0.9039718042437495,1.0,False
ENSG00000287719,-0.1312869,-0.07859704,0.8955483468634012,1.0,False
ENSG00000215237,-0.13136841,-0.31175384,0.8954838780308549,1.0,False
CFAP57,-0.1313833,-0.76671034,0.8954720934801556,1.0,False
ENSG00000248317,-0.13140346,-0.690421,0.8954561497129829,1.0,False
CYLD-AS1,-0.13142537,-0.8191807,0.8954388195791689,1.0,False
ENSG00000267364,-0.13143589,-1.0267888,0.8954305011326619,1.0,False
ENSG00000275846,-0.13144903,-1.3319911,0.8954201030906968,1.0,False
GTF3C2-AS1,-0.13145079,-1.5657216,0.8954187166864588,1.0,False
LINC02233,-0.13145167,-0.31649244,0.8954180234844596,1.0,False
ENSG00000274979,-0.13150074,-0.5132151,0.8953792042999688,1.0,False
SELENOV,-0.13153666,-1.0382619,0.8953507832701668,1.0,False
LINC01781,-0.13162868,-0.30006087,0.8952779983185969,1.0,False
TLCD3B,-0.1414726,0.27401674,0.8874966101591658,1.0,False
AGBL2,-0.14155672,-0.023902265,0.8874301541065046,1.0,False
TTC24,-0.14179684,0.17800124,0.8872404818107352,1.0,False
OPALIN,-0.14215964,-0.13194627,0.8869539089167752,1.0,False
APCDD1,-0.14221223,-0.24766928,0.8869123778386573,1.0,False
LINC00364,-0.14225078,-0.13042228,0.8868819219120696,1.0,False
POTEA,-0.14228232,-0.12541164,0.8868570035509308,1.0,False
LINC03025,-0.1423612,-1.0603517,0.8867947081374895,1.0,False
ENSG00000241884,-0.14241378,-3.55993,0.8867531782504245,1.0,False
ENSG00000236140,-0.1424313,-0.6430081,0.8867393350238376,1.0,False
P2RX1,-0.14244533,-1.1772457,0.8867282604674495,1.0,False
ENSG00000267188,-0.1464949,0.24938555,0.8835307244088069,1.0,False
MOCOS,-0.15260297,-0.053028513,0.8787113836880117,1.0,False
ENSG00000261427,-0.15324707,-0.27587083,0.8782034335314246,1.0,False
ENSG00000285601,-0.15331542,-1.1165391,0.8781495315558518,1.0,False
HDC,-0.1533277,-0.9894233,0.8781398569020736,1.0,False
CFHR5,-0.15338291,-1.5743936,0.8780963211853086,1.0,False
ENSG00000287147,-0.15348457,-0.7134282,0.878016161147453,1.0,False
PYHIN1,-0.16420306,-0.34629112,0.8695712904195837,1.0,False
CFB,-0.16423461,-0.9518731,0.8695464557436393,1.0,False
ENSG00000243349,-0.1642609,-0.51025975,0.8695257602786453,1.0,False
LINC01416,-0.16426791,-0.88918793,0.8695202415030735,1.0,False
LINC00523,-0.1642977,-2.5467234,0.8694967867778016,1.0,False
CDC20-DT,-0.16453257,-0.5069087,0.8693119123761373,1.0,False
CEP290,-0.16690218,0.040310495,0.867447013776915,1.0,False
EOLA2,-0.17468846,0.15630296,0.8613244412023507,1.0,False
ENSG00000258657,-0.17505038,-0.255194,0.861040046290778,1.0,False
FKBP14,-0.17521776,-0.6676811,0.8609085283426117,1.0,False
BLVRBP1,-0.17524493,-1.0454005,0.8608871828613418,1.0,False
NDST2,-0.17529488,-2.8796413,0.8608479349835816,1.0,False
SAFB2,-0.18519488,0.074105546,0.8530761876628629,1.0,False
LINC02417,-0.18615535,-0.9733314,0.8523229425559531,1.0,False
CMTM5,-0.18617287,-1.5439895,0.8523091984563663,1.0,False
ENSG00000271858,-0.18620618,-0.6889822,0.8522830847907086,1.0,False
UPF3B,-0.18866692,0.11730542,0.8503538722930515,1.0,False
DDX60,-0.19689225,-0.22234173,0.8439118636442331,1.0,False
LGSN,-0.19716653,-1.512545,0.8436972157955879,1.0,False
MAN2A2,-0.1982313,0.16236128,0.8428641082375821,1.0,False
LINC00640,-0.20809186,-0.968598,0.8351572503307894,1.0,False
PLEKHG6,-0.21903732,-1.1758804,0.8266209771323217,1.0,False
ZFAND2B,-0.21906361,0.13011186,0.8266004978920465,1.0,False
C1orf141,-0.21917403,-1.3403478,0.8265144863709961,1.0,False
PARM1,-0.22414286,0.093876205,0.8226461374497291,1.0,False
LINC00581,-0.22949904,-0.23888919,0.8184810597980794,1.0,False
ZNF585A,-0.2299267,-0.8747281,0.818148726867002,1.0,False
SREK1IP1P1,-0.23010547,-1.1664093,0.8180098104873443,1.0,False
ENSG00000258881,-0.23163117,0.070506886,0.8168244874398006,1.0,False
ENSG00000248601,-0.23865591,0.10864861,0.8113724071890007,1.0,False
MILR1,-0.24097821,-1.068397,0.8095720065954333,1.0,False
ICOSLG,-0.251893,-1.4460902,0.8011237668361031,1.0,False
PCAT4,-0.26256594,-0.340209,0.7928851612878307,1.0,False
ENSG00000257265,-0.26279378,-1.0329801,0.7927095299458295,1.0,False
HMGN5,-0.27162465,0.09985219,0.7859106487041861,1.0,False
LINC01904,-0.27351928,-0.36505923,0.7844540679828077,1.0,False
LINC00301,-0.28407392,-0.24593922,0.7763537409692476,1.0,False
ENSG00000287505,-0.30680174,-1.2936028,0.7589942761099424,1.0,False
TCEAL6,-0.30703574,0.1020714,0.7588161743674019,1.0,False
SLC5A1,-0.3172223,-0.3593345,0.7510749362474696,1.0,False
SH2D4A,-0.3308362,0.051499914,0.7407682067818331,1.0,False
GAD2,-0.3681183,-0.03542383,0.7127850386728357,1.0,False
ANKRD18A,-0.37972102,0.020672144,0.704152525725859,1.0,False
LUZP2,-0.38629442,0.057344306,0.6992786316171756,1.0,False
MIA3,-0.40237084,0.06578047,0.6874111179372917,1.0,False
CEP295,-0.41613463,0.05673234,0.677311493828083,1.0,False
LINC01344,-0.45712447,-0.09939802,0.647581571513514,1.0,False
LINC02076,-0.45759246,-0.17465867,0.6472452682501824,1.0,False
MAMDC2-AS1,-0.48255932,0.010261352,0.6294086577065117,1.0,False
PDIA2,-0.48716888,0.13961345,0.6261386588888076,1.0,False
ZNF404,-0.49539068,0.053830907,0.620324368274666,1.0,False
SEMA3E,-0.51126117,0.0076948623,0.6091681859351359,1.0,False
CCAR1,-0.5359161,0.04826959,0.5920165463369961,1.0,False
ENSG00000279650,-0.53672755,-2.7855556,0.5914558051052021,1.0,False
GALNTL6,-0.53681344,-0.010822821,0.5913964752844149,1.0,False
EPIC1,-0.554937,-0.03606564,0.5789377427576567,1.0,False
USP38-DT,-0.5693493,0.12119869,0.5691191306139465,1.0,False
ETFBKMT,-0.5824698,0.021597592,0.5602502643918496,1.0,False
LINC00470,-0.5931787,0.11098889,0.5530615810763746,1.0,False
IQCA1,-0.59986776,0.07662832,0.5485943639463773,1.0,False
UBXN4,-0.6100429,0.043824386,0.5418333655238854,1.0,False
TEX9,-0.6286152,0.040515665,0.5296010200357628,1.0,False
ENSG00000235292,-0.6299682,-0.034428168,0.528715359681964,1.0,False
SLC6A7,-0.6691283,0.17374197,0.5034136313381763,1.0,False
SDK1,-0.6800755,0.027411029,0.4964566357241067,1.0,False
ENSG00000287001,-0.69282365,0.17010814,0.4884202409857358,1.0,False
ANKRD18CP,-0.7026097,0.014505032,0.48229901406192976,1.0,False
IK,-0.72436917,0.029196126,0.46883911003067835,1.0,False
MNS1,-0.73604375,-0.009735121,0.4617040599086545,1.0,False
ENSG00000286474,-0.75970757,-0.074603245,0.4474294195062932,1.0,False
OSGEP,-0.8231343,0.090903334,0.41043162622562734,1.0,False
COL5A2,-0.8407522,0.016549053,0.4004867655304286,1.0,False
CTPS1,-0.8465431,0.08424544,0.39724986629596215,1.0,False
RAB33B-AS1,-0.84744215,0.06474527,0.3967487036728833,1.0,False
EIF5B,-0.84827733,0.10044522,0.3962835407620806,1.0,False
MIR3681HG,-0.8759214,0.073922575,0.38107274950673586,1.0,False
NRSN2-AS1,-0.8813775,0.057173416,0.3781135250731179,1.0,False
ENSG00000254092,-0.88424313,0.02929395,0.37656497547662027,1.0,False
TTC6,-0.8871202,0.09066979,0.37501421188822526,1.0,False
CFAP210,-0.89971226,0.048097365,0.3682733931991137,1.0,False
HIP1,-0.9009514,0.06671163,0.36761415495093785,1.0,False
ZNF316,-0.90770096,0.11088079,0.36403623133976115,1.0,False
SRRM1,-0.91448385,0.041785695,0.3604626704176408,1.0,False
ENSG00000235939,-0.9157282,0.090733975,0.35980945400253117,1.0,False
PIN4,-0.92275035,0.095234506,0.356137329600797,1.0,False
GRIN3A,-0.9343715,-0.00736789,0.3501123154481883,1.0,False
ADCY8,-0.96963793,0.020219246,0.3322269891703852,1.0,False
NBPF20,-0.9940589,-0.061315037,0.3201942040299691,1.0,False
LINC01830,-1.0304778,0.08898673,0.30278578908794207,1.0,False
NKAIN3,-1.0430567,-0.068158194,0.29692202422666003,1.0,False
CFAP299,-1.0807769,0.044025566,0.27979633946510407,1.0,False
ERBB4,-1.1017731,0.085271925,0.2705603034529678,0.9983775035164862,False
KCNK6,-1.102879,-0.22261927,0.27007967357700124,0.9983775035164862,False
LNC-LBCS,-1.1233188,0.2081264,0.261302115324217,0.9707633677238118,False
C1QTNF7-AS1,-1.1238656,0.01175051,0.26107002503055665,0.9707633677238118,False
ANKRD62,-1.128703,-0.023509685,0.25902312640247316,0.9701240689231204,False
CCDC40,-1.145215,-0.096080095,0.252120101500811,0.9496049020746176,False
ZFHX3,-1.1696447,0.054346792,0.2421439802763642,0.9189524868173213,False
DDX21,-1.1761708,0.013658577,0.2395266324753097,0.9107476519973753,False
PLCH1,-1.1788577,0.006845349,0.23845486417641848,0.9083994825768322,False
ENSG00000282890,-1.1842874,0.008079771,0.23629929794050086,0.903630202449334,False
IFNG-AS1,-1.1909213,-0.2557724,0.23368447180417562,0.8970613121081598,False
KIF3A,-1.191228,0.032988247,0.23356407300267323,0.8970613121081598,False
SLC8B1,-1.19721,0.09994792,0.23122473995702453,0.8910394603353546,False
ENSG00000228566,-1.2177714,-0.046486888,0.22331083159521858,0.8716945765834611,False
ENSG00000283782,-1.2544032,-0.07305363,0.2096954568759013,0.8272010133171649,False
ENSG00000288016,-1.2792397,-0.0059694587,0.20081269394427848,0.7952977977991227,False
TUBGCP6,-1.3013654,-0.0074236603,0.1931334115115697,0.7694558227552578,False
ENSG00000253693,-1.3226718,-0.02646542,0.18594453938965105,0.7452686949485012,False
SOHLH1,-1.3424,0.017482184,0.17946635029426516,0.720748394756085,False
RNF20,-1.3518399,-0.032102738,0.17642654627224974,0.7099659809748481,False
CCDC186,-1.3633724,0.04442636,0.17276514767592965,0.6970645254985004,False
CDK5RAP2,-1.3729079,0.022629615,0.16978097211608734,0.6887666211605977,False
KCNIP1,-1.4582099,-0.09125891,0.14478271068662035,0.5921583259166476,False
CKMT1A,-1.4589416,0.03602469,0.14458118515863613,0.5921583259166476,False
SFPQ,-1.4675516,0.019206434,0.14222605911409286,0.5840905918443239,False
IFT88,-1.4869441,0.10040894,0.13702957252880704,0.5639077058798644,False
ADAMTSL1,-1.4903793,-0.057374917,0.13612451679589022,0.5617884897031515,False
SAXO2,-1.5011259,-0.08215038,0.1333230014529989,0.5566722398872607,False
RASSF4,-1.5033641,-0.02864537,0.13274518735926483,0.5554191939718194,False
PLPP7,-1.5154102,0.1596037,0.12966855163124447,0.5448258471901029,False
FAAH2,-1.5179683,0.0026159147,0.12902240304603502,0.5443983250887554,False
RILPL2,-1.5503069,0.0043706093,0.12106787321451139,0.5184919623747811,False
ENSG00000232611,-1.5628517,-0.07111519,0.11808748488645383,0.507903160801952,False
TSBP1-AS1,-1.5643142,-0.02810979,0.1177437777146217,0.5075162832526797,False
CDH13,-1.5771834,-0.021038374,0.11475334930603284,0.49892760567840366,False
RHOT2,-1.5853912,0.07445002,0.11287749991048125,0.4918409582156046,False
MGAT4C,-1.6111503,-0.025537454,0.10714698795013107,0.469942929605838,False
UPP1,-1.6747812,0.052801054,0.093977178936761,0.41767635083004884,False
LINC01478,-1.7304024,-0.047248516,0.08355841299994984,0.3763892477475218,False
ENSG00000287912,-1.7976788,-0.024842128,0.07222791194933262,0.3313206970152872,False
TCEAL5,-1.8471035,-0.04932052,0.06473214313809897,0.2996858478615693,False
DDX27,-1.8780286,-0.08871131,0.060377252811167646,0.28147903408469765,False
GLCCI1,-1.8871049,-0.00014159207,0.05914622615395249,0.2771397082748716,False
LINC00923,-1.8905935,-0.020146228,0.05867862304918055,0.2761346967020261,False
PCP4,-1.9415869,-0.06734678,0.05218714137243334,0.2467477133448385,False
LRMDA,-1.9565609,-0.014871047,0.05039912717868582,0.2388584226478001,False
USP8,-2.0443025,0.008899756,0.04092367740007292,0.19882248527346863,False
CDK11B,-2.1034,-0.05555541,0.03543081029387199,0.17496696441418266,False
ENSG00000287989,-2.11566,-0.16095167,0.034373728921926174,0.17058922541898844,True
NRG1,-2.1407988,-0.061379425,0.032290273398588,0.16185600701046615,False
ANKRD20A5P,-2.1524506,-0.09792286,0.031361888713003196,0.15839337733839998,False
ENSG00000251031,-2.1547534,-0.0891843,0.03118112617621501,0.15787911987956968,False
ST3GAL2,-2.156564,0.13319167,0.031039648263535627,0.15756166631236357,True
LINC01090,-2.1882832,-0.24000281,0.028648985459050886,0.1476751827786128,True
TPTE2P1,-2.2096772,0.011745599,0.0271275748350161,0.14055738256485026,False
RGS12,-2.2329335,-0.030777205,0.025553333362908975,0.13309027793181757,False
LINC01266,-2.3161943,-0.22328691,0.02054765809721567,0.10900614375180727,True
EGR1,-2.3719962,0.021999357,0.01769227693159153,0.09615367897604092,False
ANKRD20A11P,-2.3894615,-0.21389279,0.016873090454731426,0.0923891554776882,True
ENSG00000285638,-2.4347901,-0.07554894,0.014900428296720834,0.08232280826917589,False
DAB1,-2.5111876,-0.068502925,0.012032573555701809,0.06836689520285119,False
ANK1,-2.5610487,-0.13824011,0.010435674764053424,0.05997514232214612,True
SCAF11,-2.5960777,-0.03291204,0.009429475682823289,0.05450563978510572,False
PITPNC1,-2.6025012,-0.02869647,0.009254649221418174,0.0536501404140184,False
GNAL,-2.6097126,-0.11686386,0.009061832204758495,0.05283867174786294,True
LINC00276,-2.653129,-0.026284942,0.007974937932602965,0.04691139960354685,False
RBBP6,-2.6760209,-0.04605655,0.00745020336679964,0.04408404359053041,False
GLB1L2,-2.7259247,-0.09334286,0.006412162098552789,0.03851148407539212,False
WBP4,-2.8147442,-0.07918337,0.004881606383485502,0.029948505420156455,False
SNTG2,-2.8752599,-0.09520694,0.004036951471332711,0.025230946695829443,False
SHTN1,-2.8789659,-0.047123104,0.003989815250310569,0.02501451567592833,False
ABCF1,-2.9915762,-0.09676092,0.0027754122624755453,0.017734263657990704,False
ENSG00000223727,-3.0082617,0.022202732,0.0026274674932850878,0.016951403182484438,False
NOP58,-3.0245361,-0.037606135,0.002490146612524495,0.016117453802747542,False
HPSE2,-3.0260541,-0.080364786,0.002477680256876054,0.016088832836857494,False
FAM106A,-3.0609262,-0.006066736,0.0022065349698040557,0.014374820650189288,False
TRIM4,-3.0784826,-0.041251067,0.0020805758452948704,0.01359853493656778,False
STMN1,-3.084419,-0.058774795,0.0020395010132613005,0.013373777136139676,False
CIP2A,-3.0866783,-0.2900257,0.0020240654889930546,0.013316220322322728,True
TCEAL4,-3.1479423,-0.124395,0.0016442419821312238,0.011072336580008241,True
RNF103-CHMP3,-3.1814508,-0.23593381,0.0014653942870476477,0.009901312750321944,True
KNDC1,-3.2276442,-0.029925134,0.0012481406079584633,0.008548908273688106,False
ANKRD17-DT,-3.2417333,0.013841397,0.0011880518134091574,0.00816530455951311,False
LRRIQ1,-3.2639914,-0.08226208,0.0010985452265744506,0.007628786295655908,False
UPF2,-3.2897084,-0.031131266,0.0010029126778306093,0.007062765336835277,False
FLACC1,-3.3229067,-0.054644294,0.0008908470281503377,0.006295738714843377,False
FBLN7,-3.4472556,-0.19638959,0.0005663124375738792,0.004164062040984406,True
ENSG00000254394,-3.535765,-0.11252308,0.0004065962709978825,0.003045664951295,True
DCC,-3.6179488,-0.09559409,0.00029694703990251357,0.0022667712969657522,False
DCBLD2,-3.6285121,-0.121477306,0.0002850592211493922,0.0021927632396107092,True
GLIDR,-3.6901934,-0.16908072,0.00022408367200248475,0.001750653687519412,True
CCDC88A,-3.7150629,-0.08220414,0.00020315310810866766,0.001593357710656217,False
LINC02055,-3.7155328,-0.06190031,0.00020277605859910018,0.001593357710656217,False
GRIPAP1,-3.7291484,-0.07463621,0.00019212802439171915,0.0015309005927627024,False
ENSG00000260658,-3.7303874,-0.2828967,0.00019118550596887484,0.0015294840477509987,True
ALCAM,-3.7341127,-0.1163132,0.0001883780539964575,0.0015130767389273695,True
CASC15,-3.767902,-0.10376784,0.00016462544008593032,0.0013329995148658326,True
GNG12-AS1,-3.7813456,-0.3528108,0.0001559828899834697,0.0012785482785530303,True
LNCBRM,-3.8485074,-0.41369447,0.000118839702111136,0.0009821462984391405,True
EIF3A,-3.8801563,-0.10505079,0.00010438932726752205,0.0008809225929748696,True
ENSG00000287722,-3.8961513,-0.1566058,9.773334430449073e-05,0.0008317731430169424,True
SGCD,-3.9803877,-0.08862014,6.880299079961267e-05,0.000598286876518371,False
SPANXA2-OT1,-3.9872746,-0.09889329,6.683661038256957e-05,0.0005837258548696032,False
RYR3,-4.02243,-0.10299095,5.760078934650036e-05,0.0005120070164133365,True
PTCHD4,-4.0449815,-0.08499814,5.2327224448510866e-05,0.0004693024614216221,False
ARID4A,-4.0506244,-0.050424173,5.108114747639844e-05,0.0004601905178053913,False
CROCCP3,-4.064204,-0.085856676,4.819663280787157e-05,0.0004361686226956703,False
INTS4P1,-4.066974,-0.17349052,4.762750664577879e-05,0.0004329773331434435,True
LINC01632,-4.1924334,-0.4075715,2.7597800355580323e-05,0.0002555351884775956,True
KMT2A,-4.2095256,-0.14529714,2.5590744715487788e-05,0.0002391658384625027,True
GLDN,-4.2168884,-0.39234105,2.476962655770815e-05,0.0002325786531240202,True
MAML3,-4.2224393,-0.13640527,2.416724685324534e-05,0.0002279928948419372,True
TCHP,-4.270251,-0.4599497,1.9525344829885153e-05,0.00018684540507067133,True
NKAP,-4.3001933,-0.38696253,1.7064916307667822e-05,0.0001656787991035711,True
ZNF883,-4.300672,-0.288295,1.702810812759779e-05,0.0001656787991035711,True
SPHKAP,-4.364901,-0.37134138,1.2718016739842737e-05,0.0001259209578202251,True
DDX55,-4.367321,-0.30231014,1.25779875709384e-05,0.00012515410518346666,True
HACD4,-4.413526,-0.11318882,1.0170057983797077e-05,0.00010221163802811133,True
ENSG00000275119,-4.591625,-0.29379806,4.398081215777718e-06,4.581334599768456e-05,True
ENSG00000229425,-4.738884,-0.1457927,2.148984269826861e-06,2.2740574283882126e-05,True
SCLT1,-4.837412,-0.0766089,1.3154081159129487e-06,1.4220628280139987e-05,False
SEC22A,-4.9162498,-0.09111336,8.821785794418067e-07,1.0024756584565986e-05,False
NKTR,-4.939203,-0.46366996,7.844261041536677e-07,8.964869761756202e-06,True
ENSG00000288087,-4.9476514,-0.6130735,7.511421665937542e-07,8.63381800682476e-06,True
FSTL5,-5.162278,-0.13697362,2.4396228008051893e-07,2.887127574917384e-06,True
CMYA5,-5.199478,-0.2389983,1.9984902720727923e-07,2.379155085800943e-06,True
LINC01721,-5.2785263,-0.61993027,1.3022696127784744e-07,1.5881336741200907e-06,True
RANBP17,-5.329908,-0.13065183,9.826263657606064e-08,1.205676522405652e-06,True
GLIS3,-5.41143,-0.22353125,6.252340812396729e-08,8.015821554354781e-07,True
PNN,-5.4406524,-0.28471264,5.3085785795805676e-08,6.849778812362023e-07,True
ECHDC2,-5.5283713,-0.2443922,3.232173651264981e-08,4.225063596424812e-07,True
LINC02306,-5.5452743,-0.18310049,2.934939628851599e-08,3.861762669541578e-07,True
ENSG00000253853,-5.6090393,-0.27672765,2.034529825350218e-08,2.69474149053009e-07,True
LINC01725,-5.6377044,-0.15132882,1.7233219591435567e-08,2.3131838377765864e-07,True
ENSG00000286481,-5.6955767,-0.27992675,1.2295557767320613e-08,1.7077163565723075e-07,True
LINC02250,-5.715082,-0.20307332,1.096509647684966e-08,1.5335799268321205e-07,True
ENSG00000287474,-5.720569,-0.30273694,1.0616788758676211e-08,1.4953223603769313e-07,True
TSHZ2,-5.7716813,-0.27152786,7.848437412410375e-09,1.1212053446300534e-07,True
LAMA2,-5.825114,-0.21969756,5.707376951783701e-09,8.271560799686523e-08,True
VWA3A,-5.8376164,-0.21699326,5.295292920175186e-09,7.730354627992972e-08,True
ATP5ME,-5.861485,-0.24351195,4.5874553806267935e-09,6.846948329293721e-08,True
NSUN6,-5.8920097,-0.19902761,3.8152662674495895e-09,5.7372425074429916e-08,True
PPME1,-6.0267935,-0.1800652,1.6724470642918947e-09,2.6131985379560854e-08,True
TRPM3,-6.1879816,-0.1445277,6.093939217486894e-10,9.828934221753054e-09,True
SHISA6,-6.2917438,-0.16959701,3.1391946754822886e-10,5.202275694366509e-09,True
ENSG00000283380,-6.3067827,-0.26472244,2.848956285379016e-10,4.788161824166414e-09,True
CFAP61,-6.5572233,-0.26991537,5.481883440787093e-11,9.617339369801918e-10,True
RMST,-6.573761,-0.28563628,4.906000551610757e-11,8.683186817010188e-10,True
TOX,-6.6782203,-0.16428034,2.4186109997151823e-11,4.478909258731819e-10,True
ST6GALNAC5,-6.713932,-0.19913526,1.894485098605876e-11,3.5745001860488227e-10,True
NPSR1-AS1,-6.9658227,-0.71539915,3.26490667680743e-12,6.278666686168136e-11,True
C8orf34,-7.03329,-0.3375661,2.0171946757261508e-12,3.994444902428021e-11,True
SUSD4,-7.1070347,-0.13590598,1.1856256331228506e-12,2.371251266245701e-11,True
ENSG00000249881,-7.1164317,-0.17994091,1.1075697283897396e-12,2.2375146028075548e-11,True
ENSG00000233290,-7.199224,-0.20030588,6.055626690328893e-13,1.2485828227482254e-11,True
ANKRD24,-7.218646,-0.24782796,5.250769045395383e-13,1.0939102177907046e-11,True
ZNF91,-7.239844,-0.1495206,4.492014841977942e-13,9.456873351532509e-12,True
PDZD2,-7.2464333,-0.18515168,4.2789043517528326e-13,9.10405181224007e-12,True
LINC02296,-7.488967,-0.3320177,6.941790121855693e-14,1.559952836372066e-12,True
SOX2-OT,-7.5104475,-0.26691005,5.892553799974623e-14,1.3392167727215053e-12,True
AP2A2,-7.7018065,-0.19032784,1.3415578410730749e-14,3.1199019559838953e-13,True
ENSG00000278766,-7.9841833,-0.22411698,1.4145594174509304e-15,3.328375099884542e-14,True
MIR325HG,-7.999619,-0.5746114,1.2480487123029525e-15,2.9715445531022676e-14,True
FOXP2,-8.80278,-0.25889635,1.3346735004953428e-18,3.51229868551406e-17,True
ZMAT1,-8.8356085,-0.4414008,9.955510433908694e-19,2.6548027823756517e-17,True
DDX46,-8.961075,-0.27702466,3.215297525218818e-19,8.931382014496718e-18,True
SCHLAP1,-8.979691,-0.30939353,2.7152935634882355e-19,7.648714263347142e-18,True
IL1RAPL2,-9.486036,-0.34930053,2.39986395313224e-21,7.38419677886843e-20,True
CPNE4,-10.230537,-0.23461293,1.447136955982107e-24,4.990127434421058e-23,True
SON,-10.333996,-0.27068728,4.945660437326949e-25,1.766307299045339e-23,True
SLC22A25,-10.453305,-0.47943395,1.41505476579339e-25,5.240943577012556e-24,True
DNAH14,-10.481154,-0.39129427,1.0544829119778364e-25,3.979180799916364e-24,True
HS3ST4,-10.999662,-0.36234337,3.83565476837357e-28,1.504178340538655e-26,True
MIR646HG,-11.119561,-0.59970766,1.0076633771150661e-28,4.1129117433268005e-27,True
PCDH11Y,-11.236437,-0.67050827,2.700642982123439e-29,1.1492097796269952e-27,True
ENSG00000250137,-11.932557,-1.138279,8.007527295188581e-33,3.7244313000877126e-31,True
BDP1,-11.9405365,-0.2600565,7.275264506958522e-33,3.4644116699802482e-31,True
LINC00342,-12.306367,-0.28898165,8.370679837689588e-35,4.0832584574095546e-33,True
GPC6,-12.585994,-0.39592418,2.521494575497357e-36,1.293074141280696e-34,True
RTF1,-12.58851,-0.2774346,2.4424099912304883e-36,1.2854789427528886e-34,True
DPH6,-12.752349,-0.62464,3.024906862977784e-37,1.6805038127654357e-35,True
CFAP46,-12.796524,-0.51262736,1.71456497396634e-37,9.797514136950512e-36,True
HS3ST2,-14.66819,-0.72734725,1.0305767011059004e-48,7.927513085430004e-47,True
DYNC2I1,-15.262769,-0.33305854,1.353792910424704e-52,1.1281607586872532e-50,True
ZNF804B,-15.294951,-0.46075958,8.262211586772516e-53,7.184531814584796e-51,True
MCHR2,-15.338645,-0.54340386,4.219096538106776e-53,4.01818717914931e-51,True
CCDC144BP,-16.360428,-0.5972119,3.6653877158970677e-60,4.312220842231844e-58,True
ENSG00000285939,-18.57188,-0.63674957,5.426781741658294e-77,7.752545345226134e-75,True
ENSG00000229618,-20.358189,-0.5359813,3.928462248632475e-92,7.856924497264949e-90,True
ENSG00000288075,-21.832033,-0.68890834,1.1518127075100087e-105,3.290893450028596e-103,True
