gene,score,logfc,pval,pval_adj,is_de
SNTG1,26.707546,0.28416392,3.846748676542297e-157,7.693497353084594e-154,True
HSP90AA1,21.579449,0.5721981,2.801923435222558e-103,2.8019234352225576e-100,True
ERBB4,20.326557,0.17013964,7.487643493129158e-92,4.9917623287527714e-89,True
LUC7L3,19.943485,0.35283738,1.707468400566502e-88,8.537342002832509e-86,True
ENSG00000274422,18.542784,0.9888332,9.326740078405216e-77,3.108913359468405e-74,True
ENSG00000224905,17.869287,0.7458572,2.0459123565137915e-71,5.84546387575369e-69,True
RBM25,17.434515,0.50209945,4.5137455641907486e-68,1.1284363910476872e-65,True
ANKRD12,15.9753475,0.4475533,1.8979233663487564e-57,3.1632056105812606e-55,True
CENPC,15.772305,0.71357906,4.825625722480728e-56,7.424039573047274e-54,True
ADAM7-AS1,15.248389,1.0447812,1.6874485587941854e-52,2.410640798277408e-50,True
PCAT1,15.182053,1.1592486,4.649969227517135e-52,6.199958970022847e-50,True
ENSG00000230021,14.422827,0.5416309,3.7179860447426033e-47,4.647482555928254e-45,True
DPP10,13.755086,0.27049708,4.747134946406992e-43,5.274594384896658e-41,True
ENSG00000224363,13.383307,0.53296036,7.570208918073956e-41,7.570208918073956e-39,True
IL2RA,13.374162,1.1474015,8.561296365577588e-41,8.153615586264369e-39,True
ENSG00000280441,13.047758,0.5994368,6.544470621891322e-39,5.690844019035932e-37,True
SRRM2,12.678027,0.63043845,7.827764681085336e-37,6.523137234237779e-35,True
TSNAXIP1,12.396834,1.9331899,2.7185285796646676e-35,2.0911758305112828e-33,True
SREK1,11.881671,0.61310506,1.473914604291229e-32,1.0164928305456752e-30,True
PRRC2C,11.525751,0.32917583,9.785501376641174e-31,6.52366758442745e-29,True
SPARCL1,11.47015,0.25811455,1.8633577804488583e-30,1.2021663099670053e-28,True
NEAT1,11.325087,0.4790997,9.85817587731281e-30,5.974652046856248e-28,True
EPHA1-AS1,11.301258,1.1443356,1.2935194912040374e-29,7.608938183553161e-28,True
MAP2K6,11.138216,1.0594218,8.174044928912835e-29,4.67088281652162e-27,True
C5orf67,11.111701,1.8812528,1.100426454410694e-28,6.113480302281633e-27,True
SATB1-AS1,10.622217,0.50120735,2.3491413916906363e-26,1.2046878931746852e-24,True
ENSG00000223720,10.413499,2.0411386,2.1516540355550607e-25,1.0758270177775303e-23,True
LINC01322,10.363691,0.39509633,3.626895650667397e-25,1.7692173905694618e-23,True
POT1-AS1,10.224948,0.46478498,1.533110123420614e-24,7.300524397241018e-23,True
ENSG00000258410,10.155185,0.6863101,3.1421429690125298e-24,1.4614618460523396e-22,True
ENSG00000225689,10.000962,0.3151242,1.5092315626285568e-23,6.860143466493441e-22,True
ASPM,8.88723,0.777035,6.265133265896107e-19,2.5571972513861658e-17,True
NRXN1-DT,8.622182,1.1107713,6.569013226771443e-18,2.4788729157628087e-16,True
HS6ST3,8.590473,0.18653338,8.661161578240228e-18,3.207837621570455e-16,True
CCDC144CP,8.575656,0.49301827,9.852401404881382e-18,3.582691419956866e-16,True
ROBO2,8.362851,0.061422046,6.1220197234444e-17,2.1480770959454038e-15,False
ENSG00000286780,8.288145,1.649703,1.1502781768909853e-16,3.899248057257577e-15,True
SGCZ,7.9535847,0.119287975,1.811905876464507e-15,6.03968625488169e-14,True
ENSG00000253300,7.7014966,1.340891,1.3448194509266324e-14,3.9553513262548005e-13,True
PROCA1,7.6633267,2.0004785,1.811778072115004e-14,5.251530643811606e-13,True
ENSG00000286215,7.6503463,0.33269003,2.004388017215095e-14,5.726822906328842e-13,True
ENSG00000253363,7.547631,1.7302599,4.432478267407318e-14,1.2143776075088543e-12,True
LINC02284,7.5062604,1.4818624,6.084031158962867e-14,1.6443327456656397e-12,True
LINC02798,7.4071465,0.42827666,1.2904582254370298e-13,3.441221934498746e-12,True
FAM13A,7.3517113,0.56258816,1.956853488450174e-13,5.0827363336368154e-12,True
LINC00499,7.251805,1.4058176,4.1125358445506566e-13,1.0030575230611357e-11,True
ITPRID1,7.2138734,1.4518294,5.438224024835502e-13,1.3104154276712052e-11,True
RALYL,6.959906,0.23853792,3.404991298734609e-12,7.651665839853055e-11,True
NCAM2,6.8223853,0.17731516,8.954123043081057e-12,1.9898051206846794e-10,True
PRKG1,6.7581215,0.20019788,1.3979232386179618e-11,3.0723587661933224e-10,True
PGAM1P5,6.6176796,1.1858068,3.6488118018641614e-11,7.932199569269917e-10,True
IFT172,6.4896164,0.47126657,8.60550957190938e-11,1.8309594833849745e-09,True
LAMA3,6.1105027,0.6781277,9.931768716473837e-10,1.9474056306811448e-08,True
CEP290,6.0855455,0.26658866,1.1609525264103589e-09,2.2542767503113765e-08,True
PARD3B,5.970271,0.5906823,2.3685956311275783e-09,4.4272815535094925e-08,True
ENO2,5.9295197,0.30213574,3.03822091495916e-09,5.626335027702148e-08,True
NECAB1,5.911853,0.49654964,3.3828099500724517e-09,6.206990734077894e-08,True
ENSG00000237445,5.7791915,1.7721494,7.506036728043909e-09,1.3053976918337232e-07,True
LINC01877,5.689247,0.97279054,1.2760084134482114e-08,2.162726124488494e-07,True
KIAA1217,5.6824107,0.06522966,1.3280933172997948e-08,2.2320896089072183e-07,False
MGAT4C,5.6649313,0.09757373,1.4708357171506387e-08,2.451392861917731e-07,False
FABP12,5.582729,1.3327575,2.367737390688592e-08,3.8815367060468726e-07,True
NPTX1,5.493706,0.73648345,3.9358551527610365e-08,6.247389131366724e-07,True
ENSG00000287069,5.371009,1.4225366,7.829731826521149e-08,1.2045741271570998e-06,True
LINC01320,5.3487043,0.87486327,8.858609493885306e-08,1.3422135596795917e-06,True
PDLIM2,5.3283734,2.162405,9.909626839539052e-08,1.4901694495547445e-06,True
LINC01846,5.2504334,1.5585314,1.5174164833615503e-07,2.2480244197948893e-06,True
ENSG00000253553,5.165574,0.27098268,2.397019529069195e-07,3.499298582582766e-06,True
KCNIP4,5.1390815,0.07827977,2.7608453006044415e-07,4.00122507333977e-06,False
BOD1L1,5.1031604,0.2541312,3.3402754939575527e-07,4.806151789866982e-06,True
TULP2,4.9721136,1.5558294,6.622685445315814e-07,9.327725979318049e-06,True
ACVR1C,4.879789,1.0997332,1.061995217539553e-06,1.4448914524347662e-05,True
NEFL,4.788868,0.55130625,1.677249520624621e-06,2.25134163842231e-05,True
PLXDC2,4.7783256,0.5272235,1.76761145732544e-06,2.3568152764339202e-05,True
GCM1,4.765091,1.288919,1.8876848300978122e-06,2.5002448080765724e-05,True
MAD2L1-DT,4.7445073,0.56139725,2.0901422608206607e-06,2.750187185290343e-05,True
ENSG00000253673,4.6217966,2.6659374,3.8043120114853403e-06,4.908789692239149e-05,True
NEFM,4.611904,0.7797415,3.9899661914246335e-06,5.115341271057222e-05,True
PALMD,4.579586,1.459839,4.65897531319914e-06,5.897437105315367e-05,True
LINC02377,4.573809,1.0519848,4.789364176763387e-06,6.024357455048285e-05,True
ENSG00000287912,4.5522738,0.4433147,5.3069186238485265e-06,6.633648279810658e-05,True
MIR2052HG,4.529917,0.44757187,5.900693754215284e-06,7.330054353062464e-05,True
PPIG,4.4365067,0.24191454,9.14303938295618e-06,0.00011150048027995341,True
FAM242A,4.4047685,0.5143792,1.0589686858875833e-05,0.00012835984071364644,True
CLU,4.3454547,0.23984905,1.3898759659685744e-05,0.00016448236283651767,True
ENSG00000258312,4.31072,1.2677884,1.627239043356513e-05,0.0001914398874537074,True
RIF1,4.30865,0.30496976,1.6425405447304497e-05,0.00019211000523163154,True
ENSG00000285579,4.2979913,0.5221439,1.7235308068530484e-05,0.000200410558936401,True
COL5A2,4.2934947,0.7633258,1.758825876235106e-05,0.00020320746720630753,True
NEFH,4.2923517,0.5504986,1.7679049646948754e-05,0.00020320746720630753,True
LINC00992,4.287926,1.0099471,1.8034886410406464e-05,0.00020611298754750245,True
LINC01965,4.1238337,1.5197837,3.726179539783934e-05,0.00041173254583247893,True
PKHD1,4.086655,1.0987843,4.376370598584334e-05,0.0004809198459982785,True
ENSG00000247679,4.0837054,0.46288264,4.432323686311531e-05,0.0004844069602526264,True
SYCP2,4.045952,0.32745543,5.211096684666588e-05,0.0005664235526811509,True
CCDC34,3.917902,0.68024117,8.932299174154008e-05,0.0009304478306410425,True
CWF19L2,3.9076042,0.32527268,9.321585245047717e-05,0.0009659673829064991,True
ENSG00000286340,3.894361,0.63060147,9.845794988486984e-05,0.001009825127024306,True
ENSG00000232035,3.8445911,2.1210096,0.00012075364248257865,0.0012197337624502893,True
ZNF732,3.777523,0.7400735,0.00015839581013423035,0.0015529000993551995,True
NEUROD2,3.7747662,1.7066607,0.00016015783390889202,0.0015570143072817558,True
ENSG00000287122,3.7671673,0.69919705,0.0001651102811102204,0.0015837769876440656,True
CA8,3.7665715,0.43981454,0.00016550469520880485,0.0015837769876440656,True
ITGA8,3.6789901,0.42900053,0.00023415923499160883,0.0022195188150863398,True
CCDC178,3.6739776,0.9430921,0.00023880369965258996,0.0022528650910621697,True
RGS6,3.563657,0.18604198,0.00036572369168491245,0.003324760833499204,True
ENSG00000287231,3.5610158,1.1184337,0.00036942287567691146,0.003343193445039923,True
ENSG00000214719,3.5023415,0.59067124,0.00046118824551987626,0.004117752192141752,True
ZC3H13,3.470937,0.19416435,0.0005186457807994803,0.004610184718217602,True
CRISPLD2,3.4227612,1.4679006,0.0006198853093735141,0.005437590433101001,True
MEIS2,3.3928053,0.9840721,0.0006918081092028817,0.00601572268872071,True
ENSG00000226197,3.376564,0.96089697,0.0007339728340184849,0.006354743151675194,True
CFAP47,3.3397157,1.1540998,0.0008386417830932848,0.007198641914963817,True
TINAG,3.3191543,1.393971,0.0009029054768454168,0.007717140827738605,True
PRPF38B,3.315245,0.42356417,0.0009156287652527017,0.007792585236193207,True
TOX,3.310085,0.22705802,0.0009326764449140658,0.007873447705943455,True
ENSG00000285082,3.3099868,1.6803159,0.0009330035531542993,0.007873447705943455,True
HAS2-AS1,3.2791784,1.4728397,0.0010410983920155351,0.008712120435276445,True
ANKRD18B,3.23761,0.55251735,0.0012053544261012294,0.010044620217510247,True
OLFM3,3.1870208,0.24368306,0.0014374645070659596,0.011734404139313957,True
CCDC33,3.1606271,2.1874316,0.0015742984542638028,0.01269595527632099,True
MAP1A,3.1519673,0.20176117,0.0016217447290078754,0.012973957832063003,True
PCDH15,3.1382122,0.14545837,0.0016998175865782883,0.013490615766494352,True
GLCCI1,3.0941367,0.20063789,0.0019738646810945797,0.015360814638868323,True
ENSG00000228566,3.0713634,0.41667065,0.002130836661759423,0.01645433715644342,True
NDST3,3.066553,0.18707752,0.002165423146432762,0.01665710112640586,True
UNC13C,3.0292237,0.15212221,0.002451830248847869,0.018787971255539226,True
ENSG00000285955,2.981933,0.57391465,0.002864346668797011,0.021699595975734932,True
CSPP1,2.9215744,0.25474542,0.0034826717849651937,0.02579756877751995,True
ENSG00000271945,2.893414,0.7505653,0.003810785701055842,0.028020483095998836,True
ANKRD20A5P,2.8617213,0.29628742,0.004213472785380233,0.03075527580569513,True
DTL,2.8557403,1.4218279,0.004293662350763966,0.031226635278283385,True
EGFEM1P,2.8511684,0.20151724,0.004355889357470001,0.031560466884929986,True
LINC02109,2.850058,0.9041452,0.004371124663562803,0.031560466884929986,True
LINC01229,2.8440323,0.94896334,0.004454652147946388,0.03204785717947041,True
ANKRD20A7P,2.8193495,0.37321773,0.004812110269935043,0.03449541412139815,True
MYO1H,2.7786646,1.5952679,0.005458286363916404,0.03898775974226002,True
ITGA2-AS1,2.7319925,1.3131905,0.0062952576233915635,0.04448945316884498,True
SNHG25,2.711155,0.23832124,0.006704929339160101,0.04705213571340422,True
APOOL,2.6915889,0.513153,0.00711125429627905,0.049383710390826736,True
ENSG00000257894,2.676133,0.32469603,0.007447710227841561,0.051363518812700425,True
CDRT15P6,2.6633332,0.5331438,0.007737077928358905,0.05303731657429681,True
BICC1,2.5859988,0.32339403,0.00970972502590037,0.06516593977114342,True
WAKMAR2,2.5570638,1.0951279,0.010555981906446377,0.07027506171799455,True
LINC02814,2.5563917,1.3710607,0.01057639678855818,0.07027506171799455,True
LINC01470,2.55474,0.44265422,0.010626718231116428,0.07037561742461211,True
SUSD4,2.5469432,0.16125028,0.010867115567941276,0.07173013576198863,True
ME2,2.4796228,0.29289588,0.01315214495525402,0.08540353867048064,True
ENSG00000245768,2.4625394,0.24209282,0.013795700994966574,0.0892925630742173,True
NUP155,2.4485662,0.5759278,0.014342607349761064,0.09223541704026408,True
SLCO1B1,2.430468,1.7639426,0.015079335525691542,0.09666240721597143,True
SLC14A2,2.4153478,0.61090344,0.01572019503662272,0.09981076213728712,True
ANKRD18CP,2.403936,0.28261462,0.016219611585017005,0.10265576952542409,True
LINC01440,2.3892074,1.3055072,0.016884767526097196,0.10619350645344149,True
TEX11,2.334422,0.9531248,0.019573624487363276,0.12195404665023847,True
PPP1CB-DT,2.2873645,1.6605614,0.022174551301816885,0.13645877724195005,True
PRELID2,2.247217,0.15827206,0.024626169163566976,0.15013723653241637,True
NHSL1,2.2461004,1.310666,0.024697575409582496,0.15013723653241637,True
CSTF3-DT,2.230024,1.2632618,0.02574584925079328,0.15556404381143976,True
A2M,2.1974313,0.422308,0.027989663522823095,0.16810608722416273,True
ENSG00000249001,2.195519,1.0453434,0.02812638585709828,0.16842147219819328,True
LRRIQ4,2.1711411,0.9001583,0.029920510733927642,0.17704444221258958,True
GPC5,2.136354,0.2654197,0.032650576262690495,0.19149898101284746,True
ENSG00000243276,2.1287105,0.5048576,0.03327821926189948,0.19312717609628693,True
EPIC1,2.095883,0.57030773,0.03609258342740606,0.2080264174490263,True
CRYBG2,2.0848882,1.082519,0.037079439355463754,0.21248962381354589,True
ENSG00000244278,2.0822926,1.5566863,0.0373157511756416,0.21323286386080914,True
SGSM3,2.0715294,0.6461198,0.03830934873725427,0.21747039924980247,True
ABI3BP,2.0707355,0.32509604,0.038383525467590135,0.21747039924980247,True
DHRS7B,2.0653005,0.31422177,0.03889458594833279,0.21958188139421772,True
ENSG00000227240,2.0564125,0.38432658,0.039742765486227606,0.22264854614133114,True
RASGRP2,2.0152352,0.49452478,0.04388001348318569,0.24445689962777542,True
ENSG00000268163,2.0081632,0.30326766,0.04462596025882621,0.24705262051952614,True
CLK1,1.9861653,0.28133354,0.047014975478485994,0.2573539425932938,True
SH2D4A,1.9859077,0.49110892,0.04704358144335209,0.2573539425932938,True
LINC01572,1.9829175,0.42650747,0.04737663862865513,0.25818331677741213,True
ENSG00000237480,1.9796348,1.2435666,0.047744579930928205,0.25877821100774095,True
LINC00613,1.9503809,2.4076762,0.051130740957853596,0.27489645676265373,False
CARD14,1.9344342,2.0784786,0.05305977341181237,0.2837421038064833,False
ENSG00000259925,1.9227201,1.6862614,0.054515209463451786,0.2907477838050762,False
DPYD,1.9197055,0.35918254,0.054895108039338975,0.2917805405645833,False
PRAMEF6,1.9188713,1.2392182,0.05500063189642396,0.2917805405645833,False
ENSG00000225096,1.9141759,0.19953713,0.05559769521715065,0.2941676995616436,False
ENSG00000266302,1.8994569,0.26868892,0.057504437530555785,0.3026549343713462,False
ENSG00000237735,1.8959882,1.0641325,0.05796159406373607,0.30404553787347494,False
LINC02067,1.8951488,0.91915673,0.058072697733833716,0.30404553787347494,False
ITSN2,1.8842305,0.16838922,0.05953381078477322,0.3108815184583458,False
SPAG11A,1.8815918,1.2064686,0.05989146155198435,0.3119346955832518,False
SGO1-AS1,1.8762707,0.25759342,0.060618123155533124,0.314684298274387,False
ENSG00000285939,1.8745741,0.45134258,0.06085134285250369,0.314684298274387,False
CADPS2,1.8742831,0.44658533,0.060891411716093885,0.314684298274387,False
PRP4K,1.8555163,0.17974094,0.06352252837042292,0.32659397619754715,False
ENSG00000253100,1.8365655,1.43089,0.06627406190581105,0.3398669841323643,False
FAAH2,1.8334808,0.21043572,0.06673110061142126,0.3413355529995972,False
ENSG00000253496,1.8295338,0.8326875,0.06731968428403592,0.3434677769593669,False
ENSG00000285638,1.8224626,0.671933,0.06838482360250409,0.34801436947839226,False
ENSG00000256969,1.8197854,1.4656837,0.06879169417857421,0.3491964171501229,False
UPF3B,1.7940964,0.31927976,0.07279778407904643,0.3658180104474695,False
SNTG2,1.7892003,0.4951873,0.07358256448078311,0.36883490967811083,False
KLHL1,1.780408,0.48416087,0.07500921537279318,0.37411079986430507,False
ENSG00000285669,1.7548767,0.6154734,0.07928039346039237,0.392477195348477,False
ENSG00000251339,1.7379389,1.466268,0.08222158589883498,0.40503244285140383,False
THSD7A,1.7321165,0.08451449,0.08325282634538894,0.40910479776603903,False
GRHL3,1.7250129,1.4988778,0.08452515227311774,0.41433898173096934,False
UHRF1,1.6966318,1.3854444,0.08976629870524364,0.4385430633570796,False
LINC01010,1.6959184,1.6008275,0.08990132798820132,0.4385430633570796,False
LINC02463,1.6817867,1.4496168,0.09261022826842831,0.45032226974392675,False
PIP4K2C,1.6793933,0.45241517,0.0930754146413345,0.4507284002001671,False
ENSG00000250049,1.6699209,0.40126285,0.0949349998600573,0.4586231877297454,False
MEPE,1.650992,0.39167276,0.09874019584373599,0.4747124800179615,False
SLTM,1.6494962,0.444766,0.09904603090842856,0.47504091562795475,False
ENSG00000287292,1.6229335,0.16403355,0.10460363125543438,0.49621015099894616,False
KDM1B,1.6155801,0.48526308,0.10618513001625675,0.502057352322727,False
ENSG00000227303,1.6062769,1.2195506,0.10821308648765947,0.5082803443612515,False
ZRSR2,1.6060464,0.33802733,0.10826371334894655,0.5082803443612515,False
TCOF1,1.5827585,0.52266836,0.11347649880952813,0.5304283681441168,False
LINC02884,1.5826044,1.6160597,0.11351167078284098,0.5304283681441168,False
LINC01517,1.5726562,0.5018224,0.11579845679477925,0.537347827353964,False
ENSG00000272154,1.5696819,0.49389982,0.11648914246675475,0.539301585494235,False
ENSG00000253693,1.5658154,0.43337536,0.11739182618066411,0.5420910979789165,False
AGMO,1.5647831,0.78072256,0.1176337682614249,0.5420910979789165,False
LINC01106,1.5616012,0.5162674,0.11838197926123482,0.5442849621206198,False
ENSG00000287862,1.5530673,0.32101145,0.12040704257940943,0.5523258833917863,False
EBF2,1.5369366,2.310369,0.12430883632117266,0.5663272725338162,False
FAM50A,1.5250674,0.3509077,0.12724227045618403,0.5770624510484537,False
SYNJ2,1.519926,0.42882666,0.1285295776783595,0.5815817994495905,False
RAB33B-AS1,1.5041966,0.28976613,0.13253075587670843,0.59698538683202,False
ENSG00000243797,1.4784611,1.2350985,0.13928438728362316,0.6204204333346243,False
ENSG00000229618,1.4729674,0.30355218,0.1407598297230556,0.6254158072008558,False
CYP24A1,1.4718246,1.1697844,0.14106823744148742,0.6254158072008558,False
ENSG00000286221,1.4708046,0.4809624,0.1413439724273934,0.6254158072008558,False
LINC00536,1.4663984,1.0302355,0.1425397946059012,0.6292877755798292,False
ENSG00000287092,1.4609966,0.34843448,0.1440163737561256,0.6330390055214312,False
CA3,1.440082,0.39406875,0.14984422745094214,0.6572115239076409,False
CLNK,1.4366204,1.514558,0.15082589260690638,0.660069551890181,False
ANKRD26P3,1.432832,0.5281769,0.1519058661368732,0.662175179664788,False
ENSG00000263369,1.4259229,1.7154127,0.15389059719686762,0.6676381657130916,False
PRICKLE2-AS1,1.4147154,1.1802894,0.15715195421208472,0.6759223837078913,False
ENSG00000250954,1.396293,1.9312502,0.16262627453666267,0.6964722678229665,False
LINC03000,1.3940926,0.33326432,0.16328966316247429,0.6978190733439071,False
SERPINB11,1.3920937,1.9602019,0.16389405401880663,0.6989085459224164,False
RFC3,1.3675333,0.32529435,0.17145819379917804,0.7296093353156513,False
LINC02240,1.3475686,0.8508569,0.17779717655593796,0.7549773951419871,False
ST6GALNAC5,1.3413239,0.061796255,0.1798153431214614,0.7617072511532895,False
TRPM3,1.3341817,0.13976972,0.18214433219380577,0.7669235039739191,False
LINC02795,1.3327743,0.30888322,0.18260589868197674,0.7672516751343561,False
LARP7,1.323627,0.4062639,0.1856269444865125,0.7783100397757339,False
LINC02647,1.3165997,1.5733676,0.1879728500693938,0.7854469722888852,False
PTPRT,1.3161772,0.046374228,0.18811454986318799,0.7854469722888852,False
CHAT,1.3140916,1.8480687,0.1888153848685884,0.786730770285785,False
ENSG00000287870,1.2975928,1.0506191,0.19442731095290322,0.8021759215077138,False
ENSG00000251199,1.2973009,1.0908805,0.19452766096562057,0.8021759215077138,False
SYT10,1.2952521,0.45805103,0.19523329077655738,0.803429180150442,False
SDK1,1.2862284,0.016069805,0.19836336135157773,0.8133543705890678,False
DIAPH2,1.2859559,0.20763291,0.19845846642373255,0.8133543705890678,False
CCDC18,1.283687,0.3935094,0.19925148760096023,0.8149345096153793,False
ENSG00000287744,1.2649579,0.4359205,0.20588641531197405,0.8369366476096506,False
NIHCOLE,1.2612344,0.86513317,0.20722442601510183,0.8406670426576139,False
CASZ1,1.2552139,1.2584245,0.20940111930192518,0.8448596043686024,False
LINC00971,1.2353289,0.8945944,0.2167081199486054,0.870313734733355,False
TTC29,1.2316675,0.67530775,0.21807329120271302,0.874041247305463,False
DCC,1.2243493,0.07767941,0.22082050153138044,0.8832820061255218,False
DUXAP10,1.2080905,1.219883,0.22701243396600246,0.9044320078326791,False
MTMR8,1.1913261,0.36467594,0.2335255546754763,0.9285310325068641,False
MAP9,1.1900494,0.37881643,0.23402698868525773,0.9286785265288006,False
ENSG00000287635,1.186189,1.1565447,0.2355476308673583,0.9328619044251814,False
SMC2,1.176963,0.32457715,0.23921027260037664,0.9406498685576528,False
LINC00871,1.17619,0.6588623,0.23951892995089752,0.9406498685576528,False
RMST,1.175999,0.7795497,0.23959526267540265,0.9406498685576528,False
ENSG00000285417,1.1753225,1.4007849,0.23986571648220145,0.9406498685576528,False
IL11RA,1.1726567,1.0694398,0.24093351108665206,0.941454183908718,False
ENSG00000253659,1.1724604,2.0449584,0.24101227108063183,0.941454183908718,False
LINC01632,1.1513398,0.29330623,0.2495924935271916,0.9683056318219565,False
LINC02490,1.1507797,2.2937257,0.2498228530100648,0.9683056318219565,False
ENSG00000243620,1.1472367,1.0090773,0.2512837973896016,0.972084322590335,False
LINC01194,1.1457828,1.2918261,0.2518850011003744,0.9725289617775073,False
POU6F2,1.1186725,0.2096906,0.2632798945228313,0.9999993007829886,False
LINC00326,1.1124434,1.1066843,0.26594752975056346,0.9999993007829886,False
LINC00698,1.1118703,0.9704346,0.2661939077041784,0.9999993007829886,False
MRPL1,1.1105138,0.292343,0.2667777033901767,0.9999993007829886,False
ENSG00000197462,1.1057798,1.7904466,0.2688218506510037,0.9999993007829886,False
LINC00485,1.0974318,1.5156018,0.2724526896657874,0.9999993007829886,False
PDZD4,1.0860779,0.31189808,0.27744451467852205,0.9999993007829886,False
IQCA1,1.075696,0.2927951,0.28206325962834833,0.9999993007829886,False
ATP8A2P3,1.0634246,1.7303622,0.2875894506315715,0.9999993007829886,False
PTPRK,1.0507588,0.23917823,0.29336935543934495,0.9999993007829886,False
LINC01934,1.0493891,1.1223583,0.29399905354679234,0.9999993007829886,False
CCDC186,1.04681,0.16559006,0.29518718156603385,0.9999993007829886,False
ENSG00000248373,1.041305,0.79660517,0.29773405463694524,0.9999993007829886,False
SINHCAFP3,1.0305356,1.6577773,0.302758652345659,0.9999993007829886,False
ENSG00000257703,1.0195569,1.59321,0.3079386904031093,0.9999993007829886,False
GULP1,1.0143751,0.21165927,0.31040383232111957,0.9999993007829886,False
ENSG00000258654,1.0081425,1.6017512,0.31338605013062093,0.9999993007829886,False
ENSG00000261261,1.0004194,1.0141131,0.31710761300777524,0.9999993007829886,False
ENSG00000254394,0.99989176,0.6693806,0.31736287941731045,0.9999993007829886,False
MICB,0.9989085,1.620437,0.31783900117730646,0.9999993007829886,False
ENSG00000240086,0.9950544,0.14912757,0.3197098079007894,0.9999993007829886,False
WDTC1-DT,0.9863646,1.9601133,0.3239542176443544,0.9999993007829886,False
LINC01609,0.9778414,1.3247634,0.3281527932969246,0.9999993007829886,False
ZBED4,0.97067815,0.2107828,0.33170856854113717,0.9999993007829886,False
LDB2,0.9683138,0.11029561,0.3328876732004781,0.9999993007829886,False
LYPD4,0.9655437,1.905129,0.33427256038816044,0.9999993007829886,False
ENSG00000286749,0.9589764,0.36125284,0.3375706263815391,0.9999993007829886,False
ENSG00000277128,0.94317514,1.1483977,0.3455913192096449,0.9999993007829886,False
PSMA4,0.9408327,0.3100577,0.34679059945999324,0.9999993007829886,False
ENSG00000223393,0.93423563,0.3583759,0.35018236265779545,0.9999993007829886,False
FAM133A,0.9322612,0.36114597,0.35120153635607365,0.9999993007829886,False
LINC03099,0.9219038,1.7681224,0.35657876253371745,0.9999993007829886,False
LINC01284,0.9211966,0.3282993,0.35694780147368455,0.9999993007829886,False
ENSG00000285201,0.92071897,1.9323926,0.3571971645694628,0.9999993007829886,False
NKAIN2,0.91537946,0.031498663,0.35999246357543946,0.9999993007829886,False
ENSG00000250791,0.8993582,1.6504309,0.3684618820618073,0.9999993007829886,False
PDGFD,0.8961184,0.23819445,0.37018952916839043,0.9999993007829886,False
ZNF503-AS1,0.8905475,1.2851713,0.373171964797809,0.9999993007829886,False
MAFG,0.8776443,0.40192997,0.3801367751801866,0.9999993007829886,False
MTCO2P22,0.86554205,3.3542655,0.38674133326370774,0.9999993007829886,False
RFTN1P1,0.85627216,1.1337216,0.3918472539558552,0.9999993007829886,False
DOCK8,0.839606,1.111602,0.4011293574966137,0.9999993007829886,False
MRFAP1L1,0.8389259,0.3781664,0.4015108818678541,0.9999993007829886,False
ABCA13,0.81346124,0.787039,0.41595364116311684,0.9999993007829886,False
PGM5P4-AS1,0.81139314,1.7753046,0.4171399521257181,0.9999993007829886,False
LENG9,0.8031766,0.76423955,0.42187268931548705,0.9999993007829886,False
ENSG00000260058,0.80212843,1.4090174,0.4224786519132909,0.9999993007829886,False
LUZP2,0.80155444,0.06366477,0.42281072870429337,0.9999993007829886,False
ENSG00000288071,0.7908526,1.4763123,0.4290300026186017,0.9999993007829886,False
ENSG00000233290,0.77408564,0.37489632,0.4388801553666829,0.9999993007829886,False
CNTN2,0.7629614,0.3168431,0.4454864241487386,0.9999993007829886,False
BAZ1B,0.76295966,0.18741722,0.44548746944326056,0.9999993007829886,False
GADL1,0.75669557,1.3256158,0.449232271611093,0.9999993007829886,False
ENSG00000269749,0.7540525,0.30319706,0.4508176803030315,0.9999993007829886,False
DSCAM,0.7423061,0.008247191,0.4579019045521461,0.9999993007829886,False
SEMA6D,0.7323535,0.06786393,0.4639528266259174,0.9999993007829886,False
ENSG00000263620,0.72655654,1.325275,0.46749766548789673,0.9999993007829886,False
ZFAND2B,0.72629714,0.30352953,0.4676566357821924,0.9999993007829886,False
SMC3,0.72245526,0.24758922,0.47001461901783737,0.9999993007829886,False
INTS4P1,0.72225636,0.2865555,0.47013689210217857,0.9999993007829886,False
LINC02055,0.7031697,0.37687126,0.4819500100693036,0.9999993007829886,False
SAXO2,0.6990982,0.23869045,0.4844906544727836,0.9999993007829886,False
FYB1,0.6914189,0.75274426,0.48930235567074387,0.9999993007829886,False
EOMES,0.67982227,1.8517995,0.4966170031038889,0.9999993007829886,False
LPAR4,0.6797408,1.86943,0.49666861508870674,0.9999993007829886,False
THAP3P1,0.6796864,1.3365748,0.4967030246671006,0.9999993007829886,False
ENSG00000286225,0.67961806,1.3994452,0.4967463159416514,0.9999993007829886,False
PSMD3,0.67545986,0.30373716,0.4993836468563201,0.9999993007829886,False
CPSF1,0.67526793,0.26949707,0.499505549095584,0.9999993007829886,False
FAM178B,0.6717924,0.9940302,0.501715879904399,0.9999993007829886,False
ENSG00000249392,0.6697961,1.5133333,0.502987791800187,0.9999993007829886,False
LINC02336,0.6610502,1.0777184,0.5085801060717481,0.9999993007829886,False
LNC-LBCS,0.6499917,0.42410687,0.5156975788542255,0.9999993007829886,False
MYO7B,0.6477106,0.8838652,0.5171721489204413,0.9999993007829886,False
ENSG00000255094,0.6465556,1.9727904,0.5179196127679271,0.9999993007829886,False
ENSG00000235939,0.64648896,0.28038025,0.5179627309033664,0.9999993007829886,False
HPSE2,0.64210993,0.17714447,0.5208018171315127,0.9999993007829886,False
LINC01924,0.6390489,0.927123,0.5227911426218851,0.9999993007829886,False
GRID2,0.63085425,0.0071769073,0.5281358444708368,0.9999993007829886,False
ENSG00000267666,0.62775815,1.1572497,0.5301624046697153,0.9999993007829886,False
ENSG00000238282,0.6274637,0.98692787,0.5303553427508672,0.9999993007829886,False
ENSG00000237760,0.6246296,1.3601856,0.5322141931657707,0.9999993007829886,False
SEMA3E,0.6236455,0.48233312,0.5328604461076943,0.9999993007829886,False
CHD3,0.6227218,0.23848563,0.5334673525584325,0.9999993007829886,False
THEMIS,0.6181561,0.83868253,0.5364724589033114,0.9999993007829886,False
LASTR,0.61389184,1.3922217,0.5392868189455148,0.9999993007829886,False
LINC02558,0.60575324,1.1025777,0.544678611772558,0.9999993007829886,False
ITSN1,0.60507673,0.26773423,0.5451280177929505,0.9999993007829886,False
POU2AF1,0.60320485,1.6653899,0.546372410533537,0.9999993007829886,False
MIR17HG,0.5706848,1.5234087,0.5682133113095309,0.9999993007829886,False
PAX3,0.5698742,1.3867044,0.568763020961216,0.9999993007829886,False
IFI44L,0.5698646,1.7712569,0.5687695595776534,0.9999993007829886,False
ENSG00000232053,0.56744146,0.8195024,0.5704142681538671,0.9999993007829886,False
CST13P,0.55929154,1.3632814,0.5759627673185115,0.9999993007829886,False
HTR1F,0.55783683,0.19725664,0.5769558180221772,0.9999993007829886,False
SIRT2,0.55629796,0.25628212,0.5780071756010627,0.9999993007829886,False
NRGN,0.55514556,0.1274909,0.5787950860461418,0.9999993007829886,False
EIF5A,0.5524342,0.8124892,0.5806509100322004,0.9999993007829886,False
MAP7D3,0.55053693,1.0559356,0.5819511618776942,0.9999993007829886,False
NBEAP6,0.5479421,1.7440757,0.5837316734337186,0.9999993007829886,False
TRO,0.54208726,0.27104142,0.5877583930428198,0.9999993007829886,False
SLC15A1,0.52662605,1.6789086,0.5984533182827918,0.9999993007829886,False
NTSR2,0.51701,1.2902375,0.6051492074030771,0.9999993007829886,False
ENSG00000249951,0.5041716,1.5236558,0.6141407970948247,0.9999993007829886,False
LINC02994,0.49930266,0.78239685,0.6175661807687627,0.9999993007829886,False
ENSG00000249881,0.4983527,0.34478715,0.6182354621012842,0.9999993007829886,False
IFNG-AS1,0.4976464,0.96234804,0.6187333066255509,0.9999993007829886,False
ADAMTSL1,0.4933646,0.18267901,0.6217549970802232,0.9999993007829886,False
ENSG00000287803,0.49287733,1.8580812,0.6220992546121733,0.9999993007829886,False
CCDC181,0.4898277,0.30505633,0.6242558358906813,0.9999993007829886,False
ARHGAP28,0.48981017,0.22210324,0.6242682393679564,0.9999993007829886,False
PAX2,0.4825129,1.7599416,0.6294416435088903,0.9999993007829886,False
RHPN2P1,0.4823341,1.4000456,0.6295686146276295,0.9999993007829886,False
CDH19,0.48231748,1.4632847,0.6295804409264962,0.9999993007829886,False
MIR7515HG,0.48217812,1.7715402,0.6296794120976323,0.9999993007829886,False
ZMYM3,0.48212817,0.22464664,0.6297148939480849,0.9999993007829886,False
LINC01427,0.48204055,2.308286,0.6297771448731097,0.9999993007829886,False
ANO3,0.47737843,0.4521158,0.6330926761878477,0.9999993007829886,False
IZUMO3,0.4712493,2.2186985,0.6374627088280462,0.9999993007829886,False
ENSG00000272217,0.47118095,1.5368423,0.6375115167605169,0.9999993007829886,False
NPHP1,0.46579322,0.30230427,0.6413635136211393,0.9999993007829886,False
ACSL5,0.46014348,1.8922988,0.64541324231572,0.9999993007829886,False
NACA4P,0.4600681,2.541324,0.6454673353002818,0.9999993007829886,False
NTNG1,0.45716304,0.16361412,0.6475538584115179,0.9999993007829886,False
TESPA1,0.4523432,0.54346323,0.6510217715154638,0.9999993007829886,False
ST3GAL2,0.44780287,0.32729933,0.6542954701042327,0.9999993007829886,False
ENSG00000251033,0.4446025,0.43803328,0.6566070519703355,0.9999993007829886,False
LINC01982,0.4401121,1.5093942,0.6598559003558128,0.9999993007829886,False
ENSG00000253416,0.4383542,1.4224207,0.6611295488056568,0.9999993007829886,False
ENSG00000289302,0.43834016,2.3152535,0.661139711468231,0.9999993007829886,False
ENSG00000226398,0.4292166,0.85085374,0.6677655978311188,0.9999993007829886,False
TNN,0.42850676,1.2330424,0.6682822030228668,0.9999993007829886,False
DBX2-AS1,0.42798623,0.6172971,0.6686611467254742,0.9999993007829886,False
LINC01684,0.42726588,0.94409645,0.6691856828142071,0.9999993007829886,False
ENSG00000248837,0.41788206,0.8003302,0.6760333607692978,0.9999993007829886,False
ENSG00000288871,0.4173615,0.96608496,0.6764140111098851,0.9999993007829886,False
ENSG00000225970,0.41641945,1.1062374,0.677103108736216,0.9999993007829886,False
DNAJB2,0.4144959,0.18117078,0.67851098906809,0.9999993007829886,False
ARFGAP1,0.40672275,0.27675527,0.6842116297841805,0.9999993007829886,False
ENSG00000267188,0.40203172,0.8826546,0.687660689981715,0.9999993007829886,False
ENSG00000267098,0.3987656,0.7165605,0.690065929719609,0.9999993007829886,False
SMOC2,0.39757904,0.24314646,0.6909405183884118,0.9999993007829886,False
ENSG00000286739,0.39598146,1.3617954,0.6921186997108648,0.9999993007829886,False
MYH13,0.39446452,1.8336383,0.6932381127341005,0.9999993007829886,False
MAMDC2-AS1,0.38998818,0.49371877,0.6965452811141557,0.9999993007829886,False
RORB,0.38565207,0.32949352,0.6997543680031503,0.9999993007829886,False
ENSG00000286099,0.3846355,1.1760197,0.7005074794745614,0.9999993007829886,False
ENSG00000287054,0.38432178,1.6358526,0.7007399647618229,0.9999993007829886,False
ZIC1,0.38415703,1.3304908,0.7008620632349098,0.9999993007829886,False
C19orf38,0.38377494,0.8263944,0.7011452575173114,0.9999993007829886,False
ENSG00000284874,0.38352606,0.8666631,0.7013297458556602,0.9999993007829886,False
ENSG00000287861,0.38348576,1.298176,0.7013596294270933,0.9999993007829886,False
LINC01958,0.38347873,3.1457999,0.7013648266171102,0.9999993007829886,False
BRINP3,0.3831168,0.12699653,0.7016331505266624,0.9999993007829886,False
LINC01821,0.37643299,0.7617477,0.70659502892078,0.9999993007829886,False
OTOG,0.3746619,0.51881367,0.7079119286181114,0.9999993007829886,False
ZNF888,0.3739319,0.7244825,0.7084549726518945,0.9999993007829886,False
CDCA2,0.37376103,1.3636602,0.7085821172289172,0.9999993007829886,False
MYBL2,0.37315023,1.1582934,0.7090366439576499,0.9999993007829886,False
LBX1-AS1,0.37303454,2.0117574,0.7091227352984222,0.9999993007829886,False
NFATC1,0.37284,1.449242,0.7092675336581556,0.9999993007829886,False
LINC00430,0.37243336,2.7303245,0.7095702091875693,0.9999993007829886,False
SPMIP11,0.36323008,1.238953,0.7164330292911527,0.9999993007829886,False
SFTA1P,0.36165968,1.0305711,0.7176063699675651,0.9999993007829886,False
LINC02778,0.36160883,1.8340403,0.7176443575458262,0.9999993007829886,False
FGF16,0.3615475,2.199437,0.7176902055528667,0.9999993007829886,False
ENSG00000259097,0.3615405,2.3714945,0.7176954453898496,0.9999993007829886,False
ENSG00000287308,0.36143884,1.2399336,0.7177714245184633,0.9999993007829886,False
SAP25,0.36143532,2.2243228,0.7177740445382117,0.9999993007829886,False
MIR31HG,0.35306102,0.39345726,0.7240426845324395,0.9999993007829886,False
ASB15,0.3508211,1.5351491,0.7257225571517207,0.9999993007829886,False
SMIM31,0.3507703,1.4509255,0.7257606916780318,0.9999993007829886,False
ENSG00000260370,0.3506774,1.9106501,0.7258303875690078,0.9999993007829886,False
CYLC2,0.35053366,3.1661687,0.725938223420997,0.9999993007829886,False
ENSG00000287823,0.35043815,1.7079641,0.7260098978158724,0.9999993007829886,False
PSMC5,0.34491283,0.26995522,0.7301598989227962,0.9999993007829886,False
BAZ1A,0.3447849,0.26331693,0.7302560914933987,0.9999993007829886,False
ANKRD18A,0.341744,0.18679865,0.7325435580300451,0.9999993007829886,False
SHCBP1L,0.3407187,1.0561715,0.7333153734671687,0.9999993007829886,False
ENSG00000248431,0.34016132,0.8563014,0.733735037608521,0.9999993007829886,False
ENSG00000288735,0.34004742,1.9315003,0.7338208278130951,0.9999993007829886,False
MMRN1,0.339611,1.5477867,0.734149501032465,0.9999993007829886,False
LIPN,0.33954087,1.681424,0.7342023044862493,0.9999993007829886,False
SLK,0.334204,0.1742387,0.738225640396297,0.9999993007829886,False
LINC02899,0.3308362,0.3117682,0.7407682067818331,0.9999993007829886,False
LINC01324,0.32960495,0.6815179,0.741698477448634,0.9999993007829886,False
RAB43,0.3286778,2.135223,0.7423992437368039,0.9999993007829886,False
C1orf35,0.32068032,0.22510834,0.7484526596613865,0.9999993007829886,False
LINC00358,0.31903017,0.4098773,0.7497036285122888,0.9999993007829886,False
ENSG00000288015,0.31786728,1.525302,0.7505856152880536,0.9999993007829886,False
LINC02794,0.31783748,1.6391009,0.7506082175803885,0.9999993007829886,False
ENSG00000188897,0.30878314,0.904731,0.757486486379733,0.9999993007829886,False
MAGEA3-DT,0.30760446,1.0432235,0.7583833137588041,0.9999993007829886,False
UACA,0.30731705,0.928851,0.7586020689862094,0.9999993007829886,False
PGM5P4,0.3070445,1.0109167,0.75880950413867,0.9999993007829886,False
DSG1,0.30686048,1.6538645,0.7589495827103825,0.9999993007829886,False
STOML3,0.30682102,2.1832826,0.7589796005765256,0.9999993007829886,False
LINC01446,0.30680612,1.0748538,0.758990940753816,0.9999993007829886,False
NPIPA3,0.30665013,1.1023961,0.7591096821929733,0.9999993007829886,False
ENSG00000259929,0.3063294,0.6100127,0.7593538537824542,0.9999993007829886,False
USP1,0.3006367,0.30383426,0.7636915364986916,0.9999993007829886,False
LINC02479,0.2963111,1.4836402,0.7669925089767828,0.9999993007829886,False
MMP2,0.29600087,1.0136636,0.7672294114614479,0.9999993007829886,False
CLEC4C,0.29596058,1.2737525,0.7672601969977015,0.9999993007829886,False
ENSG00000239922,0.28531218,1.1863445,0.77540498546092,0.9999993007829886,False
LTC4S,0.28506854,1.0407317,0.7755916214643445,0.9999993007829886,False
NCOR1P3,0.28497392,1.6293654,0.7756641310341493,0.9999993007829886,False
ENSG00000248428,0.28481266,0.9533026,0.7757876703607348,0.9999993007829886,False
ENSG00000267462,0.2847855,0.8835817,0.775808484610176,0.9999993007829886,False
BMS1P23,0.28466457,0.4459157,0.7759011435453707,0.9999993007829886,False
ENSG00000248973,0.28466368,0.37340665,0.7759018149985729,0.9999993007829886,False
MRPS22,0.28322473,0.33395475,0.7770045667508378,0.9999993007829886,False
KCNH5,0.28278658,0.1673385,0.7773404514239248,0.9999993007829886,False
RREB1,0.27736992,0.82284296,0.781496076712514,0.9999993007829886,False
POLR2J3,0.27510372,0.6267097,0.7832365630334079,0.9999993007829886,False
PPP1R3A,0.27508092,1.0103682,0.7832540676477322,0.9999993007829886,False
MED28-DT,0.27416253,0.8716094,0.7839597295016076,0.9999993007829886,False
LAX1,0.27387685,2.4330864,0.7841792750808722,0.9999993007829886,False
TAFA1,0.26710275,0.17960647,0.7893900605349846,0.9999993007829886,False
PDZRN4,0.2635483,0.13772984,0.7921279951210203,0.9999993007829886,False
ENSG00000286328,0.26343438,0.6883357,0.7922157920462811,0.9999993007829886,False
SLC19A4P,0.2631557,1.3624694,0.7924305679366441,0.9999993007829886,False
TFCP2L1,0.2630786,1.0356357,0.7924900055574067,0.9999993007829886,False
LINC02865,0.26296818,1.7840763,0.7925751115228146,0.9999993007829886,False
LINC02492,0.26293838,1.158324,0.7925980770480209,0.9999993007829886,False
BMPR1B-DT,0.2628455,1.5573552,0.7926696766049074,0.9999993007829886,False
CUX2,0.2600403,0.0642065,0.7948326690070516,0.9999993007829886,False
MT3,0.25871092,0.18234073,0.7958582944861912,0.9999993007829886,False
SYCP1,0.25432572,0.5479077,0.7992439308868452,0.9999993007829886,False
PROSER2-AS1,0.25233293,1.5775969,0.80078373967049,0.9999993007829886,False
ENSG00000260866,0.25196838,3.5947764,0.8010655124938193,0.9999993007829886,False
DPPA3,0.2519333,1.156372,0.8010926073991567,0.9999993007829886,False
ENSG00000237844,0.24424782,0.2062699,0.8070388879450234,0.9999993007829886,False
SLC7A13,0.24146895,0.99606735,0.8091916731938157,0.9999993007829886,False
TBC1D21,0.24131647,1.2817956,0.8093098433930328,0.9999993007829886,False
ADGRF5,0.24127178,0.7559462,0.8093444803100623,0.9999993007829886,False
ANKRD30BP1,0.24109213,1.9396394,0.809483710900779,0.9999993007829886,False
RUNX3,0.24105795,2.1932034,0.8095101993545876,0.9999993007829886,False
RHOD,0.24099223,1.4872358,0.8095611393021808,0.9999993007829886,False
ENSG00000286995,0.23166886,0.76776236,0.8167952170878721,0.9999993007829886,False
ENSG00000254171,0.23115182,0.81706005,0.8171968558278075,0.9999993007829886,False
JMJD7-PLA2G4B,0.23030177,1.0784363,0.8178572814371972,0.9999993007829886,False
LINC01307,0.2302492,0.88447565,0.8178981367568747,0.9999993007829886,False
CD5L,0.23021765,1.0770793,0.8179226501861062,0.9999993007829886,False
VN1R7P,0.23017558,2.9663174,0.8179553350353627,0.9999993007829886,False
STAB1,0.23016506,2.7500992,0.8179635062971261,0.9999993007829886,False
LAT,0.23012476,1.9727863,0.8179948296504326,0.9999993007829886,False
LINC03043,0.23009671,1.9712274,0.8180166199806383,0.9999993007829886,False
MEP1A,0.23006691,1.4516745,0.8180397723605417,0.9999993007829886,False
ENSG00000267612,0.2300599,2.1938934,0.8180452200024082,0.9999993007829886,False
B3GAT2,0.22507179,0.27149844,0.8219234290635811,0.9999993007829886,False
SCT,0.21920995,3.096687,0.8264864989439117,0.9999993007829886,False
LINC02485,0.21918717,1.8313526,0.8265042470428356,0.9999993007829886,False
CA6,0.21917227,1.0140541,0.8265158516169798,0.9999993007829886,False
ENSG00000278966,0.21913898,1.4313395,0.8265417913903093,0.9999993007829886,False
ENSG00000285724,0.21907325,0.74052495,0.8265929888668297,0.9999993007829886,False
PRSS59P,0.2190417,1.2599252,0.8266175639174193,0.9999993007829886,False
PELO-AS1,0.21162175,0.28055713,0.8324021457123245,0.9999993007829886,False
ENSG00000251031,0.21086633,0.13578744,0.8329915716643082,0.9999993007829886,False
GPR143,0.20989186,0.7800851,0.8337520834662396,0.9999993007829886,False
WDR72,0.20912594,0.81898093,0.8343499330796071,0.9999993007829886,False
UGT2B7,0.20850548,1.7539115,0.834834302535259,0.9999993007829886,False
LINC02227,0.20846342,1.0528785,0.8348671434126942,0.9999993007829886,False
ADAM3A,0.20845465,1.4089805,0.834873985298409,0.9999993007829886,False
EPPK1,0.2082268,1.2976465,0.8350518787125147,0.9999993007829886,False
LINC01739,0.20818475,1.4148748,0.83508472149677,0.9999993007829886,False
ENSG00000255457,0.20814092,1.564932,0.8351189330362038,0.9999993007829886,False
DCD,0.20813216,1.3153647,0.8351257753815341,0.9999993007829886,False
ENSG00000230615,0.19972983,0.6243907,0.841691884559918,0.9999993007829886,False
SPNS3,0.19943362,0.5514411,0.8419235595150995,0.9999993007829886,False
MYOF,0.19845125,0.7986188,0.8426920231271583,0.9999993007829886,False
CELF2-DT,0.19835836,0.41837022,0.8427646956045843,0.9999993007829886,False
KC6,0.1981489,0.5228307,0.8429285563859212,0.9999993007829886,False
ENSG00000286662,0.19785358,0.86701566,0.8431596184971603,0.9999993007829886,False
AK4P3,0.19784746,1.2213557,0.8431644181500939,0.9999993007829886,False
ENSG00000254687,0.19770636,1.2657118,0.8432748117749707,0.9999993007829886,False
TACO1,0.197461,1.3605529,0.8434668080212776,0.9999993007829886,False
ENSG00000224935,0.19737948,1.7050934,0.8435305802617044,0.9999993007829886,False
ENSG00000258989,0.19727257,1.9887798,0.8436142400250993,0.9999993007829886,False
ESPL1,0.19727083,2.348088,0.8436156115113331,0.9999993007829886,False
LINC02949,0.19722262,0.91336054,0.8436533275685714,0.9999993007829886,False
FRG2IP,0.19719195,3.633148,0.8436773288825803,0.9999993007829886,False
GNB2,0.19163947,0.22700138,0.8480246227802407,0.9999993007829886,False
ENSG00000267733,0.1872455,0.8094674,0.851468145075589,0.9999993007829886,False
MROH2B,0.18652867,1.6741073,0.8520302029361325,0.9999993007829886,False
ENSG00000267397,0.18652341,0.6781447,0.8520343258879332,0.9999993007829886,False
CYP2C9,0.18641473,1.398325,0.8521195344636263,0.9999993007829886,False
LINC02885,0.1863902,0.13345712,0.8521387753486707,0.9999993007829886,False
CDCA5,0.18630081,3.0144863,0.852208867888284,0.9999993007829886,False
DNAI2,0.18629731,1.2674567,0.8522116166391158,0.9999993007829886,False
LYZ,0.18622896,1.0010616,0.8522652176390811,0.9999993007829886,False
PIK3CG,0.17603889,0.4883386,0.8602633889052862,0.9999993007829886,False
P2RY6,0.1754316,1.7722906,0.8607405214968025,0.9999993007829886,False
ENSG00000259882,0.17538515,0.86393243,0.8607770142515557,0.9999993007829886,False
ROS1,0.17537901,1.4416662,0.8607818340715787,0.9999993007829886,False
ENSG00000279924,0.17537725,0.8384264,0.8607832111639662,0.9999993007829886,False
STX11,0.17533168,2.3903828,0.8608190157146054,0.9999993007829886,False
MEIKIN,0.17532818,1.5561575,0.8608217699226586,0.9999993007829886,False
ENSG00000286514,0.17532204,1.9864261,0.8608265897908244,0.9999993007829886,False
ENSG00000260558,0.1753124,1.6847385,0.8608341638798441,0.9999993007829886,False
ENSG00000257407,0.17530452,1.8259306,0.8608403608712899,0.9999993007829886,False
FCRL3,0.17520286,0.9893648,0.860920233972253,0.9999993007829886,False
MSR1,0.17393218,0.124931574,0.8619187675053418,0.9999993007829886,False
DOCK5,0.16958728,0.24572802,0.8653347216176815,0.9999993007829886,False
KEL,0.16493568,1.1019797,0.8689946073013851,0.9999993007829886,False
ENSG00000286515,0.1644905,0.78498465,0.8693450236843981,0.9999993007829886,False
UNC45B,0.16445896,1.1963973,0.8693698573159463,0.9999993007829886,False
ENSG00000258114,0.16445544,1.2833049,0.8693726166162944,0.9999993007829886,False
ACSM2A,0.16439411,1.5173084,0.8694209046298472,0.9999993007829886,False
PADI3,0.16437833,1.8451966,0.8694333216263345,0.9999993007829886,False
FLVCR2,0.16437657,1.2024983,0.8694347012945983,0.9999993007829886,False
LINC01916,0.1643345,1.7882649,0.8694678134521654,0.9999993007829886,False
TMPRSS2,0.16432926,1.6569473,0.8694719524879564,0.9999993007829886,False
CXCR2,0.16429596,1.4257191,0.8694981664643453,0.9999993007829886,False
LINC01224,0.16427492,1.2720063,0.8695147227338573,0.9999993007829886,False
IWS1,0.16292886,0.187625,0.8705744426532409,0.9999993007829886,False
ENSG00000285681,0.15727736,0.26309836,0.8750262633367741,0.9999993007829886,False
F11R,0.15418652,0.6365409,0.8774626764442159,0.9999993007829886,False
ENSG00000257452,0.15385263,0.49136972,0.8777259369956021,0.9999993007829886,False
SLC2A10,0.15372118,1.0641636,0.8778295865938254,0.9999993007829886,False
TCHH,0.153694,0.35994005,0.8778510077720032,0.9999993007829886,False
ENSG00000285090,0.1534644,1.027897,0.8780320548486815,0.9999993007829886,False
ENSG00000278920,0.1534127,1.0327804,0.8780728258722794,0.9999993007829886,False
ANKRD20A2P,0.15340306,1.0277522,0.8780804272853315,0.9999993007829886,False
LINC02183,0.15339956,2.2366047,0.8780831914383194,0.9999993007829886,False
ENSG00000230472,0.15337853,1.6290286,0.8780997763874581,0.9999993007829886,False
ENSG00000225884,0.15337327,1.2858844,0.8781039226331026,0.9999993007829886,False
LINC02118,0.15337327,1.0799972,0.8781039226331026,0.9999993007829886,False
SSX2IPP1,0.15336101,3.2804725,0.8781135972192761,0.9999993007829886,False
SASH3,0.15334347,1.491543,0.8781274180882436,0.9999993007829886,False
DNMT3L,0.15329528,0.76757807,0.8781654256694218,0.9999993007829886,False
TWIST1,0.14399469,0.37817365,0.8855046587276041,0.9999993007829886,False
GJA1,0.14271875,0.65350693,0.8865123110415489,0.9999993007829886,False
LINC01720,0.14266616,0.9058802,0.8865538391233563,0.9999993007829886,False
ENSG00000260364,0.14263287,1.1017201,0.8865801404029672,0.9999993007829886,False
MTND4P35,0.14257678,2.3405836,0.88662443757731,0.9999993007829886,False
LINC01163,0.14254698,0.649806,0.886647970595265,0.9999993007829886,False
CASC20,0.14248213,1.4769001,0.8866991898621741,0.9999993007829886,False
SLC22A11,0.14244883,2.7365057,0.8867254918318084,0.9999993007829886,False
MYRF-AS1,0.14244708,1.295433,0.8867268761494561,0.9999993007829886,False
LINC03057,0.1424313,4.036513,0.8867393350238376,0.9999993007829886,False
LACTBL1,0.14240852,3.0838633,0.8867573312251388,0.9999993007829886,False
KIAA1755,0.14238048,0.8671296,0.8867794804761311,0.9999993007829886,False
PARP4P1,0.14235419,0.42456546,0.8868002454792552,0.9999993007829886,False
LINC02669,0.13427523,0.440827,0.8931849441820222,0.9999993007829886,False
TMEM154,0.13280648,0.8292916,0.8943464290080224,0.9999993007829886,False
LINC02526,0.13201778,0.53774554,0.8949702317045126,0.9999993007829886,False
WBP1,0.13185653,0.7156468,0.8950977727100881,0.9999993007829886,False
MUC13,0.13185653,1.0385277,0.8950977727100881,0.9999993007829886,False
ENSG00000259283,0.13157085,0.8654458,0.8953237487567137,0.9999993007829886,False
MTFR2,0.13155068,1.0354271,0.8953396921730202,0.9999993007829886,False
ENSG00000284808,0.1315314,1.2321037,0.8953549424368706,0.9999993007829886,False
ENSG00000279217,0.13152002,1.168071,0.8953639539745966,0.9999993007829886,False
OR3A3,0.13150512,1.8885751,0.8953757383135345,0.9999993007829886,False
PABPC3,0.13149285,1.6793926,0.8953854430805833,0.9999993007829886,False
ENSG00000255829,0.13146569,2.7450545,0.8954069322633335,0.9999993007829886,False
ENSG00000241255,0.13146217,6.8136053,0.8954097050666984,0.9999993007829886,False
ENSG00000288796,0.1314613,1.3854778,0.8954103982677393,0.9999993007829886,False
ENSG00000233139,0.13145605,2.0618052,0.8954145574756616,0.9999993007829886,False
NOP56P1,0.13145079,19.73153,0.8954187166864588,0.9999993007829886,False
GAB3,0.1314096,0.42225927,0.8954512972704857,0.9999993007829886,False
ENSG00000243655,0.13140434,1.3643483,0.8954554565066724,0.9999993007829886,False
BAGE2,0.12231408,0.3452576,0.9026502823457976,0.9999993007829886,False
ATP6V0D2,0.12084709,1.13015,0.903812152419365,0.9999993007829886,False
CD44,0.12084008,0.8117755,0.9038177054610599,0.9999993007829886,False
EHD2,0.120792754,0.9277087,0.9038551886155362,0.9999993007829886,False
NCMAP,0.120734915,0.51326704,0.90390100165086,0.9999993007829886,False
TRIM60,0.1206911,0.8741147,0.9039357087087957,0.9999993007829886,False
MAPK8IP1P2,0.12067182,1.5889761,0.9039509798724374,0.9999993007829886,False
ENSG00000287545,0.12063852,1.0488905,0.9039773574205885,0.9999993007829886,False
LINC02540,0.12062625,0.8168187,0.9039870754913579,0.9999993007829886,False
NUDT4B,0.120605215,1.1422223,0.9040037350747081,0.9999993007829886,False
ENSG00000267559,0.12057017,1.3359768,0.9040315011408624,0.9999993007829886,False
ENSG00000256417,0.120550886,0.75086576,0.9040467725272703,0.9999993007829886,False
LINC01899,0.120536864,0.667018,0.904057879012406,0.9999993007829886,False
BARHL2,0.12053336,1.4008726,0.904060655636623,0.9999993007829886,False
ENSG00000287307,0.12052109,2.4252522,0.9040703738306207,0.9999993007829886,False
RBMY1A3P,0.12052109,0.9521201,0.9040703738306207,0.9999993007829886,False
ENSG00000248605,0.12051934,2.7267504,0.9040717621452221,0.9999993007829886,False
LINC00395,0.12050181,2.3495703,0.9040856453073637,0.9999993007829886,False
LINC02730,0.12050181,0.8694261,0.9040856453073637,0.9999993007829886,False
ENSG00000251377,0.12049831,3.93825,0.9040884219433107,0.9999993007829886,False
ENSG00000224038,0.120496556,19.785845,0.9040898102617241,0.9999993007829886,False
LINC00379,0.120496556,19.860582,0.9040898102617241,0.9999993007829886,False
ANKRD11P1,0.1204948,1.4714895,0.9040911985804306,0.9999993007829886,False
ENSG00000255511,0.1204948,1.4630294,0.9040911985804306,0.9999993007829886,False
CDX4,0.12049305,1.861564,0.9040925868994304,0.9999993007829886,False
ENSG00000286679,0.120491296,0.3660526,0.9040939752187233,0.9999993007829886,False
ENSG00000284632,0.120489545,0.637777,0.9040953635383093,0.9999993007829886,False
ENSG00000230746,0.12047552,0.6929316,0.9041064701055525,0.9999993007829886,False
HOTTIP,0.12039314,0.64972425,0.9041717215669326,0.9999993007829886,False
NPAS1,0.11579149,0.18585198,0.907817794361759,0.9999993007829886,False
LINC01525,0.110242516,0.54083616,0.912217045492091,0.9999993007829886,False
TACR3,0.110239886,0.7084406,0.9122191304352695,0.9999993007829886,False
GUCY2D,0.11019344,0.45799157,0.9122559645310455,0.9999993007829886,False
ENSG00000286474,0.10988935,0.3270385,0.912497128264954,0.9999993007829886,False
LINC00540,0.10986569,0.9325194,0.9125158935046505,0.9999993007829886,False
ENSG00000249547,0.10974826,0.69897735,0.9126090254158669,0.9999993007829886,False
LINC01882,0.10972898,0.7141809,0.9126243158443876,0.9999993007829886,False
SEPTIN12,0.10970532,1.3969166,0.912643081414509,0.9999993007829886,False
HMGA1P4,0.109664135,1.2945439,0.9126757475231342,0.9999993007829886,False
ENSG00000229817,0.10961944,0.9477865,0.9127111938930268,0.9999993007829886,False
LINC01249,0.1096098,1.4270799,0.9127188392112637,0.9999993007829886,False
CATSPER1,0.10960542,1.8455657,0.9127223143585874,0.9999993007829886,False
ENSG00000285742,0.109601036,1.4602369,0.91272578950758,0.9999993007829886,False
TOP2A,0.10958175,1.0084072,0.9127410801829732,0.9999993007829886,False
LINC01095,0.10958,2.3991017,0.9127424702459745,0.9999993007829886,False
LINC01393,0.1095581,1.315857,0.9127598460560157,0.9999993007829886,False
SLC17A4,0.10955459,2.1342237,0.9127626261894928,0.9999993007829886,False
ENSG00000266283,0.10955371,1.7313055,0.912763321223029,0.9999993007829886,False
TASL,0.10955196,1.3821281,0.9127647112903013,0.9999993007829886,False
MYOG,0.10955109,1.3181051,0.9127654063240376,0.9999993007829886,False
ENSG00000231083,0.10954933,1.9901509,0.9127667963917103,0.9999993007829886,False
OTUD6A,0.10954846,4.316707,0.9127674914256468,0.9999993007829886,False
TCEAL4P1,0.10954495,2.2097232,0.9127702715620599,0.9999993007829886,False
ENSG00000268686,0.10953794,1.1967546,0.9127758318380887,0.9999993007829886,False
ENSG00000274198,0.10953794,2.6164494,0.9127758318380887,0.9999993007829886,False
ENSG00000236347,0.109523915,1.3138386,0.9127869524029559,0.9999993007829886,False
ZNF25-DT,0.10951866,0.7323229,0.9127911226191842,0.9999993007829886,False
ENSG00000289090,0.10951077,0.9362155,0.9127973779480291,0.9999993007829886,False
ALDH1A1,0.10061593,0.36711133,0.919855345768369,0.9999993007829886,False
STAG3L5P,0.099346995,0.5774758,0.9208627641044111,0.9999993007829886,False
ENSG00000260796,0.099035025,0.62075347,0.9211104638163343,0.9999993007829886,False
BARX2,0.09888254,0.92710483,0.9212315333153867,0.9999993007829886,False
TNFRSF13B,0.098845735,1.2707679,0.9212607572611747,0.9999993007829886,False
LINC01622,0.09879315,0.45549262,0.9213025059395824,0.9999993007829886,False
USP41P,0.098705515,1.2530582,0.9213720875521324,0.9999993007829886,False
ENSG00000286201,0.09864768,1.0180362,0.921418011746158,0.9999993007829886,False
MFNG,0.09864768,1.8887618,0.921418011746158,0.9999993007829886,False
IRF8,0.0986319,1.6103402,0.9214305365718289,0.9999993007829886,False
CYP4F3,0.0986319,1.6272281,0.9214305365718289,0.9999993007829886,False
ENSG00000287984,0.09863015,1.071113,0.9214319282203286,0.9999993007829886,False
ACSM5,0.09862314,1.5833485,0.921437494816733,0.9999993007829886,False
ENSG00000286066,0.09862139,0.9064499,0.9214388864664356,0.9999993007829886,False
LINC02790,0.09861438,0.93095845,0.921444453067651,0.9999993007829886,False
ENSG00000240040,0.09860562,1.6944641,0.9214514113245822,0.9999993007829886,False
ENSG00000285269,0.09860386,2.7785282,0.92145280297669,0.9999993007829886,False
MFSD4BP1,0.09860386,1.8160902,0.92145280297669,0.9999993007829886,False
ENSG00000254979,0.09860211,3.7571595,0.9214541946290383,0.9999993007829886,False
PAGE1,0.0985951,2.2199924,0.9214597612408365,0.9999993007829886,False
ENSG00000266371,0.098591596,2.1432738,0.9214625445481786,0.9999993007829886,False
LINC01283,0.09858809,1.3354657,0.9214653278564825,0.9999993007829886,False
MAD1L1,0.0985618,0.5835785,0.9214862026994193,0.9999993007829886,False
ENSG00000237268,0.08991321,0.3470156,0.9283561811080095,0.9999993007829886,False
ERMN,0.08810095,0.564411,0.9297964453032252,0.9999993007829886,False
COX16,0.088015944,0.49346703,0.9298640068987714,0.9999993007829886,False
LINC01392,0.08791779,1.1079974,0.9299420167924788,0.9999993007829886,False
IQGAP3,0.08780386,0.6735361,0.930032564834615,0.9999993007829886,False
DNASE1L3,0.087751284,1.0040817,0.9300743565442394,0.9999993007829886,False
DLGAP1-AS4,0.08773376,1.1624479,0.9300882871569703,0.9999993007829886,False
AP1M2,0.08771799,1.0102385,0.9301008247267433,0.9999993007829886,False
LINC01908,0.08771711,1.1246251,0.930101521258906,0.9999993007829886,False
KIF19,0.08768293,1.5975752,0.9301286860550104,0.9999993007829886,False
EVA1CP6,0.08767592,3.0670695,0.9301342583309411,0.9999993007829886,False
DPPA2,0.08765839,1.1501968,0.930148189035752,0.9999993007829886,False
NAA11,0.08765489,2.452763,0.9301509751792827,0.9999993007829886,False
ADAD1,0.08765401,0.7480531,0.9301516717152991,0.9999993007829886,False
APOC1P1,0.08765139,5.3448043,0.9301537613236694,0.9999993007829886,False
OR2F1,0.08764788,0.94696903,0.9301565474689122,0.9999993007829886,False
ENSG00000289089,0.08764613,1.4374046,0.9301579405418545,0.9999993007829886,False
RN7SKP247,0.087641746,4.4653277,0.9301614232251468,0.9999993007829886,False
NOBOX,0.08763999,4.303919,0.9301628162988381,0.9999993007829886,False
Metazoa_SRP-127,0.08763999,4.4083734,0.9301628162988381,0.9999993007829886,False
RNU6-945P,0.087639116,1.2670293,0.930163512835764,0.9999993007829886,False
LNCEGFL7OS,0.08763824,1.1817839,0.9301642093727435,0.9999993007829886,False
FFAR2,0.08763824,2.100609,0.9301642093727435,0.9999993007829886,False
ANKRD33BP9,0.087636486,1.7191343,0.9301656024468629,0.9999993007829886,False
ENSG00000287057,0.087630354,2.0787547,0.9301704782079655,0.9999993007829886,False
EMX2OS,0.087626845,0.90654474,0.9301732643583438,0.9999993007829886,False
CPA2,0.08762334,0.8626975,0.9301760505095779,0.9999993007829886,False
ENSG00000223410,0.087621585,1.9300926,0.9301774435855158,0.9999993007829886,False
S100A2,0.08760757,0.9643049,0.930188588200721,0.9999993007829886,False
IL20RA,0.07951546,0.6786201,0.9366226383710214,0.9999993007829886,False
TBC1D13,0.079241164,0.2553339,0.9368408048866306,0.9999993007829886,False
ZNF804B,0.0787583,0.068591066,0.9372248731076072,0.9999993007829886,False
HMGB1P1,0.077897735,0.64958423,0.9379094010827683,0.9999993007829886,False
ENSG00000248601,0.07745957,0.32300466,0.9382579564110962,0.9999993007829886,False
SUSD3,0.07703892,0.8007926,0.9385925806570798,0.9999993007829886,False
DRC7,0.0768917,0.49686873,0.9387097017080718,0.9999993007829886,False
TDRD1,0.076798804,0.9842905,0.9387836001964055,0.9999993007829886,False
FAM83B,0.07679179,0.6033235,0.9387891774622115,0.9999993007829886,False
LINC02469,0.07676726,1.9252911,0.9388086979161762,0.9999993007829886,False
E2F2,0.07675499,1.0580168,0.9388184581569481,0.9999993007829886,False
CYP1A2,0.07673746,1.2497386,0.9388324013739942,0.9999993007829886,False
FRMD6-AS2,0.07673571,0.9038684,0.9388337956967302,0.9999993007829886,False
SUSD2,0.07672694,0.9332581,0.9388407673132235,0.9999993007829886,False
ENSG00000286450,0.07672694,1.4709821,0.9388407673132235,0.9999993007829886,False
ZNF723,0.07671643,0.7577717,0.938849133259203,0.9999993007829886,False
ENSG00000255482,0.07671117,2.2413168,0.9388533162347239,0.9999993007829886,False
ENSG00000289487,0.07671117,0.5348904,0.9388533162347239,0.9999993007829886,False
LINC02841,0.07670592,2.0338423,0.938857499211932,0.9999993007829886,False
LINC01180,0.07670241,2.9838476,0.9388602878643413,0.9999993007829886,False
TRARG1,0.07670241,2.5359428,0.9388602878643413,0.9999993007829886,False
GFAP,0.07669891,1.9194701,0.9388630765175003,0.9999993007829886,False
ENSG00000286842,0.07669891,3.1230662,0.9388630765175003,0.9999993007829886,False
DPRX,0.07669365,2.597065,0.9388672594986447,0.9999993007829886,False
NRAP,0.07669365,0.60733753,0.9388672594986447,0.9999993007829886,False
OR5BA1P,0.076691896,2.371317,0.9388686538260677,0.9999993007829886,False
ENSG00000285540,0.07669014,0.93978745,0.9388700481536781,0.9999993007829886,False
WBP11P2,0.07669014,2.2164068,0.9388700481536781,0.9999993007829886,False
ENSG00000276693,0.076686636,1.047913,0.9388728368094611,0.9999993007829886,False
PADI6,0.076686636,0.84462374,0.9388728368094611,0.9999993007829886,False
TCF23,0.07668313,1.9058806,0.9388756254659938,0.9999993007829886,False
RNU6-222P,0.076679625,1.70834,0.9388784141232761,0.9999993007829886,False
LINC01778,0.076674365,0.6205983,0.938882597110605,0.9999993007829886,False
CDCP1,0.07667261,0.5463686,0.9388839914400893,0.9999993007829886,False
ENSG00000260569,0.07667086,0.9552146,0.938885385769761,0.9999993007829886,False
LINC01898,0.07666911,1.5813206,0.9388867800996201,0.9999993007829886,False
OR10H5,0.07665684,0.65768576,0.9388965404138799,0.9999993007829886,False
ENSG00000249072,0.07664457,0.72633106,0.9389063007373191,0.9999993007829886,False
TPTEP1,0.06613552,0.75333834,0.9472699327846492,0.9999993007829886,False
TMCO2,0.06590679,1.1773484,0.9474520311269445,0.9999993007829886,False
SLC9A3R1-AS1,0.06590329,1.1676372,0.9474548219275183,0.9999993007829886,False
ENSG00000267273,0.06587525,0.5462486,0.9474771483553156,0.9999993007829886,False
TLX1NB,0.06582442,1.1602796,0.9475176151108108,0.9999993007829886,False
ENSG00000249743,0.06582091,0.6840681,0.9475204059265264,0.9999993007829886,False
ZNF99,0.065799884,0.49534068,0.9475371508343409,0.9999993007829886,False
LINC01511,0.065797254,0.6259033,0.9475392439494472,0.9999993007829886,False
CCDC65,0.065795496,2.0334916,0.9475406393597193,0.9999993007829886,False
L1TD1,0.06576921,0.31935555,0.9475615705331076,0.9999993007829886,False
GFRA3,0.06576833,2.5604358,0.9475622682395106,0.9999993007829886,False
MTND5P33,0.06576395,1.2321417,0.9475657567721287,0.9999993007829886,False
ITIH1,0.06576395,0.8838481,0.9475657567721287,0.9999993007829886,False
RHO,0.06575344,1.1753465,0.9475741292545136,0.9999993007829886,False
ENSG00000269947,0.06575344,0.4636502,0.9475741292545136,0.9999993007829886,False
ENSG00000258657,0.0657473,0.55128324,0.947579013205245,0.9999993007829886,False
FCGR2A,0.06574555,2.5984738,0.9475804086201014,0.9999993007829886,False
AGTR1,0.06574292,1.977994,0.9475825017426877,0.9999993007829886,False
PRR20C,0.06574292,2.2266393,0.9475825017426877,0.9999993007829886,False
ENSG00000224077,0.06574029,0.96281797,0.9475845948656357,0.9999993007829886,False
PNLIPRP1,0.065736786,1.456778,0.9475873856967958,0.9999993007829886,False
CPB1,0.06573591,1.287494,0.9475880834046863,0.9999993007829886,False
ENSG00000287592,0.065735035,1.7273815,0.9475887811126169,0.9999993007829886,False
ENSG00000232895,0.065732405,0.7779521,0.9475908742366502,0.9999993007829886,False
PLPP2,0.06573065,0.24801546,0.9475922696528732,0.9999993007829886,False
ENSG00000286039,0.06573065,2.9682314,0.9475922696528732,0.9999993007829886,False
HSP90AA2P,0.065726265,1.2764217,0.9475957581941343,0.9999993007829886,False
ENSG00000286113,0.06572539,1.4877003,0.9475964559025072,0.9999993007829886,False
ENSG00000198358,0.06572539,0.58545864,0.9475964559025072,0.9999993007829886,False
DSG1-AS1,0.065724514,0.54615223,0.9475971536109201,0.9999993007829886,False
ENSG00000288777,0.06572364,1.8519738,0.9475978513193732,0.9999993007829886,False
ENSG00000285748,0.065721884,0.86213183,0.9475992467364002,0.9999993007829886,False
ZNF722,0.06572013,1.1344002,0.9476006421535877,0.9999993007829886,False
PLA2G4F,0.065719254,1.3537627,0.9476013398622418,0.9999993007829886,False
ENSG00000228655,0.06571663,1.1329283,0.9476034329884451,0.9999993007829886,False
ENSG00000235158,0.06571487,1.2887893,0.9476048284061149,0.9999993007829886,False
LBP,0.06564477,0.22137335,0.9476606452446511,0.9999993007829886,False
RIT2,0.064906016,0.16693796,0.9482488307431356,0.9999993007829886,False
TPTE2P1,0.06144886,0.21433178,0.9510017410315637,0.9999993007829886,False
SRRM1,0.057344966,0.14663363,0.9542704010123195,0.9999993007829886,False
NOP56,0.05567554,0.2232347,0.955600284138403,0.9999993007829886,False
TGIF1,0.055365317,0.3502195,0.955847425756492,0.9999993007829886,False
LINC01098,0.055365317,0.713258,0.955847425756492,0.9999993007829886,False
ENSG00000282556,0.05517077,0.34274882,0.9560024150401405,0.9999993007829886,False
PPP1R13L,0.055133965,0.4537835,0.9560317375243599,0.9999993007829886,False
CAPN11,0.05509716,1.1172842,0.9560610600680826,0.9999993007829886,False
ENSG00000267509,0.05497447,0.5258325,0.9561588023097299,0.9999993007829886,False
ENSG00000278058,0.054937664,0.6215747,0.9561881251108431,0.9999993007829886,False
ENSG00000257925,0.054923642,0.67425907,0.9561992957173415,0.9999993007829886,False
ENSG00000289299,0.054913126,0.9090983,0.956207673677861,0.9999993007829886,False
IGFLR1,0.054886837,0.5443271,0.9562286186003238,0.9999993007829886,False
ENSG00000224879,0.054864053,1.2554519,0.956246770890906,0.9999993007829886,False
ENSG00000285592,0.054862298,1.0802402,0.9562481672218909,0.9999993007829886,False
ENSG00000278231,0.05484302,0.67503285,0.9562635268715842,0.9999993007829886,False
ENSG00000271862,0.054839514,1.1211218,0.9562663195369098,0.9999993007829886,False
SLC18A1,0.054839514,1.4017689,0.9562663195369098,0.9999993007829886,False
LINC01484,0.054837763,0.8908054,0.956267715869774,0.9999993007829886,False
RIPPLY3,0.054820236,0.80024153,0.9562816792057958,0.9999993007829886,False
ENSG00000286197,0.054813225,2.1294575,0.9562872645439613,0.9999993007829886,False
SPMIP8,0.05480972,0.8439516,0.956290057213849,0.9999993007829886,False
LINC01634,0.05480972,2.458968,0.956290057213849,0.9999993007829886,False
SHLD2P1,0.054804463,0.81018066,0.9562942462196865,0.9999993007829886,False
NOTCH3,0.05480271,0.63593614,0.9562956425552339,0.9999993007829886,False
RBMY2JP,0.054800957,1.2054601,0.9562970388909154,0.9999993007829886,False
CYP2F1,0.054799203,1.7163302,0.9562984352267311,0.9999993007829886,False
CYP2A13,0.054799203,2.330248,0.9562984352267311,0.9999993007829886,False
LINC01740,0.05479044,1.1207491,0.956305416907821,0.9999993007829886,False
ENSG00000259776,0.05479044,1.9703299,0.956305416907821,0.9999993007829886,False
LINC02746,0.054788686,1.857739,0.9563068132444412,0.9999993007829886,False
GSTA2,0.054786935,2.5892062,0.9563082095811956,0.9999993007829886,False
PRICKLE3,0.05478343,1.426256,0.9563110022551066,0.9999993007829886,False
SLC4A5,0.054781675,0.9815374,0.9563123985922631,0.9999993007829886,False
LRRN3,0.054781675,1.3835093,0.9563123985922631,0.9999993007829886,False
PLA2G4E,0.054779924,0.4617738,0.9563137949295537,0.9999993007829886,False
TNFRSF9,0.054779924,0.43595347,0.9563137949295537,0.9999993007829886,False
FAM131C2P,0.054779924,1.340517,0.9563137949295537,0.9999993007829886,False
OTOP3,0.05477817,1.7681206,0.9563151912669785,0.9999993007829886,False
SLC2A7,0.05477642,1.7382973,0.9563165876045372,0.9999993007829886,False
NAT8,0.054774664,1.3780628,0.9563179839422301,0.9999993007829886,False
ENSG00000289166,0.054772913,1.5248741,0.9563193802800569,0.9999993007829886,False
ENSG00000225050,0.054772913,0.89823097,0.9563193802800569,0.9999993007829886,False
APOB,0.054772913,0.67657936,0.9563193802800569,0.9999993007829886,False
ENSG00000287675,0.05477116,1.7337544,0.956320776618018,0.9999993007829886,False
GRB7,0.05477116,0.8197934,0.956320776618018,0.9999993007829886,False
ENSG00000257644,0.05477116,1.5064039,0.956320776618018,0.9999993007829886,False
ENSG00000228559,0.054765902,0.89555645,0.956324965632705,0.9999993007829886,False
KLK6,0.054760646,1.0910027,0.9563291546485982,0.9999993007829886,False
EPO,0.054753635,0.45807573,0.9563347400049989,0.9999993007829886,False
VSIG4,0.054746624,0.37597063,0.9563403253635435,0.9999993007829886,False
BTNL9,0.054702807,0.22071145,0.9563752339030055,0.9999993007829886,False
NPSR1-AS1,0.049901348,0.38659447,0.9602010039475021,0.9999993007829886,False
VASH1-DT,0.049172234,0.17343904,0.9607820391513152,0.9999993007829886,False
ENSG00000251205,0.04896191,0.3557932,0.960949649344971,0.9999993007829886,False
PCDH11X,0.046367075,0.025665922,0.9630176798181372,0.9999993007829886,False
ENSG00000265980,0.045227833,0.17199703,0.9639257091309857,0.9999993007829886,False
ENSG00000288993,0.045218192,0.4987296,0.9639333926572222,0.9999993007829886,False
COL4A6,0.044564445,0.44580224,0.9644544832150165,0.9999993007829886,False
PTPRQ,0.04447418,0.25771958,0.9645264312324437,0.9999993007829886,False
LINC02553,0.044088595,1.0364927,0.9648337852315745,0.9999993007829886,False
KIF18B,0.04408246,0.46580523,0.9648386749966332,0.9999993007829886,False
BST1,0.044065807,0.4681475,0.9648519472227433,0.9999993007829886,False
DAB2,0.044042148,1.1892406,0.9648708077713346,0.9999993007829886,False
LINC01681,0.04402462,0.46409637,0.964884778560741,0.9999993007829886,False
OR6J1,0.04394575,1.1981337,0.9649476472464104,0.9999993007829886,False
ECHDC3,0.043942243,1.2282404,0.9649504414152783,0.9999993007829886,False
ENSG00000284003,0.04393874,1.0996461,0.9649532355845767,0.9999993007829886,False
SORD2P,0.04393611,0.95395696,0.9649553312118329,0.9999993007829886,False
ENSG00000236961,0.04392384,0.40713146,0.9649651108088955,0.9999993007829886,False
GET1,0.043920334,1.6497862,0.9649679049804528,0.9999993007829886,False
MILR1,0.043899305,0.6370327,0.9649846700188296,0.9999993007829886,False
ENSG00000236710,0.043877397,0.8855295,0.9650021336169319,0.9999993007829886,False
CDC42BPG,0.043875642,0.9224348,0.9650035307055054,0.9999993007829886,False
ENSG00000285920,0.043870386,1.0057966,0.9650077219718706,0.9999993007829886,False
GJB1,0.04386951,0.9700584,0.9650084205163587,0.9999993007829886,False
MS4A3,0.043863375,1.0772426,0.965013310328528,0.9999993007829886,False
SCN10A,0.04385549,0.3161931,0.9650195972318217,0.9999993007829886,False
ENSG00000277543,0.043849353,0.42241716,0.9650244870469981,0.9999993007829886,False
MUC7,0.043846723,0.4588997,0.9650265826824762,0.9999993007829886,False
VNN2,0.043845847,2.2116046,0.9650272812276893,0.9999993007829886,False
CDH12P2,0.04384234,1.9599876,0.9650300754088101,0.9999993007829886,False
ENSG00000255283,0.04384059,1.8708783,0.9650314724995316,0.9999993007829886,False
FAM111B,0.04383971,0.53757834,0.9650321710449326,0.9999993007829886,False
LINC01075,0.043838836,1.108121,0.9650328695903603,0.9999993007829886,False
LINC00330,0.04383796,2.3646107,0.965033568135815,0.9999993007829886,False
ENSG00000231536,0.04383533,3.7442656,0.9650356637723398,0.9999993007829886,False
TMEM212-AS1,0.043831825,0.5426532,0.9650384579547489,0.9999993007829886,False
FTLP5,0.043831825,1.4785433,0.9650384579547489,0.9999993007829886,False
C5orf52,0.04383095,1.6502507,0.9650391565004182,0.9999993007829886,False
PCGEM1,0.043829195,1.8207649,0.9650405535918373,0.9999993007829886,False
AKAP5,0.04382832,2.311509,0.9650412521375871,0.9999993007829886,False
TRIM49B,0.04382832,1.128539,0.9650412521375871,0.9999993007829886,False
SPP1,0.04382832,2.038518,0.9650412521375871,0.9999993007829886,False
IRGC,0.043827444,1.8751839,0.9650419506833637,0.9999993007829886,False
ENSG00000242324,0.04382657,1.6965663,0.9650426492291672,0.9999993007829886,False
ENSG00000259198,0.04382657,1.6429168,0.9650426492291672,0.9999993007829886,False
CCDC194,0.04382657,1.0228451,0.9650426492291672,0.9999993007829886,False
ENSG00000279043,0.04382657,1.289832,0.9650426492291672,0.9999993007829886,False
ENSG00000261018,0.043823063,1.5167278,0.9650454434126493,0.9999993007829886,False
LINC00687,0.043823063,0.60324526,0.9650454434126493,0.9999993007829886,False
ENSG00000234714,0.04382131,0.68017924,0.9650468405045514,0.9999993007829886,False
ENSG00000235356,0.043817803,0.65508133,0.9650496346886773,0.9999993007829886,False
P4HA3-AS1,0.043817803,1.4586886,0.9650496346886773,0.9999993007829886,False
ENSG00000268326,0.043816928,0.77890384,0.9650503332347758,0.9999993007829886,False
ENSG00000287863,0.043816052,0.6555285,0.9650510317809012,0.9999993007829886,False
ENSG00000235152,0.04381167,0.5344705,0.9650545245119304,0.9999993007829886,False
SLFN12,0.04381167,0.85212106,0.9650545245119304,0.9999993007829886,False
HNRNPCP4,0.043810792,1.3518983,0.9650552230582168,0.9999993007829886,False
LINC00408,0.043809917,0.5761909,0.9650559216045299,0.9999993007829886,False
SLC5A7,0.04380904,0.5289402,0.9650566201508698,0.9999993007829886,False
ENSG00000232252,0.04380904,0.24915595,0.9650566201508698,0.9999993007829886,False
CD177P1,0.043803785,0.37442297,0.9650608114294726,0.9999993007829886,False
OR4D9,0.04380028,0.28986073,0.9650636056157442,0.9999993007829886,False
ENSG00000286107,0.043794144,0.46099624,0.9650684954427516,0.9999993007829886,False
MIR194-2HG,0.04373981,0.064726226,0.9651118053964272,0.9999993007829886,False
TTN,0.04101615,0.06957771,0.9672830206862757,0.9999993007829886,False
SLC27A6,0.040346626,0.1472439,0.9678167806104427,0.9999993007829886,False
SHROOM4,0.035165712,0.4471941,0.9719476016141173,0.9999993007829886,False
ENSG00000223838,0.03502725,0.25691977,0.9720580098824659,0.9999993007829886,False
LINC01608,0.034198236,0.40049195,0.9727190730469433,0.9999993007829886,False
SMIM36,0.033784606,0.67732686,0.973048912867701,0.9999993007829886,False
LINC02549,0.03334293,0.49033925,0.9734011197974799,0.9999993007829886,False
KCNU1,0.03305023,0.49121562,0.9736345296326718,0.9999993007829886,False
ENSG00000248148,0.032978375,0.31300035,0.973691834189697,0.9999993007829886,False
RHBDF2,0.032978375,0.33180434,0.973691834189697,0.9999993007829886,False
NOC2LP1,0.032973114,1.1760651,0.9736960272114001,0.9999993007829886,False
ENSG00000228592,0.032946825,0.6020095,0.9737169923308181,0.9999993007829886,False
ENSG00000230107,0.032941565,0.85884935,0.9737211853568812,0.9999993007829886,False
LINC01926,0.032938063,0.54814833,0.9737239807079936,0.9999993007829886,False
SLC5A10,0.032927547,1.2097664,0.9737323667632667,0.9999993007829886,False
LINC02598,0.032925792,1.2016599,0.9737337644394279,0.9999993007829886,False
PON3,0.03291878,0.49178427,0.9737393551448793,0.9999993007829886,False
ENSG00000287364,0.032913525,0.37023035,0.9737435481748146,0.9999993007829886,False
ENSG00000267224,0.03291002,0.42495984,0.9737463435285079,0.9999993007829886,False
BLK,0.032908265,0.4348458,0.9737477412054755,0.9999993007829886,False
LINC02156,0.032906514,0.52564824,0.9737491388825237,0.9999993007829886,False
GZMAP1,0.03290301,0.4117354,0.9737519342368619,0.9999993007829886,False
ALOX15B,0.032901254,1.1347756,0.9737533319141519,0.9999993007829886,False
SDR16C6P,0.032901254,1.5546981,0.9737533319141519,0.9999993007829886,False
ENSG00000248468,0.032894243,1.3299724,0.973758922624118,0.9999993007829886,False
POLR1G,0.03289249,0.9114616,0.9737603203018109,0.9999993007829886,False
ENSG00000280070,0.032888986,1.0356234,0.9737631156574386,0.9999993007829886,False
ENSG00000258820,0.032887235,1.8838625,0.9737645133353733,0.9999993007829886,False
ENSG00000286309,0.03288373,1.0287622,0.9737673086914843,0.9999993007829886,False
LINC02280,0.032881975,1.7033978,0.9737687063696607,0.9999993007829886,False
RIPK4,0.032881975,0.91054195,0.9737687063696607,0.9999993007829886,False
ELF5,0.032874964,2.2637007,0.9737742970831716,0.9999993007829886,False
ENSG00000286322,0.032874964,1.8631124,0.9737742970831716,0.9999993007829886,False
TERB2,0.032874964,0.8389912,0.9737742970831716,0.9999993007829886,False
SEPSECS-AS1,0.032874964,1.1429057,0.9737742970831716,0.9999993007829886,False
OSTCP1,0.032874964,0.794362,0.9737742970831716,0.9999993007829886,False
C22orf31,0.032874964,0.6909355,0.9737742970831716,0.9999993007829886,False
ENSG00000255343,0.032873213,1.0242739,0.9737756947617506,0.9999993007829886,False
ENSG00000286375,0.032873213,1.2571008,0.9737756947617506,0.9999993007829886,False
PPDPFL,0.03287146,1.3188498,0.9737770924404102,0.9999993007829886,False
LTK,0.032869708,0.47130904,0.9737784901191504,0.9999993007829886,False
RNU6-147P,0.032869708,0.74053806,0.9737784901191504,0.9999993007829886,False
EVA1CP1,0.032864448,0.90439594,0.9737826831558538,0.9999993007829886,False
CBX1P3,0.032864448,0.6913406,0.9737826831558538,0.9999993007829886,False
OR5H14,0.032864448,0.9152472,0.9737826831558538,0.9999993007829886,False
ENSG00000253260,0.032855686,0.48766744,0.9737896715519697,0.9999993007829886,False
ENSG00000231394,0.032855686,0.5963398,0.9737896715519697,0.9999993007829886,False
CRYGB,0.032855686,0.44184825,0.9737896715519697,0.9999993007829886,False
SULT2A1,0.032850426,0.10523692,0.9737938645906051,0.9999993007829886,False
ENSG00000254350,0.032841664,0.09074072,0.9738008529899401,0.9999993007829886,False
ENSG00000287797,0.03281362,-0.017873494,0.9738232158813256,0.9999993007829886,False
LATS2,0.025226282,0.7420364,0.9798744736641957,0.9999993007829886,False
LINC02043,0.023395611,0.42968085,0.9813347062184908,0.9999993007829886,False
NUDT17,0.022961823,0.4637515,0.9816807256739447,0.9999993007829886,False
LINC02864,0.022329982,0.40329987,0.9821847318777006,0.9999993007829886,False
ENSG00000279912,0.022159098,0.76218843,0.9823210454652667,0.9999993007829886,False
C1R,0.022147704,0.36953032,0.982330133056168,0.9999993007829886,False
LINC01996,0.022140695,0.70709276,0.9823357254209394,0.9999993007829886,False
ENSG00000285930,0.022121415,0.6048874,0.9823511044285358,0.9999993007829886,False
C6orf132,0.022086361,0.29689506,0.9823790662773292,0.9999993007829886,False
CMKLR2-AS,0.022068834,0.38656825,0.9823930472098461,0.9999993007829886,False
SLC22A16,0.022064453,0.7824539,0.9823965424438205,0.9999993007829886,False
LINC01520,0.022053936,0.41711032,0.9824049310067375,0.9999993007829886,False
GATA3,0.02202677,1.2352114,0.9824266014699422,0.9999993007829886,False
ENSG00000267152,0.02201713,0.76388156,0.9824342909922618,0.9999993007829886,False
AMELY,0.0220145,0.40436056,0.9824363881349958,0.9999993007829886,False
NMRAL2P,0.021988211,1.1848254,0.9824573595690096,0.9999993007829886,False
LINC02547,0.021966303,0.76664805,0.9824748357732823,0.9999993007829886,False
LINC01787,0.021963673,0.237446,0.9824769329183604,0.9999993007829886,False
LINC02286,0.021958416,1.2139287,0.9824811272088798,0.9999993007829886,False
FRMD3-AS1,0.021957539,0.19934462,0.9824818262573468,0.9999993007829886,False
ZPBP2,0.021954034,1.2994815,0.9824846224513493,0.9999993007829886,False
LINC01956,0.02194527,0.46466556,0.9824916129372968,0.9999993007829886,False
CLEC6A,0.021942642,0.5684717,0.9824937100833432,0.9999993007829886,False
ENSG00000249225,0.021941764,0.42410788,0.9824944091320522,0.9999993007829886,False
UCKL1-AS1,0.021940012,0.80894125,0.9824958072295106,0.9999993007829886,False
ENSG00000287224,0.021937383,0.94311553,0.982497904375799,0.9999993007829886,False
ENSG00000280132,0.021934755,1.4270173,0.9825000015222083,0.9999993007829886,False
TNFRSF10B-AS1,0.021932125,1.6693155,0.9825020986687385,0.9999993007829886,False
ENSG00000289553,0.02193125,0.71689606,0.9825027977176088,0.9999993007829886,False
PTMAP5,0.02193125,1.1538289,0.9825027977176088,0.9999993007829886,False
ENSG00000268416,0.021929497,0.7464962,0.9825041958153897,0.9999993007829886,False
ENSG00000255241,0.02192862,0.9906247,0.9825048948643004,0.9999993007829886,False
ENSG00000267211,0.021927744,2.5482438,0.9825055939132243,0.9999993007829886,False
PLEKHS1,0.021925991,0.39099896,0.9825069920111127,0.9999993007829886,False
ENSG00000184188,0.021925991,0.95695984,0.9825069920111127,0.9999993007829886,False
ENSG00000289016,0.021925114,1.2249018,0.9825076910600771,0.9999993007829886,False
BTBD7P1,0.021925114,1.0773118,0.9825076910600771,0.9999993007829886,False
PPP1R36,0.021922486,0.75435644,0.9825097882070506,0.9999993007829886,False
BNIP5,0.021921609,1.0881381,0.9825104872560686,0.9999993007829886,False
ENSG00000278654,0.021919856,0.94400156,0.982511885354145,0.9999993007829886,False
ENSG00000288974,0.021919856,1.1929361,0.982511885354145,0.9999993007829886,False
TTC16,0.02191898,0.686911,0.9825125844032033,0.9999993007829886,False
ENSG00000249052,0.021918103,0.90891033,0.9825132834522752,0.9999993007829886,False
ENSG00000277304,0.021917228,0.64828235,0.9825139825013604,0.9999993007829886,False
ENSG00000231143,0.021915475,0.80055076,0.982515380599571,0.9999993007829886,False
CRHR1,0.021915475,1.3855716,0.982515380599571,0.9999993007829886,False
ENSG00000277498,0.021914598,0.6897883,0.9825160796486965,0.9999993007829886,False
POTEB3,0.021913722,0.79189986,0.9825167786978354,0.9999993007829886,False
PTCRA,0.021912847,0.61795455,0.9825174777469876,0.9999993007829886,False
TSGA13,0.021912847,0.4066736,0.9825174777469876,0.9999993007829886,False
ENSG00000240792,0.021912847,0.44459665,0.9825174777469876,0.9999993007829886,False
MEAF6P1,0.021912847,0.73035854,0.9825174777469876,0.9999993007829886,False
CLDN3,0.021911094,0.59282213,0.9825188758453326,0.9999993007829886,False
RNU6-705P,0.021911094,0.62046576,0.9825188758453326,0.9999993007829886,False
COL2A1,0.021910217,0.63597614,0.9825195748945251,0.9999993007829886,False
CFHR3,0.021909341,0.21917066,0.9825202739437312,0.9999993007829886,False
TBX21,0.021908464,0.50260365,0.9825209729929506,0.9999993007829886,False
ID3,0.021908464,0.22533111,0.9825209729929506,0.9999993007829886,False
FAM240A,0.021906711,0.48964748,0.9825223710914297,0.9999993007829886,False
TEX51,0.021904958,0.57906044,0.9825237691899625,0.9999993007829886,False
ENSG00000289218,0.021904958,0.35258552,0.9825237691899625,0.9999993007829886,False
ENSG00000255038,0.021903206,0.38040838,0.982525167288549,0.9999993007829886,False
ENSG00000286701,0.021901453,0.24430428,0.9825265653871892,0.9999993007829886,False
SERPINB2,0.021900577,0.29183784,0.9825272644365294,0.9999993007829886,False
ENSG00000287538,0.021900577,0.216686,0.9825272644365294,0.9999993007829886,False
CNPY4,0.021898825,0.11628652,0.9825286625352501,0.9999993007829886,False
LINC00858,0.021897947,0.0062064403,0.9825293615846304,0.9999993007829886,False
ENSG00000234699,0.021897947,0.22194016,0.9825293615846304,0.9999993007829886,False
SEC62-AS1,0.021896195,0.13279074,0.9825307596834316,0.9999993007829886,False
APOBEC3F,0.02189532,0.0623874,0.9825314587328523,0.9999993007829886,False
ENSG00000234537,0.021889186,-0.068866484,0.9825363520791727,0.9999993007829886,False
ENSG00000253106,0.021875164,0.0025628132,0.9825475368732293,0.9999993007829886,False
LINC00456,0.021875164,-0.061331827,0.9825475368732293,0.9999993007829886,False
CD86,0.021855008,0.018565295,0.9825636150206951,0.9999993007829886,False
USP8,0.016028233,0.15905413,0.9872118684184192,0.9999993007829886,False
LINC01496,0.013022391,0.5843655,0.9896099288744111,0.9999993007829886,False
PKHD1L1,0.011246929,0.36154118,0.991026438059116,0.9999993007829886,False
LINC02200,0.011220639,0.4286885,0.9910474132459028,0.9999993007829886,False
SH3TC2-DT,0.01120837,0.4206493,0.9910572016685216,0.9999993007829886,False
CBS,0.0111785745,0.46603703,0.9910809735576255,0.9999993007829886,False
NUPR1,0.011169812,0.41233823,0.9910879652912227,0.9999993007829886,False
ENSG00000287413,0.011140016,0.4194068,0.991111737190569,0.9999993007829886,False
LINC00954,0.011097952,0.66958344,0.9911452975324858,0.9999993007829886,False
LINC00348,0.011092694,0.29080632,0.9911494925763282,0.9999993007829886,False
SPATA25,0.011090941,1.1647713,0.9911508909243301,0.9999993007829886,False
TRIB1AL,0.011068156,0.51702684,0.9911690694508261,0.9999993007829886,False
ENSG00000204684,0.011066403,0.5255323,0.9911704677992081,0.9999993007829886,False
ENSG00000267627,0.011055888,0.09740753,0.9911788578900695,0.9999993007829886,False
DNAJA4-DT,0.011052382,0.8654671,0.9911816545872402,0.9999993007829886,False
ENSG00000285887,0.011026092,0.4243036,0.9912026298194713,0.9999993007829886,False
C9orf152,0.011024339,0.16071875,0.9912040281685031,0.9999993007829886,False
ENSG00000274075,0.011015575,1.1811734,0.991211019914067,0.9999993007829886,False
PRCD,0.011013823,1.0346333,0.9912124182632608,0.9999993007829886,False
GPA33,0.011006813,0.36165586,0.9912180116603059,0.9999993007829886,False
HIGD2B,0.010998049,0.6872491,0.9912250034072192,0.9999993007829886,False
NAP1L1P1,0.010994543,0.44520253,0.9912278001061733,0.9999993007829886,False
ENSG00000271596,0.010992791,0.9515602,0.9912291984556907,0.9999993007829886,False
OR9M1P,0.010989286,1.0854923,0.9912319951548064,0.9999993007829886,False
ENSG00000279998,0.010987533,0.7519585,0.9912333935044046,0.9999993007829886,False
IYD,0.010984028,1.2004186,0.9912361902036819,0.9999993007829886,False
ENSG00000287188,0.010984028,0.960149,0.9912361902036819,0.9999993007829886,False
LINC01732,0.010982275,1.608399,0.991237588553361,0.9999993007829886,False
KLKP1,0.010982275,1.6276703,0.991237588553361,0.9999993007829886,False
ENSG00000287939,0.010980522,0.32027933,0.9912389869030669,0.9999993007829886,False
FABP5P3,0.0109787695,0.29506126,0.9912403852527998,0.9999993007829886,False
ENSG00000273956,0.0109787695,1.1649928,0.9912403852527998,0.9999993007829886,False
PRR27,0.0109787695,0.24260026,0.9912403852527998,0.9999993007829886,False
LINC02659,0.010973511,1.3156087,0.9912445803021597,0.9999993007829886,False
ENSG00000226918,0.010973511,1.0502441,0.9912445803021597,0.9999993007829886,False
ENSG00000229770,0.010973511,0.66856813,0.9912445803021597,0.9999993007829886,False
ENSG00000289460,0.010973511,1.352032,0.9912445803021597,0.9999993007829886,False
LINC02662,0.0109717585,0.5708111,0.9912459786520001,0.9999993007829886,False
ENSG00000267239,0.0109717585,1.255281,0.9912459786520001,0.9999993007829886,False
IFNB1,0.0109717585,1.6521972,0.9912459786520001,0.9999993007829886,False
CLEC4E,0.0109717585,0.83705235,0.9912459786520001,0.9999993007829886,False
IL32,0.0109717585,0.9907052,0.9912459786520001,0.9999993007829886,False
ENSG00000258314,0.0109717585,0.54040134,0.9912459786520001,0.9999993007829886,False
ZNF716,0.010970006,0.16431032,0.9912473770018675,0.9999993007829886,False
CLEC4F,0.010968254,1.0526625,0.9912487753517617,0.9999993007829886,False
ENSG00000280424,0.010968254,0.8052316,0.9912487753517617,0.9999993007829886,False
ENSG00000285338,0.010966501,0.82695895,0.9912501737016829,0.9999993007829886,False
ENSG00000287428,0.010966501,0.91832775,0.9912501737016829,0.9999993007829886,False
ENSG00000225209,0.010966501,1.253426,0.9912501737016829,0.9999993007829886,False
ENSG00000287563,0.010962996,0.26564196,0.9912529704016058,0.9999993007829886,False
LINC01148,0.01095949,0.6833683,0.9912557671016361,0.9999993007829886,False
ENSG00000256658,0.010957737,0.07402786,0.9912571654516915,0.9999993007829886,False
UGT2A3,0.010957737,0.43301308,0.9912571654516915,0.9999993007829886,False
ENSG00000288552,0.010957737,0.40074107,0.9912571654516915,0.9999993007829886,False
GUCY2GP,0.010957737,0.10924717,0.9912571654516915,0.9999993007829886,False
ENSG00000259989,0.010955985,0.24779639,0.9912585638017738,0.9999993007829886,False
ENSG00000284653,0.010950726,0.1285838,0.9912627588521818,0.9999993007829886,False
LINC01553,0.010948974,0.09967899,0.9912641572023715,0.9999993007829886,False
SLC6A3,0.010945469,-0.0024520678,0.9912669539028314,0.9999993007829886,False
ITLN1,0.010941964,-0.14057763,0.9912697506033986,0.9999993007829886,False
ENSG00000286656,0.010941964,-0.15517586,0.9912697506033986,0.9999993007829886,False
MACORIS,0.010940211,-0.6238392,0.9912711489537225,0.9999993007829886,False
MOGAT3,0.010940211,-0.09326324,0.9912711489537225,0.9999993007829886,False
SCOC-AS1,0.010938458,-0.1600751,0.9912725473040731,0.9999993007829886,False
LRRC17,0.010936705,-0.072364055,0.9912739456544505,0.9999993007829886,False
PRDM14,0.010936705,-0.21994936,0.9912739456544505,0.9999993007829886,False
SLC2A4,0.010934953,-0.04494423,0.9912753440048547,0.9999993007829886,False
PPIAP78,0.010929694,-0.46958098,0.9912795390562283,0.9999993007829886,False
IL1R2,0.010924436,-0.118187845,0.9912837341078429,0.9999993007829886,False
LINC02025,0.01082804,-0.5100282,0.9913606434300303,0.9999993007829886,False
ENSG00000279762,0.010682567,0.15080096,0.9914767067407211,0.9999993007829886,False
RSPH10B,0.00057312544,0.14869227,0.9995427120995929,0.9999993007829886,False
XCR1,0.00028743906,0.27067277,0.9997706568234259,0.9999993007829886,False
SEPTIN7P11,0.0002383641,0.6873358,0.9998098129747061,0.9999993007829886,False
TMEM88B,0.00022171365,0.27672482,0.9998230980975705,0.9999993007829886,False
ENSG00000285740,0.00017877307,0.8790119,0.9998573597304385,0.9999993007829886,False
SDC4,0.00016299897,0.42310533,0.9998699456364595,0.9999993007829886,False
ENSG00000285831,0.00015335924,0.57164687,0.9998776370234884,0.9999993007829886,False
CDRT4,0.00013057445,0.091228075,0.9998958166656007,0.9999993007829886,False
LRRN4CL,0.00010691331,0.48985195,0.9999146955247743,0.9999993007829886,False
CD300LG,0.00010428429,0.3272158,0.9999167931757967,0.9999993007829886,False
ENSG00000286530,9.289189e-05,0.3602344,0.9999258829969004,0.9999993007829886,False
ENSG00000279443,8.325216e-05,0.32430553,0.9999335743839958,0.9999993007829886,False
CPNE8-AS1,8.062315e-05,0.61207867,0.9999356720350229,0.9999993007829886,False
MYCT1,7.624146e-05,0.31089872,0.999939168120069,0.9999993007829886,False
SLC39A5,6.572539e-05,0.23815255,0.9999475587241844,0.9999993007829886,False
TRIM56,6.309638e-05,0.39321047,0.9999496563752142,0.9999993007829886,False
ENSG00000288605,5.7838344e-05,0.5000427,0.9999538516772748,0.9999993007829886,False
ENSG00000285773,5.6962006e-05,0.42874604,0.999954550894285,0.9999993007829886,False
LINC00670,5.6085668e-05,0.59600115,0.9999552501112953,0.9999993007829886,False
ENSG00000256538,5.1703977e-05,0.24690333,0.9999587461963471,0.9999993007829886,False
PNLIPRP2,4.2940588e-05,0.40606272,0.999965738366453,0.9999993007829886,False
ENSG00000282998,4.206425e-05,0.454002,0.9999664375834637,0.9999993007829886,False
LINC03004,4.1187912e-05,0.7675138,0.9999671368004746,0.9999993007829886,False
TTC22,3.8558897e-05,0.51705104,0.999969234451507,0.9999993007829886,False
OR5G5P,3.768256e-05,0.8982209,0.9999699336685178,0.9999993007829886,False
ENSG00000267968,3.5929883e-05,0.62204283,0.9999713321025396,0.9999993007829886,False
ENSG00000285820,3.2424527e-05,1.5828247,0.9999741289705836,0.9999993007829886,False
LINC01455,3.2424527e-05,0.830708,0.9999741289705836,0.9999993007829886,False
TTC24,3.067185e-05,0.5120147,0.9999755274046056,0.9999993007829886,False
LINC00842,2.9795512e-05,0.70624435,0.9999762266216167,0.9999993007829886,False
TACC1P1,2.7166496e-05,1.2363127,0.9999783242726499,0.9999993007829886,False
LINC01701,2.5413818e-05,0.4254702,0.9999797227066722,0.9999993007829886,False
ENSG00000289576,2.5413818e-05,0.5003013,0.9999797227066722,0.9999993007829886,False
ENSG00000279784,2.453748e-05,1.692765,0.9999804219236834,0.9999993007829886,False
ENSG00000278903,2.3661141e-05,0.31163132,0.9999811211406946,0.9999993007829886,False
SLC25A24P1,2.3661141e-05,0.9701017,0.9999811211406946,0.9999993007829886,False
CFAP97D1,2.2784803e-05,1.0930222,0.9999818203577058,0.9999993007829886,False
LINC02810,2.2784803e-05,0.3080995,0.9999818203577058,0.9999993007829886,False
ZNF886P,2.1908465e-05,0.5650742,0.999982519574717,0.9999993007829886,False
ENSG00000271752,1.752677e-05,0.5360434,0.9999860156597732,0.9999993007829886,False
ATF6-DT,1.5774094e-05,1.2228825,0.9999874140937957,0.9999993007829886,False
ENSG00000264243,1.4897756e-05,1.0793688,0.9999881133108071,0.9999993007829886,False
LINC01053,1.3145079e-05,0.7000002,0.9999895117448296,0.9999993007829886,False
RN7SL403P,1.3145079e-05,0.7168561,0.9999895117448296,0.9999993007829886,False
ENSG00000228384,1.1392402e-05,0.4323963,0.9999909101788522,0.9999993007829886,False
ENSG00000287845,9.639724e-06,-0.00031637767,0.9999923086128749,0.9999993007829886,False
C5orf46,9.639724e-06,0.13606499,0.9999923086128749,0.9999993007829886,False
ENSG00000272682,8.763385e-06,0.5942755,0.9999930078298863,0.9999993007829886,False
KLRF1,7.887047e-06,0.08984695,0.9999937070468976,0.9999993007829886,False
ANGPT2,7.0107085e-06,0.10788476,0.999994406263909,0.9999993007829886,False
ENSG00000286541,6.13437e-06,0.3212677,0.9999951054809204,0.9999993007829886,False
CASC22,4.3816926e-06,0.2379815,0.9999965039149431,0.9999993007829886,False
MTATP6P2,4.3816926e-06,0.17177986,0.9999965039149431,0.9999993007829886,False
ACAA2P1,3.5053542e-06,-0.071301326,0.9999972031319545,0.9999993007829886,False
C1QC,2.6290156e-06,0.08788845,0.9999979023489659,0.9999993007829886,False
ENSG00000203825,2.6290156e-06,0.09179835,0.9999979023489659,0.9999993007829886,False
LINC02248,2.6290156e-06,0.20956182,0.9999979023489659,0.9999993007829886,False
LINC01150,1.7526771e-06,-0.045854274,0.9999986015659772,0.9999993007829886,False
LINC02965,1.7526771e-06,-0.08483422,0.9999986015659772,0.9999993007829886,False
CD200R1L,8.7633856e-07,0.008377425,0.9999993007829886,0.9999993007829886,False
LINC00702,8.7633856e-07,-0.03776251,0.9999993007829886,0.9999993007829886,False
LINC01907,-8.7633856e-07,0.26284882,0.9999993007829886,0.9999993007829886,False
CERNA1,-1.7526771e-06,-0.035744622,0.9999986015659772,0.9999993007829886,False
OOEP,-2.6290156e-06,-0.123933755,0.9999979023489659,0.9999993007829886,False
CSAG1,-2.6290156e-06,-0.057370704,0.9999979023489659,0.9999993007829886,False
LINC01039,-4.3816926e-06,-0.010757002,0.9999965039149431,0.9999993007829886,False
ENSG00000254926,-7.887047e-06,-0.14327006,0.9999937070468976,0.9999993007829886,False
MLN,-8.763385e-06,0.15986843,0.9999930078298863,0.9999993007829886,False
GPX6,-9.639724e-06,-0.5078774,0.9999923086128749,0.9999993007829886,False
HMGN2P15,-1.05160625e-05,-0.040350366,0.9999916093958636,0.9999993007829886,False
DYNAP,-1.4897756e-05,-0.34631348,0.9999881133108071,0.9999993007829886,False
FAM192BP,-1.752677e-05,-0.3130174,0.9999860156597732,0.9999993007829886,False
ENSG00000214546,-1.9279449e-05,-0.06966027,0.9999846172257506,0.9999993007829886,False
MALL,-2.7166496e-05,-0.13747106,0.9999783242726499,0.9999993007829886,False
PPP1R12BP1,-7.1859766e-05,0.5382542,0.9999426642051163,0.9999993007829886,False
ANKRD62,-0.007834467,0.44989297,0.9937490638642402,0.9999993007829886,False
ITGAD,-0.010423171,0.5495765,0.9916836634515235,0.9999993007829886,False
ENSG00000258747,-0.01056689,0.33368555,0.9915689981768716,0.9999993007829886,False
ENSG00000285749,-0.010763191,0.1873245,0.9914123824738041,0.9999993007829886,False
ENSG00000236892,-0.010770201,0.4590866,0.9914067890619216,0.9999993007829886,False
ENSG00000236319,-0.010836802,0.55761707,0.9913536516701398,0.9999993007829886,False
ENSG00000225879,-0.01085433,0.29855263,0.9913396681523513,0.9999993007829886,False
TAFA3,-0.010863093,0.75272447,0.9913326763944544,0.9999993007829886,False
HMSD,-0.010875362,0.1988342,0.9913228879345171,0.9999993007829886,False
F13B,-0.010882372,0.18296161,0.9913172945294249,0.9999993007829886,False
ZNF571,-0.010884125,0.5341113,0.9913158961782185,0.9999993007829886,False
ENSG00000289510,-0.010885878,0.48448676,0.9913144978270388,0.9999993007829886,False
HABP2,-0.0108928885,0.46713075,0.9913089044225868,0.9999993007829886,False
LGALS2,-0.010894641,0.4889132,0.9913075060715406,0.9999993007829886,False
MUC19,-0.01090691,0.062582865,0.9912977176149647,0.9999993007829886,False
ENSG00000236989,-0.010908662,0.12425198,0.9912963192641321,0.9999993007829886,False
ENSG00000236957,-0.010922684,0.2975291,0.9912851324584346,0.9999993007829886,False
Metazoa_SRP-143,-0.010924436,0.20089436,0.9912837341078429,0.9999993007829886,False
ENSG00000287741,-0.010926189,0.24535936,0.9912823357572779,0.9999993007829886,False
TAS2R42,-0.010927942,0.84379846,0.9912809374067397,0.9999993007829886,False
HMGB1P44,-0.010927942,0.540573,0.9912809374067397,0.9999993007829886,False
ENSG00000233028,-0.010929694,0.70218015,0.9912795390562283,0.9999993007829886,False
LECT2,-0.010929694,0.13553366,0.9912795390562283,0.9999993007829886,False
TEAD2,-0.010929694,0.6910353,0.9912795390562283,0.9999993007829886,False
EDN3,-0.0109332,0.42955056,0.9912767423552858,0.9999993007829886,False
LINC00671,-0.010934953,-0.02918991,0.9912753440048547,0.9999993007829886,False
ENSG00000289136,-0.010936705,0.5988024,0.9912739456544505,0.9999993007829886,False
ENSG00000144785,-0.010938458,0.20485975,0.9912725473040731,0.9999993007829886,False
ENSG00000259624,-0.010938458,1.118134,0.9912725473040731,0.9999993007829886,False
IFITM2,-0.010938458,0.31476054,0.9912725473040731,0.9999993007829886,False
ENSG00000287684,-0.010938458,0.15355363,0.9912725473040731,0.9999993007829886,False
LINC01714,-0.010940211,0.17683278,0.9912711489537225,0.9999993007829886,False
ENSG00000272599,-0.010940211,0.0023989626,0.9912711489537225,0.9999993007829886,False
ENSG00000287442,-0.010940211,0.34556678,0.9912711489537225,0.9999993007829886,False
ENSG00000279648,-0.010941964,0.24104047,0.9912697506033986,0.9999993007829886,False
CYP4F12,-0.010943716,0.3141147,0.9912683522531016,0.9999993007829886,False
ENSG00000257515,-0.010943716,0.22440709,0.9912683522531016,0.9999993007829886,False
LINC01646,-0.010943716,0.23954314,0.9912683522531016,0.9999993007829886,False
ENSG00000258866,-0.010945469,-0.015766291,0.9912669539028314,0.9999993007829886,False
LINC02386,-0.010945469,-0.1469727,0.9912669539028314,0.9999993007829886,False
Y_RNA-711,-0.010945469,-0.047988415,0.9912669539028314,0.9999993007829886,False
UGT1A8,-0.010947221,-0.095286965,0.9912655555525881,0.9999993007829886,False
ESPN,-0.010947221,0.058623288,0.9912655555525881,0.9999993007829886,False
LYSMD1,-0.010952479,-0.077450305,0.991261360502019,0.9999993007829886,False
ENSG00000275265,-0.010954232,-0.2321204,0.991259962151883,0.9999993007829886,False
LINC00559,-0.010954232,-0.0894297,0.991259962151883,0.9999993007829886,False
NR0B1,-0.010957737,-0.08545761,0.9912571654516915,0.9999993007829886,False
PRR29,-0.01095949,-0.3962715,0.9912557671016361,0.9999993007829886,False
ENSG00000232431,-0.010961243,-0.91976976,0.9912543687516074,0.9999993007829886,False
GRAMD2B,-0.010962996,-0.45958814,0.9912529704016058,0.9999993007829886,False
ENSG00000286853,-0.010962996,-0.26449397,0.9912529704016058,0.9999993007829886,False
SPMAP2,-0.010964748,-0.2396323,0.9912515720516308,0.9999993007829886,False
ENSG00000261578,-0.010966501,-0.4279803,0.9912501737016829,0.9999993007829886,False
CSTL1,-0.010970006,-0.24072039,0.9912473770018675,0.9999993007829886,False
ENSG00000287016,-0.0109717585,-0.15862094,0.9912459786520001,0.9999993007829886,False
TTC3P1,-0.011355595,0.22178988,0.9909397406863549,0.9999993007829886,False
CCNT1,-0.014229986,0.28370935,0.988646497337034,0.9999993007829886,False
CFAP61,-0.01577234,0.25381705,0.9874160139776029,0.9999993007829886,False
ENSG00000288016,-0.021022486,0.1870927,0.9832277185272129,0.9999993007829886,False
GFI1B,-0.021688502,0.5328656,0.9826964347700728,0.9999993007829886,False
HPD,-0.021727938,0.088502064,0.9826649774175253,0.9999993007829886,False
SPSB3,-0.021730568,0.1053624,0.9826628802616466,0.9999993007829886,False
TRIM50,-0.021748971,0.4699466,0.9826482001738513,0.9999993007829886,False
GABRP,-0.02177526,0.37863865,0.9826272286300519,0.9999993007829886,False
ENSG00000283445,-0.021815572,0.3745218,0.9825950722862156,0.9999993007829886,False
ENSG00000288755,-0.021819077,0.88218427,0.9825922760837393,0.9999993007829886,False
ENSG00000255470,-0.021829594,0.18619217,0.9825838874775941,0.9999993007829886,False
ENSG00000288757,-0.021831347,0.18733078,0.9825824893767571,0.9999993007829886,False
LY9,-0.021834852,0.5458257,0.9825796931752435,0.9999993007829886,False
PLA2G1B,-0.02185413,0.16303296,0.9825643140707456,0.9999993007829886,False
SPINT1-AS1,-0.021857636,0.38624662,0.9825615178706238,0.9999993007829886,False
FOXL2,-0.021860266,0.4197018,0.9825594207206731,0.9999993007829886,False
ENSG00000286240,-0.0218664,0.4578791,0.9825545273712568,0.9999993007829886,False
ENSG00000286295,-0.021868153,0.048575412,0.982553129271544,0.9999993007829886,False
ENSG00000203565,-0.021871658,0.25525317,0.9825503330722795,0.9999993007829886,False
ENSG00000243304,-0.021874286,0.39328972,0.9825482359229717,0.9999993007829886,False
ENSG00000279428,-0.021877792,0.14517878,0.9825454397240823,0.9999993007829886,False
ENSG00000234686,-0.021879544,0.39536652,0.982544041624718,0.9999993007829886,False
ENSG00000233891,-0.021881297,0.20494255,0.9825426435254072,0.9999993007829886,False
DENND6A-DT,-0.02188305,0.15900901,0.9825412454261502,0.9999993007829886,False
ENSG00000286126,-0.02188305,0.2967621,0.9825412454261502,0.9999993007829886,False
ENSG00000250945,-0.021883927,0.11469586,0.9825405463765418,0.9999993007829886,False
OR7G2,-0.021884803,0.011549736,0.9825398473269467,0.9999993007829886,False
ZAR1L,-0.021887433,0.3442275,0.9825377501782421,0.9999993007829886,False
CEACAM7,-0.021889186,0.074319966,0.9825363520791727,0.9999993007829886,False
CCDC197,-0.021890061,0.49917978,0.9825356530296582,0.9999993007829886,False
ENSG00000288022,-0.021890061,0.2652092,0.9825356530296582,0.9999993007829886,False
ENSG00000284703,-0.021890938,0.08284182,0.982534953980157,0.9999993007829886,False
APOBEC1,-0.02189269,-0.012749899,0.9825335558811948,0.9999993007829886,False
ENSG00000288726,-0.021893566,-0.100981906,0.982532856831734,0.9999993007829886,False
Y_RNA-176,-0.021894442,-0.05801027,0.9825321577822864,0.9999993007829886,False
ENSG00000229983,-0.02189532,-0.03730075,0.9825314587328523,0.9999993007829886,False
ENSG00000287904,-0.02189532,0.04388734,0.9825314587328523,0.9999993007829886,False
KISS1,-0.021897072,0.032827027,0.9825300606340244,0.9999993007829886,False
HCAR1,-0.021897947,-0.097099155,0.9825293615846304,0.9999993007829886,False
ENSG00000224322,-0.021898825,-0.17028624,0.9825286625352501,0.9999993007829886,False
LINC01863,-0.0218997,-0.097485386,0.982527963485883,0.9999993007829886,False
ENSG00000237666,-0.0218997,-0.08507241,0.982527963485883,0.9999993007829886,False
SIGLEC6,-0.0218997,0.086528994,0.982527963485883,0.9999993007829886,False
ENSG00000253561,-0.021900577,-0.17075484,0.9825272644365294,0.9999993007829886,False
NBPF13P,-0.021900577,-0.66723627,0.9825272644365294,0.9999993007829886,False
ENSG00000261458,-0.02190233,-0.31003454,0.9825258663378624,0.9999993007829886,False
NTRAS,-0.021903206,-0.28371316,0.982525167288549,0.9999993007829886,False
FAM25G,-0.021903206,-0.17677352,0.982525167288549,0.9999993007829886,False
ENSG00000289343,-0.021906711,-0.24310602,0.9825223710914297,0.9999993007829886,False
ADCY4,-0.021906711,-0.53646684,0.9825223710914297,0.9999993007829886,False
MIR1268A,-0.021906711,-0.024128232,0.9825223710914297,0.9999993007829886,False
GPR33,-0.021907588,-0.63308996,0.9825216720421834,0.9999993007829886,False
ERVV-2,-0.021910217,-0.43540087,0.9825195748945251,0.9999993007829886,False
ENSG00000288001,-0.021913722,-1.2017387,0.9825167786978354,0.9999993007829886,False
ZFRP1,-0.021913722,-1.1370851,0.9825167786978354,0.9999993007829886,False
ENSG00000284717,-0.021915475,-1.3141218,0.982515380599571,0.9999993007829886,False
ENSG00000288878,-0.021919856,-0.19122729,0.982511885354145,0.9999993007829886,False
ENSG00000286092,-0.021922486,-2.102109,0.9825097882070506,0.9999993007829886,False
CEACAM21,-0.021923361,-0.23148195,0.982509089158046,0.9999993007829886,False
LINC00303,-0.021929497,-0.26452512,0.9825041958153897,0.9999993007829886,False
OR14J1,-0.021929497,-0.20332645,0.9825041958153897,0.9999993007829886,False
ENSG00000262488,-0.021934755,-0.43182912,0.9825000015222083,0.9999993007829886,False
PSMD7-DT,-0.024831053,0.2508212,0.9801897217777107,0.9999993007829886,False
RCN3,-0.03179707,0.36816752,0.9746338844480789,0.9999993007829886,False
SPMIP3,-0.0319145,0.35846388,0.9745402368970072,0.9999993007829886,False
PRX,-0.032103788,0.36289752,0.9743892833749587,0.9999993007829886,False
RGL3,-0.03230184,0.43154904,0.9742313422460285,0.9999993007829886,False
POTEA,-0.03248587,0.45198545,0.9740845836954618,0.9999993007829886,False
TROAP-AS1,-0.032548968,0.6220729,0.9740342666798508,0.9999993007829886,False
C1RL,-0.03256299,0.3481788,0.9740230851348526,0.9999993007829886,False
ENSG00000262231,-0.032599796,0.3929312,0.9739937336035276,0.9999993007829886,False
POTEM,-0.032652374,0.12334911,0.9739518029055946,0.9999993007829886,False
PART1,-0.032731246,0.035066854,0.9738889069937116,0.9999993007829886,False
ENSG00000230803,-0.032731246,1.1305554,0.9738889069937116,0.9999993007829886,False
MIR4290HG,-0.032736503,0.8411479,0.9738847139386881,0.9999993007829886,False
KLRK1-AS1,-0.032768052,0.1692524,0.9738595556237081,0.9999993007829886,False
CDA,-0.032768052,0.36330935,0.9738595556237081,0.9999993007829886,False
MTHFD2P1,-0.03278032,0.049740255,0.9738497718415716,0.9999993007829886,False
ENSG00000287425,-0.032796096,0.39215705,0.9738371926988924,0.9999993007829886,False
ENSG00000224612,-0.032803103,0.0776884,0.9738316019709012,0.9999993007829886,False
ERICD,-0.03281187,0.17241733,0.9738246135627205,0.9999993007829886,False
SMIM18,-0.03281362,0.40503752,0.9738232158813256,0.9999993007829886,False
ENSG00000284702,-0.032822385,0.17049906,0.9738162274755563,0.9999993007829886,False
AMDHD1,-0.032822385,0.2160016,0.9738162274755563,0.9999993007829886,False
GLI1,-0.032829396,0.19751301,0.9738106367523881,0.9999993007829886,False
MAN2A1-DT,-0.032829396,0.010185791,0.9738106367523881,0.9999993007829886,False
CCDC87,-0.032839913,0.12698703,0.9738022506700486,0.9999993007829886,False
HRAT17,-0.032841664,-0.18497388,0.9738008529899401,0.9999993007829886,False
LINC01139,-0.032841664,0.4050537,0.9738008529899401,0.9999993007829886,False
KLHL33,-0.032846924,-0.067702904,0.9737966599500978,0.9999993007829886,False
ALG1L3P,-0.032848675,0.14147846,0.9737952622703112,0.9999993007829886,False
NFATC4,-0.032848675,-0.27506542,0.9737952622703112,0.9999993007829886,False
HPN,-0.032850426,0.1466343,0.9737938645906051,0.9999993007829886,False
PPP4R2P6,-0.032850426,-0.21825083,0.9737938645906051,0.9999993007829886,False
NHLH2,-0.03285218,-0.28312486,0.9737924669109795,0.9999993007829886,False
C1QTNF1-AS1,-0.03285218,-0.4454935,0.9737924669109795,0.9999993007829886,False
ZFP57,-0.03285218,-0.18703827,0.9737924669109795,0.9999993007829886,False
ENSG00000284048,-0.03285218,-0.23479941,0.9737924669109795,0.9999993007829886,False
ENSG00000256950,-0.03285393,-0.1261025,0.9737910692314343,0.9999993007829886,False
ENSG00000229672,-0.03285393,-0.39930564,0.9737910692314343,0.9999993007829886,False
ENSG00000260179,-0.032855686,-0.6619538,0.9737896715519697,0.9999993007829886,False
ENSG00000254366,-0.03285919,-0.14595176,0.9737868761932819,0.9999993007829886,False
GOLGA6FP,-0.03285919,-0.6075033,0.9737868761932819,0.9999993007829886,False
LINC02100,-0.03285919,-0.36353737,0.9737868761932819,0.9999993007829886,False
ENSG00000203396,-0.032860942,-0.4676167,0.9737854785140587,0.9999993007829886,False
ENSG00000286289,-0.032864448,-0.7929907,0.9737826831558538,0.9999993007829886,False
ENSG00000258516,-0.032864448,-0.67130566,0.9737826831558538,0.9999993007829886,False
ENSG00000260698,-0.032866202,-0.9678555,0.9737812854768721,0.9999993007829886,False
SELENBP1,-0.032867953,-1.2097689,0.973779887797971,0.9999993007829886,False
JAKMIP3-AS1,-0.032867953,-0.7956987,0.973779887797971,0.9999993007829886,False
APOBEC3G,-0.032867953,-1.1938473,0.973779887797971,0.9999993007829886,False
TMEM78,-0.032869708,-0.74934953,0.9737784901191504,0.9999993007829886,False
TBX5,-0.032880224,-0.33599666,0.9737701040479176,0.9999993007829886,False
ENSG00000288798,-0.032894243,-0.78137356,0.973758922624118,0.9999993007829886,False
COL11A1,-0.033311382,0.15156691,0.9734262776346122,0.9999993007829886,False
C1QTNF7-AS1,-0.035081584,0.065811604,0.9720146850549851,0.9999993007829886,False
HSP90B1,-0.042017806,0.23938501,0.966484504157533,0.9999993007829886,False
ENSG00000258272,-0.042856462,0.1679264,0.9658159557661693,0.9999993007829886,False
FMR1NB,-0.043208748,0.32319173,0.9655351306661365,0.9999993007829886,False
ENSG00000237400,-0.04350057,0.24780373,0.9653025101248041,0.9999993007829886,False
OPALIN,-0.043552276,0.12424645,0.9652612953813188,0.9999993007829886,False
LIN28A,-0.04367058,0.0398626,0.9651669908090934,0.9999993007829886,False
PYHIN1,-0.043682847,0.051591232,0.9651572111035381,0.9999993007829886,False
BBS7-DT,-0.043716148,0.15858686,0.9651306662148841,0.9999993007829886,False
TNNT2,-0.043721408,0.16462307,0.9651264749202073,0.9999993007829886,False
C3orf85,-0.04373543,0.699316,0.9651152981391135,0.9999993007829886,False
AGGF1P2,-0.043736305,-0.02372304,0.9651145995905227,0.9999993007829886,False
ENSG00000286848,-0.04373718,0.3549439,0.9651139010419586,0.9999993007829886,False
MUCL1,-0.04373981,0.16518177,0.9651118053964272,0.9999993007829886,False
ENSG00000286083,-0.04373981,0.026244488,0.9651118053964272,0.9999993007829886,False
ENSG00000288790,-0.043752957,0.27165407,0.9651013271723848,0.9999993007829886,False
ENSG00000253427,-0.043756463,0.25835916,0.9650985329803247,0.9999993007829886,False
LAIR1,-0.04375909,0.32602885,0.9650964373365607,0.9999993007829886,False
PTPRD-AS1,-0.04377136,0.59068304,0.9650866576688504,0.9999993007829886,False
ENSG00000286387,-0.043779247,-0.16037168,0.9650803707423813,0.9999993007829886,False
ENSG00000253613,-0.043781877,-0.051480103,0.9650782751007073,0.9999993007829886,False
ASB4,-0.043781877,-0.07081531,0.9650782751007073,0.9999993007829886,False
ENSG00000233633,-0.043783627,0.25385344,0.965076878006392,0.9999993007829886,False
ENSG00000285729,-0.043789763,0.017239286,0.9650719881771327,0.9999993007829886,False
LINC02323,-0.043796774,-0.028227437,0.9650663998024447,0.9999993007829886,False
LINC02771,-0.04379765,-0.039566748,0.9650657012557293,0.9999993007829886,False
FBXW10B,-0.0437994,-0.32806802,0.9650643041623791,0.9999993007829886,False
ENSG00000279699,-0.043801155,-0.10195537,0.9650629070691361,0.9999993007829886,False
ENSG00000286840,-0.04380203,-0.32847327,0.9650622085225549,0.9999993007829886,False
ENSG00000264108,-0.04380203,-0.44928902,0.9650622085225549,0.9999993007829886,False
ENSG00000275106,-0.043802906,-0.35876206,0.9650615099760004,0.9999993007829886,False
ENSG00000259067,-0.043802906,-0.29434368,0.9650615099760004,0.9999993007829886,False
ENSG00000259529,-0.043802906,-0.084263526,0.9650615099760004,0.9999993007829886,False
SPATA3,-0.04380466,-0.26643583,0.9650601128829718,0.9999993007829886,False
CICP16,-0.043805536,-0.10288002,0.9650594143364978,0.9999993007829886,False
TUBAP6,-0.04380641,-0.5067789,0.9650587157900505,0.9999993007829886,False
ENSG00000121388,-0.04380641,-0.57824606,0.9650587157900505,0.9999993007829886,False
OR4D1,-0.043808166,-0.3918503,0.9650573186972367,0.9999993007829886,False
LYG1,-0.043808166,-0.5232549,0.9650573186972367,0.9999993007829886,False
ENSG00000234647,-0.043812547,-0.83621365,0.965053825965671,0.9999993007829886,False
ENSG00000271810,-0.043813422,-0.82038563,0.9650531274194383,0.9999993007829886,False
CICP27,-0.043813422,-0.8092241,0.9650531274194383,0.9999993007829886,False
ENSG00000287965,-0.043813422,-1.1219072,0.9650531274194383,0.9999993007829886,False
ATP11B-DT,-0.043814298,-0.5794557,0.9650524288732325,0.9999993007829886,False
ENSG00000275329,-0.043819558,-0.7203005,0.9650482375965607,0.9999993007829886,False
LINC02628,-0.043819558,-0.8477228,0.9650482375965607,0.9999993007829886,False
ADH7,-0.043822188,-0.49814016,0.965046141958587,0.9999993007829886,False
MSLNL,-0.043823063,-0.6742067,0.9650454434126493,0.9999993007829886,False
GPR89P,-0.04382394,-1.5293993,0.9650447448667385,0.9999993007829886,False
ENSG00000248484,-0.04382657,-0.40036687,0.9650426492291672,0.9999993007829886,False
HNF1A,-0.0438327,-0.475685,0.9650377594091063,0.9999993007829886,False
ENSG00000285473,-0.04383796,-0.34132695,0.965033568135815,0.9999993007829886,False
TM4SF5,-0.043841466,-0.9031802,0.9650307739541574,0.9999993007829886,False
LINC01094,-0.04384234,-1.1911758,0.9650300754088101,0.9999993007829886,False
ENSG00000253398,-0.043844096,-0.43121463,0.965028678318196,0.9999993007829886,False
NBAT1,-0.043846723,-1.721598,0.9650265826824762,0.9999993007829886,False
PLSCR3,-0.043846723,-0.86851895,0.9650265826824762,0.9999993007829886,False
TCL6,-0.043848477,-0.66819674,0.9650251855921306,0.9999993007829886,False
TNFAIP3,-0.043873016,-0.83475864,0.9650056263385671,0.9999993007829886,False
CFH,-0.054460935,0.4178524,0.9565679305447309,0.9999993007829886,False
OVCH2,-0.054609913,0.07525759,0.9564492402833048,0.9999993007829886,False
ENSG00000275540,-0.05461342,0.027164152,0.9564464475828884,0.9999993007829886,False
ENSG00000288902,-0.05461342,-0.0118211545,0.9564464475828884,0.9999993007829886,False
ITGAX,-0.05462919,-0.06857551,0.9564338804376316,0.9999993007829886,False
COSMOC,-0.05465373,0.50248814,0.956414331566536,0.9999993007829886,False
POTEC,-0.054667752,0.055612527,0.9564031607948227,0.9999993007829886,False
CCDC187,-0.054671258,0.09767665,0.9564003681032321,0.9999993007829886,False
LINC02096,-0.054671258,0.01263911,0.9564003681032321,0.9999993007829886,False
ENSG00000264869,-0.05467827,0.11094903,0.9563947827216568,0.9999993007829886,False
ENSG00000272476,-0.054683525,0.11812422,0.9563905936868803,0.9999993007829886,False
C10orf53,-0.05468528,0.30353692,0.9563891973422224,0.9999993007829886,False
CD177,-0.05469404,-0.06496573,0.9563822156209407,0.9999993007829886,False
ENSG00000258529,-0.054695796,0.05426922,0.956380819277086,0.9999993007829886,False
ENSG00000258887,-0.0546993,0.07757491,0.956378026589778,0.9999993007829886,False
ENSG00000228719,-0.054706313,0.13389419,0.9563724412167685,0.9999993007829886,False
ENSG00000270755,-0.05470982,0.039079208,0.9563696485310671,0.9999993007829886,False
BOK-AS1,-0.054732602,-0.07991134,0.9563514960870637,0.9999993007829886,False
ENSG00000260328,-0.054739613,0.31219372,0.9563459107242318,0.9999993007829886,False
ENSG00000237498,-0.054741364,-0.46473345,0.9563445143838588,0.9999993007829886,False
LINC00853,-0.05474312,-0.22069648,0.9563431180436197,0.9999993007829886,False
ENSG00000229261,-0.054748375,-0.118458726,0.9563389290237063,0.9999993007829886,False
GOLGA6L3P,-0.05475013,-0.39134553,0.9563375326840031,0.9999993007829886,False
ENSG00000267026,-0.054755386,-0.6022761,0.9563333436656977,0.9999993007829886,False
OR13J1,-0.05475714,-0.32139271,0.9563319473265305,0.9999993007829886,False
YWHABP1,-0.054760646,-0.6641201,0.9563291546485982,0.9999993007829886,False
CEP250-AS1,-0.054760646,-0.31648636,0.9563291546485982,0.9999993007829886,False
OR5A2,-0.054760646,-0.89924914,0.9563291546485982,0.9999993007829886,False
GLIS2-AS1,-0.054764148,-0.93523073,0.956326361971202,0.9999993007829886,False
ASGR2,-0.054765902,-0.72923756,0.956324965632705,0.9999993007829886,False
RN7SL336P,-0.054769408,-0.47701034,0.9563221729561129,0.9999993007829886,False
RBISP4,-0.05477116,-1.0956776,0.956320776618018,0.9999993007829886,False
ENSG00000253956,-0.054774664,-1.0372384,0.9563179839422301,0.9999993007829886,False
PIGO-AS1,-0.05478343,-1.7311329,0.9563110022551066,0.9999993007829886,False
ENSG00000287934,-0.05479044,-1.235333,0.956305416907821,0.9999993007829886,False
ARAP2,-0.059952952,0.20864086,0.9521931074817276,0.9999993007829886,False
LINC01687,-0.06487271,0.030682636,0.9482753451096748,0.9999993007829886,False
ENSG00000279631,-0.06520046,0.48204598,0.948014390420187,0.9999993007829886,False
LINC01962,-0.065215364,0.28542078,0.9480025289756784,0.9999993007829886,False
RBFADN,-0.065483525,0.38079232,0.9477890249476901,0.9999993007829886,False
SEPTIN14P1,-0.0655028,0.08583065,0.9477736751291725,0.9999993007829886,False
RGL2,-0.06553698,0.33997098,0.9477464641348993,0.9999993007829886,False
NUGGC,-0.06555451,-0.07833921,0.947732509802502,0.9999993007829886,False
ADAMTS16-DT,-0.06555977,0.2873377,0.947728323505909,0.9999993007829886,False
LINC01992,-0.06562286,-0.025335908,0.9476780880593867,0.9999993007829886,False
ZNF552,-0.06563601,0.40606856,0.9476676223675355,0.9999993007829886,False
ASF1B,-0.06564652,-0.11928253,0.9476592498205558,0.9999993007829886,False
TBX15,-0.06565178,-0.12863928,0.9476550635492335,0.9999993007829886,False
LINC00423,-0.06565353,-0.09816138,0.9476536681257804,0.9999993007829886,False
LINC02536,-0.06565353,-0.18563248,0.9476536681257804,0.9999993007829886,False
FOLH1B,-0.065660544,-0.049966473,0.9476480864335741,0.9999993007829886,False
PLEKHJ1,-0.065663174,-0.21029459,0.9476459932996592,0.9999993007829886,False
ENSG00000276768,-0.065666676,-0.14198735,0.9476432024550013,0.9999993007829886,False
ENSG00000285409,-0.065668434,-0.094717555,0.9476418070329132,0.9999993007829886,False
ENSG00000225173,-0.06567632,-0.1845985,0.9476355276355047,0.9999993007829886,False
LILRB1,-0.06568946,-0.1326643,0.9476250619803855,0.9999993007829886,False
ENSG00000288040,-0.06569735,-0.42278636,0.9476187825916517,0.9999993007829886,False
RBP7,-0.06569735,-0.35179323,0.9476187825916517,0.9999993007829886,False
ENSG00000285915,-0.06569823,-0.19774811,0.9476180848819932,0.9999993007829886,False
TWIST2,-0.06570085,-0.39630833,0.9476159917532587,0.9999993007829886,False
ANTXRLP1,-0.06570173,-0.2926575,0.9476152940437609,0.9999993007829886,False
ENSG00000286582,-0.06570348,-0.31570438,0.9476138986248859,0.9999993007829886,False
ENSG00000259111,-0.06570524,-0.40560326,0.9476125032061715,0.9999993007829886,False
OR7E59P,-0.06570524,-0.5856086,0.9476125032061715,0.9999993007829886,False
OR2AG1,-0.06570524,-0.113794595,0.9476125032061715,0.9999993007829886,False
CLEC14A,-0.06571049,-0.41308603,0.9476083169509925,0.9999993007829886,False
ENSG00000275173,-0.06571137,-0.02657854,0.9476076192419366,0.9999993007829886,False
LINC02902,-0.06571137,-0.6338432,0.9476076192419366,0.9999993007829886,False
RNA5SP153,-0.065714,-1.0495045,0.94760552611501,0.9999993007829886,False
ENSG00000260973,-0.06571487,-0.61968964,0.9476048284061149,0.9999993007829886,False
LINC01910,-0.06571487,-1.389559,0.9476048284061149,0.9999993007829886,False
PPP3CB-AS1,-0.06571575,-0.81923974,0.9476041306972599,0.9999993007829886,False
ENSG00000256070,-0.06571575,-0.8174703,0.9476041306972599,0.9999993007829886,False
PTP4A2P1,-0.06571663,-0.582728,0.9476034329884451,0.9999993007829886,False
LINC02802,-0.065719254,-1.022729,0.9476013398622418,0.9999993007829886,False
ENSG00000289585,-0.065719254,-0.94930154,0.9476013398622418,0.9999993007829886,False
AOX3P,-0.065721884,-0.4824259,0.9475992467364002,0.9999993007829886,False
ENSG00000288961,-0.06572276,-0.5927554,0.9475985490278667,0.9999993007829886,False
GDF3,-0.065724514,-1.4273586,0.9475971536109201,0.9999993007829886,False
LYRM9,-0.065728895,-1.4912883,0.9475936650692571,0.9999993007829886,False
DUX4L9,-0.065728895,-1.3855655,0.9475936650692571,0.9999993007829886,False
ENSG00000260279,-0.06573065,-1.3555508,0.9475922696528732,0.9999993007829886,False
LINC01115,-0.06573065,-2.3968127,0.9475922696528732,0.9999993007829886,False
SSMEM1,-0.065732405,-2.779243,0.9475908742366502,0.9999993007829886,False
TERT,-0.065734155,-1.9668279,0.9475894788205879,0.9999993007829886,False
TPTE2P2,-0.065734155,-1.5165056,0.9475894788205879,0.9999993007829886,False
ENSG00000289447,-0.06573591,-1.7804066,0.9475880834046863,0.9999993007829886,False
ENSG00000270442,-0.06575256,-0.272794,0.9475748269616403,0.9999993007829886,False
ENSG00000231557,-0.07573493,0.19122681,0.9396299844711286,0.9999993007829886,False
PGLYRP2,-0.076097734,0.2647593,0.9393413415958315,0.9999993007829886,False
FBLN1,-0.07619413,0.17005505,0.9392646503828304,0.9999993007829886,False
MARCHF10-DT,-0.07631332,0.06744146,0.9391698329346578,0.9999993007829886,False
LINC00507,-0.07638693,0.16722377,0.9391112696473993,0.9999993007829886,False
ENSG00000249413,-0.0764027,-0.013318529,0.9390987204143904,0.9999993007829886,False
TGIF2-RAB5IF,-0.07653415,0.31341457,0.9389941440611043,0.9999993007829886,False
KCTD13-DT,-0.076627046,-0.20765944,0.9389202440724385,0.9999993007829886,False
CC2D2B,-0.0766288,-0.29090026,0.9389188497380838,0.9999993007829886,False
CMTM5,-0.0766323,-0.35782865,0.9389160610699362,0.9999993007829886,False
ENSG00000287434,-0.07664107,-0.40493852,0.9389090894028447,0.9999993007829886,False
KRT12,-0.07664107,-0.37004298,0.9389090894028447,0.9999993007829886,False
ENSG00000285590,-0.07664282,-0.368951,0.9389076950699882,0.9999993007829886,False
LRAT,-0.07664457,-0.0787889,0.9389063007373191,0.9999993007829886,False
CH25H,-0.07664632,-0.4115644,0.9389049064048373,0.9999993007829886,False
ENSG00000285632,-0.07664983,-0.3262149,0.9389021177404355,0.9999993007829886,False
SNRPGP17,-0.07666385,-0.68560153,0.9388909630903216,0.9999993007829886,False
LINC01386,-0.0766656,-0.96576846,0.9388895687599005,0.9999993007829886,False
DEFB124,-0.07666735,-1.0343233,0.9388881744296667,0.9999993007829886,False
STRA8,-0.076674365,-1.4942155,0.938882597110605,0.9999993007829886,False
LINC02714,-0.076677874,-1.2362057,0.9388798084521983,0.9999993007829886,False
ENSG00000287743,-0.076677874,-2.0227358,0.9388798084521983,0.9999993007829886,False
ADGRF3,-0.076679625,-1.5653683,0.9388784141232761,0.9999993007829886,False
KRT17P5,-0.076681376,-0.68498284,0.9388770197945413,0.9999993007829886,False
ENSG00000273254,-0.076681376,-0.7205315,0.9388770197945413,0.9999993007829886,False
ENSG00000253471,-0.07669014,-1.5568976,0.9388700481536781,0.9999993007829886,False
ELANE,-0.07670066,-1.6284126,0.9388616821908271,0.9999993007829886,False
CX3CR1,-0.07670066,-1.7087891,0.9388616821908271,0.9999993007829886,False
ENSG00000258202,-0.07670241,-0.6590758,0.9388602878643413,0.9999993007829886,False
TPM4P2,-0.08627027,0.17983432,0.9312515684785106,0.9999993007829886,False
ENSG00000261848,-0.08642539,0.3379265,0.9311282675879855,0.9999993007829886,False
SRPX2,-0.08662256,0.05901059,0.9309715315542734,0.9999993007829886,False
RSPO3,-0.08727368,0.15080117,0.9304539733897188,0.9999993007829886,False
ENSG00000207751,-0.08736219,0.28185531,0.9303836211809207,0.9999993007829886,False
C18orf63,-0.08742967,-0.06320725,0.9303299866940921,0.9999993007829886,False
LINC01682,-0.08744632,0.20369208,0.9303167522589916,0.9999993007829886,False
LMO1,-0.08746122,-0.07984501,0.9303049109386564,0.9999993007829886,False
ENSG00000254084,-0.08755849,-0.4120308,0.9302275944617323,0.9999993007829886,False
ENSG00000288540,-0.08757777,-0.21144426,0.9302122705534839,0.9999993007829886,False
BANF2,-0.08759092,-0.30576846,0.9302018224490577,0.9999993007829886,False
LINC02504,-0.08759968,-0.508797,0.93019485705279,0.9999993007829886,False
CRYBA4,-0.08759968,-0.6161852,0.93019485705279,0.9999993007829886,False
ENSG00000250138,-0.08760406,-0.7789968,0.9301913743566614,0.9999993007829886,False
ENSG00000225407,-0.08760757,-0.56947637,0.930188588200721,0.9999993007829886,False
HMGB3P1,-0.08761019,-0.65265614,0.9301864985843271,0.9999993007829886,False
ENSG00000285374,-0.087621585,-0.9661,0.9301774435855158,0.9999993007829886,False
PSMA6P2,-0.08762246,-0.8354306,0.9301767470475202,0.9999993007829886,False
HSP90AB3P,-0.087624215,-1.052498,0.930175353971689,0.9999993007829886,False
ENSG00000248185,-0.087626845,-1.867159,0.9301732643583438,0.9999993007829886,False
ENSG00000271269,-0.087627724,-1.9303559,0.9301725678206689,0.9999993007829886,False
HAPLN3,-0.087627724,-0.86631,0.9301725678206689,0.9999993007829886,False
ENSG00000264148,-0.08763999,-2.1390114,0.9301628162988381,0.9999993007829886,False
PHOX2B-AS1,-0.08765401,-1.4773506,0.9301516717152991,0.9999993007829886,False
ENSG00000251135,-0.08765752,-1.7599382,0.9301488855715544,0.9999993007829886,False
LY6K,-0.08766102,-1.4189515,0.9301460994286659,0.9999993007829886,False
ENSG00000286497,-0.08779685,-0.40543234,0.9300381370514197,0.9999993007829886,False
HNF4G,-0.096724994,0.33650523,0.9229447914888615,0.9999993007829886,False
ENSG00000223356,-0.09846891,-0.054703508,0.921559960910909,0.9999993007829886,False
ENSG00000259669,-0.09847417,0.05330701,0.9215557858997863,0.9999993007829886,False
EGR2,-0.09848468,-0.20880778,0.9215474358840263,0.9999993007829886,False
ENSG00000260157,-0.09848643,-0.21779448,0.9215460442155737,0.9999993007829886,False
ENSG00000242578,-0.09850571,0.15274575,0.921530735878451,0.9999993007829886,False
IL33,-0.09855654,-0.8718767,0.921490377674498,0.9999993007829886,False
HYAL4,-0.09856004,-0.3209666,0.9214875943575385,0.9999993007829886,False
RSPO1,-0.09856355,-0.7579428,0.9214848110415406,0.9999993007829886,False
GAST,-0.09856705,-1.0166202,0.9214820277265042,0.9999993007829886,False
FOXC1,-0.098572314,-1.1224275,0.9214778527557529,0.9999993007829886,False
LINC02501,-0.098582834,-0.9252896,0.9214695028207419,0.9999993007829886,False
ZNF625,-0.098584585,-3.13709,0.9214681111657482,0.9999993007829886,False
ENSG00000250421,-0.098584585,-0.5863931,0.9214681111657482,0.9999993007829886,False
SPACA1,-0.098586336,-1.2709906,0.9214667195109951,0.9999993007829886,False
RAD52P1,-0.09858809,-1.9263296,0.9214653278564825,0.9999993007829886,False
NPY,-0.10470405,0.111733414,0.9166106438644115,0.9999993007829886,False
ATG12,-0.107684486,0.16061348,0.9142459787682924,0.9999993007829886,False
ENSG00000250453,-0.10902879,-0.07542089,0.9131796582831967,0.9999993007829886,False
ATP8B3,-0.10929169,-0.13121338,0.9129711392407036,0.9999993007829886,False
LINC02105,-0.10935391,-0.18562657,0.9129217906102076,0.9999993007829886,False
ENSG00000259720,-0.10936618,0.13059683,0.9129120599339605,0.9999993007829886,False
LINC01591,-0.109400354,-0.17552818,0.91288495311898,0.9999993007829886,False
LINC03015,-0.109474845,-0.47073814,0.9128258745144636,0.9999993007829886,False
LRRC10B,-0.10948624,-0.6217594,0.9128168390056517,0.9999993007829886,False
LINC01018,-0.10951428,-0.557739,0.9127945978012086,0.9999993007829886,False
GSDMC,-0.109533556,-0.82318145,0.9127793070127751,0.9999993007829886,False
ENSG00000233242,-0.109533556,-1.2414204,0.9127793070127751,0.9999993007829886,False
ENSG00000229960,-0.10954057,-1.9699937,0.9127737467340775,0.9999993007829886,False
OR2G6,-0.10955634,-0.6668821,0.9127612361226207,0.9999993007829886,False
ENSG00000251293,-0.11463385,0.111737974,0.9087353499315932,0.9999993007829886,False
PPP1R17,-0.11996023,0.0440783,0.9045146494480826,0.9999993007829886,False
ENSG00000259821,-0.120160036,-0.07435976,0.904356372824556,0.9999993007829886,False
VPS51P8,-0.12037562,-0.016831059,0.9041856049400944,0.9999993007829886,False
RARRES2,-0.12037912,-0.31503624,0.9041828282631186,0.9999993007829886,False
MATN1,-0.1204282,-0.40304965,0.9041439549084992,0.9999993007829886,False
LSP1,-0.120473765,-1.0264901,0.9041078584277772,0.9999993007829886,False
ENSG00000228021,-0.12047552,-1.634149,0.9041064701055525,0.9999993007829886,False
ENSG00000287620,-0.12047552,-1.0302558,0.9041064701055525,0.9999993007829886,False
KHDC3L,-0.120486036,-2.228415,0.9040981401783611,0.9999993007829886,False
CD38,-0.12048779,-0.342621,0.9040967518581886,0.9999993007829886,False
ENSG00000272297,-0.13087504,-0.0036871135,0.8958741676357966,0.9999993007829886,False
ABCA8,-0.13088468,-0.073306516,0.8958665418423166,0.9999993007829886,False
LINC01721,-0.13092235,-0.09075062,0.8958367320146734,0.9999993007829886,False
KL,-0.13122381,-0.1331759,0.8955982586914021,0.9999993007829886,False
CCSER2P1,-0.1313579,-0.44766083,0.8954921965511171,0.9999993007829886,False
SMC4,-0.1313693,-0.3057011,0.8954831848213518,0.9999993007829886,False
LRRN1,-0.13143589,-2.0023139,0.8954305011326619,0.9999993007829886,False
RBP3,-0.1314911,-1.2691717,0.8953868294771541,0.9999993007829886,False
ENSG00000249429,-0.14198437,-0.14370282,0.8870923480852523,0.9999993007829886,False
THSD4,-0.14617239,0.13932689,0.8837852959856161,0.9999993007829886,False
LINC00469,-0.15242594,0.15390548,0.8788509923505441,0.9999993007829886,False
OR2B4P,-0.15295175,-0.15349483,0.8784363241945068,0.9999993007829886,False
ENSG00000287989,-0.15307619,-0.18871227,0.8783381909400847,0.9999993007829886,False
ARID3C,-0.15323305,-0.5117123,0.8782144904167251,0.9999993007829886,False
LINC03034,-0.15326373,-0.47214136,0.8781903035109887,0.9999993007829886,False
RBMXP4,-0.15330142,-0.8169156,0.8781605883253102,0.9999993007829886,False
ANO9,-0.15332595,-0.598519,0.8781412389943563,0.9999993007829886,False
ENSG00000286312,-0.15333208,-0.8246461,0.8781364016729918,0.9999993007829886,False
ENSG00000241048,-0.15333383,-1.3356401,0.8781350195820091,0.9999993007829886,False
ENSG00000234796,-0.15336889,-1.2762702,0.8781073778403605,0.9999993007829886,False
LINC02306,-0.15386489,0.28348637,0.8777162631400267,0.9999993007829886,False
KHDC1-AS1,-0.16416976,-0.49640015,0.8695975049393179,0.9999993007829886,False
COX6B2,-0.16427667,-1.595609,0.8695133430425465,0.9999993007829886,False
ENSG00000287832,-0.16432574,-1.65389,0.8694747118471373,0.9999993007829886,False
ENSG00000261208,-0.16438533,-0.95972264,0.869427802957254,0.9999993007829886,False
ANO2,-0.17062838,0.03158397,0.8645159837295495,0.9999993007829886,False
HMGN5,-0.17064239,0.12678652,0.8645049579472096,0.9999993007829886,False
COL19A1,-0.17409867,0.07008273,0.8617879125809991,0.9999993007829886,False
ENSG00000235303,-0.17502233,-0.1542615,0.861062081088403,0.9999993007829886,False
LINC02275,-0.1750644,-0.46610296,0.861029028932527,0.9999993007829886,False
ENSG00000287611,-0.17515554,-0.6048387,0.8609574167631799,0.9999993007829886,False
ENSG00000285712,-0.17526071,-0.76370317,0.8608747887575596,0.9999993007829886,False
GPRC5C,-0.17528787,-1.384017,0.8608534434369236,0.9999993007829886,False
SATB2,-0.18178943,0.108434305,0.8557479841137148,0.9999993007829886,False
RGS12,-0.18356313,0.07705564,0.8543561864594362,0.9999993007829886,False
CLIC6,-0.18571192,-0.14864883,0.8526706831835471,0.9999993007829886,False
LPAR5,-0.18608698,-0.6334432,0.8523765449727783,0.9999993007829886,False
ENSG00000286664,-0.19589321,-0.041689195,0.8446937460272941,0.9999993007829886,False
RHOT2,-0.19773528,0.16429482,0.8432521842592695,0.9999993007829886,False
ENSG00000258763,-0.20670198,0.038968187,0.8362426129919647,0.9999993007829886,False
MIR663AHG,-0.20822155,-0.9605019,0.8350559840448162,0.9999993007829886,False
FBXL15,-0.21354793,0.07824271,0.8308996050855769,0.9999993007829886,False
LINC02397,-0.21843791,-0.19048788,0.8270879357809491,0.9999993007829886,False
OR5V1,-0.21868065,-0.35400194,0.8268988238059303,0.9999993007829886,False
LINC01514,-0.2189567,-0.7657074,0.8266837808711375,0.9999993007829886,False
ENSG00000224715,-0.21896896,-0.8628417,0.8266742237089191,0.9999993007829886,False
ENSG00000254510,-0.21905047,-1.1722605,0.826610737497442,0.9999993007829886,False
LINC03113,-0.22746068,0.12081651,0.8200655365692631,0.9999993007829886,False
RERG,-0.2391896,0.13429503,0.8109585660864947,0.9999993007829886,False
MTDHP1,-0.24104568,-0.7279836,0.8095197080835458,0.9999993007829886,False
GSEC,-0.24998084,0.016458154,0.8026021705748052,0.9999993007829886,False
TEX9,-0.25049525,0.14437498,0.802204381800649,0.9999993007829886,False
GUSB,-0.27264383,0.11979819,0.7851270198825379,0.9999993007829886,False
ENSG00000287925,-0.27293915,-0.22479291,0.7848999901013067,0.9999993007829886,False
CLSTN2,-0.27368578,0.08172485,0.7843260973545277,0.9999993007829886,False
ANP32D,-0.27384004,-2.0645924,0.7842075613436627,0.9999993007829886,False
ENSG00000249868,-0.2848109,-2.6442173,0.7757890132106777,0.9999993007829886,False
ENSG00000283240,-0.29485288,-0.24976656,0.7681062735457693,0.9999993007829886,False
ENSG00000230725,-0.29535764,-0.6416267,0.7677206853425987,0.9999993007829886,False
TSHZ2,-0.30192843,0.09031471,0.7627066215499876,0.9999993007829886,False
UPP1,-0.32173544,0.14087541,0.747653130338522,0.9999993007829886,False
ANKDD1A,-0.33364752,0.19166917,0.7386455660418858,0.9999993007829886,False
HTR2C,-0.33413562,0.062294737,0.7382772176096148,0.9999993007829886,False
CDH20,-0.3373851,0.11745085,0.7358266231708472,0.9999993007829886,False
CBLN2,-0.3393446,0.15035112,0.7343501608431398,0.9999993007829886,False
MUSK,-0.35920766,-0.20159763,0.7194397372439401,0.9999993007829886,False
PIEZO2,-0.36335275,0.027258387,0.7163413901970177,0.9999993007829886,False
LINGO2,-0.36719814,-0.018327257,0.7134712358450515,0.9999993007829886,False
LINC00279,-0.37100846,-0.25499728,0.710631239676468,0.9999993007829886,False
SMG1P4,-0.37152725,-0.2593423,0.7102448707836071,0.9999993007829886,False
ENSG00000226994,-0.37813923,0.08841444,0.7053271782305109,0.9999993007829886,False
H1-4,-0.39139384,-0.068741,0.6955061482497584,0.9999993007829886,False
ENSG00000269035,-0.39376432,-0.6495371,0.6937550407920727,0.9999993007829886,False
CCAR1,-0.3997173,0.10227827,0.6893647491257914,0.9999993007829886,False
ENSG00000288087,-0.43719217,-0.32572353,0.6619719912314534,0.9999993007829886,False
NOL8,-0.43967307,0.10680715,0.660173902847607,0.9999993007829886,False
ENSG00000287923,-0.4459056,-0.16605419,0.6556654372551423,0.9999993007829886,False
MNS1,-0.44889918,0.1739028,0.6535043933276965,0.9999993007829886,False
LINC02232,-0.50081784,-0.26496476,0.6164993217018246,0.9999993007829886,False
S100B,-0.5036081,-0.8003649,0.6145367907132722,0.9999993007829886,False
NR2F1,-0.5048762,0.13912576,0.6136458093755457,0.9999993007829886,False
IL3RA,-0.5109816,0.07186829,0.6093639234265271,0.9999993007829886,False
POLR2H,-0.5336402,0.12997386,0.5935904655344253,0.9999993007829886,False
LMO4,-0.5440152,0.14300695,0.5864310080922475,0.9999993007829886,False
HTR1E,-0.54440343,0.09680117,0.5861638892262094,0.9999993007829886,False
DKK2,-0.5492802,0.0025507733,0.5828131393401037,0.9999993007829886,False
PRPF19,-0.5508349,0.20783982,0.5817468752569122,0.9999993007829886,False
AMBP,-0.55583,-0.27354372,0.5783270723003955,0.9999993007829886,False
LINC02462,-0.57806444,-0.34906414,0.56322059643206,0.9999993007829886,False
FBXL7,-0.5951382,0.017487835,0.5517511158479024,0.9999993007829886,False
ENSG00000271860,-0.60621333,0.081765056,0.5443730975742878,0.9999993007829886,False
USP38-DT,-0.6164805,0.10462161,0.5375774250253872,0.9999993007829886,False
EGLN3,-0.6231731,0.13010661,0.533170765439016,0.9999993007829886,False
FBN2,-0.6289692,0.0025630866,0.5293692070538429,0.9999993007829886,False
AUP1,-0.6308165,0.016298918,0.5281604859052047,0.9999993007829886,False
GRIN3A,-0.638708,0.02545518,0.5230129262810701,0.9999993007829886,False
CCBE1,-0.63939065,0.035942685,0.5225688373213054,0.9999993007829886,False
ZNF91,-0.647963,0.09233452,0.5170088928258548,0.9999993007829886,False
CROCCP3,-0.6536793,0.089292265,0.5133184170321,0.9999993007829886,False
SRRT,-0.6687138,0.1400375,0.5036780605456197,0.9999993007829886,False
NCL,-0.7043361,0.16628139,0.481223496179235,0.9999993007829886,False
AGBL1,-0.70748216,0.023293866,0.47926690448248377,0.9999993007829886,False
ARHGAP24,-0.7093856,0.044047143,0.47808525072991503,0.9999993007829886,False
FSTL5,-0.72130203,-0.017923653,0.4707237239942307,0.9999993007829886,False
MAML2,-0.7261035,0.04593407,0.46777534597147785,0.9999993007829886,False
MCHR2,-0.74043596,-0.33488473,0.4590354932702915,0.9999993007829886,False
RING1,-0.75889605,0.09933431,0.4479147404871121,0.9999993007829886,False
MAN2A2,-0.76511896,0.11571075,0.4442007269493089,0.9999993007829886,False
CDH10,-0.77427226,0.053181358,0.4387697872261902,0.9999993007829886,False
RSL1D1,-0.7804741,0.085904844,0.4351118449356771,0.9999993007829886,False
ENSG00000289079,-0.79205054,-0.047882568,0.42833119052950874,0.9999993007829886,False
CPED1,-0.83323675,0.017713198,0.4047112317055107,0.9999993007829886,False
ZFHX3,-0.8556132,0.12000484,0.3922117892129088,0.9999993007829886,False
EBAG9,-0.86332846,0.066354476,0.38795691005432964,0.9999993007829886,False
ANKRD49,-0.8696381,0.009164381,0.3844982201884253,0.9999993007829886,False
ALCAM,-0.89314324,0.031189809,0.37178047294693894,0.9999993007829886,False
NDUFS3,-0.90340513,-0.03503256,0.3663109032928191,0.9999993007829886,False
DMAP1,-0.9194851,-0.01381832,0.35784189837212055,0.9999993007829886,False
EDNRA,-0.9359576,-0.08994879,0.3492950028625117,0.9999993007829886,False
YJEFN3,-0.9440953,-0.016612794,0.3451209454613777,0.9999993007829886,False
GRM1,-0.96234244,0.047910966,0.3358776209297819,0.9999993007829886,False
SEZ6L,-0.9713345,0.032455117,0.3313817130375738,0.9999993007829886,False
ENC1,-0.9876143,0.05609318,0.32334158812354663,0.9999993007829886,False
ENSG00000278254,-0.98877543,-0.18370263,0.322773026858691,0.9999993007829886,False
AQP4-AS1,-0.9924149,0.0015356917,0.32099518986349684,0.9999993007829886,False
LINC00923,-0.9942394,0.081220955,0.32010632899158975,0.9999993007829886,False
HSPA1A,-0.9981426,0.043422986,0.31821020807697487,0.9999993007829886,False
SCN3B,-1.0171276,0.08944547,0.309092725438447,0.9999993007829886,False
DDX24,-1.0215681,0.10044378,0.30698539943536285,0.9999993007829886,False
NELL1,-1.0553483,0.010135651,0.29126608413968724,0.9999993007829886,False
DDX27,-1.1124189,0.06182752,0.2659580748243755,0.9999993007829886,False
CNTN3,-1.1161495,0.00624427,0.26435815093548376,0.9999993007829886,False
OSGEP,-1.1507797,0.11052673,0.2498228530100648,0.9683056318219565,False
ADARB2,-1.1598787,-0.085226305,0.24609816155104414,0.9594470235908154,False
PZP,-1.1753461,0.012579949,0.2398562539753052,0.9406498685576528,False
LONRF3,-1.2156428,0.049955484,0.22412100860181405,0.8946946451170221,False
NR2F2,-1.2408946,0.040521517,0.21464471288923592,0.8637614200774082,False
ROBO1,-1.2548721,-0.05490957,0.2095251818834134,0.8448596043686024,False
MICAL1,-1.2586833,0.034131587,0.20814473534265632,0.8426912362050863,False
EIF5B,-1.2753294,0.13611197,0.20219268295706128,0.8235954499269299,False
ENSG00000235292,-1.2806233,-0.03891125,0.20032599747923818,0.8176571325683192,False
PCDH17,-1.3007458,0.10544781,0.19334547033343075,0.8006023616291128,False
ENSG00000227579,-1.3021961,0.0944412,0.19284933494756273,0.8002047093259865,False
ENSG00000253636,-1.3117491,0.014536619,0.1896047924913159,0.7883775155564071,False
CEP295,-1.3376677,0.05132395,0.18100477692768568,0.7637332359817962,False
GRIK1,-1.3403125,-0.06114502,0.18014376489775297,0.7617072511532895,False
LINC01725,-1.4023538,-0.069034725,0.16080962857915215,0.6901700797388504,False
ZPBP,-1.416044,0.082122,0.1567626400226331,0.675701034580315,False
TRIM4,-1.4186169,0.11136145,0.15601074493369235,0.6739125051131418,False
SORCS1,-1.4191129,0.009812952,0.1558661102415717,0.6739125051131418,False
LETR1,-1.4314535,0.06842561,0.15230029132290124,0.662175179664788,False
TSBP1-AS1,-1.4315727,-0.016410293,0.152266158962173,0.662175179664788,False
DACH2,-1.4652661,0.004252153,0.14284832505662123,0.6292877755798292,False
ENSG00000249738,-1.4795022,-0.09014538,0.1390061319954021,0.6204204333346243,False
CTR9,-1.4803339,0.014746873,0.138784163387627,0.6204204333346243,False
USP16,-1.4830909,0.04424997,0.13805027455477173,0.6190595271514427,False
MAN1B1,-1.4991621,0.03137865,0.13383160437482622,0.601490356740792,False
NIPAL2,-1.5185896,0.04473269,0.12886583730437928,0.5817870758662721,False
HYDIN,-1.535459,-0.0045341076,0.12467109851032934,0.566686811410588,False
ATP2B4,-1.5369909,-0.03662606,0.12429553036916846,0.5663272725338162,False
ACADVL,-1.5483044,0.04100002,0.12154901084824846,0.5562883791681852,False
CCDC112,-1.5777389,0.049374685,0.11462560086149845,0.5331423295883649,False
CA10,-1.5781368,-0.10772414,0.11453419047099668,0.5331423295883649,False
PELP1,-1.6092626,-0.008665088,0.1075589394658605,0.5073534880465118,False
DISC1FP1,-1.6224812,-0.13883908,0.10470034186077763,0.49621015099894616,False
AKAP13,-1.6377891,-0.07091895,0.10146568678166797,0.48316993705556177,False
LRRK1,-1.6426529,-0.004963378,0.10045478475318825,0.4794977792514953,False
LINC01060,-1.6439016,-0.41257194,0.10019652830535766,0.47940922634142424,False
CTXND1,-1.6569144,0.043651454,0.09753679114364802,0.4700568247886652,False
CPNE4,-1.6809821,-0.028030533,0.0927663875672489,0.45032226974392675,False
TRPC6,-1.738874,-0.03156126,0.08205694218948086,0.40503244285140383,False
OFD1,-1.7641695,0.046851303,0.07770345709346092,0.38562509723801947,False
CACNA2D1,-1.7787254,-0.0039017524,0.07528478980669363,0.3745511930681275,False
MARCHF1,-1.7809653,0.0022304927,0.07491811317140397,0.37411079986430507,False
ENSG00000287001,-1.7980925,-0.009372097,0.07216235046406906,0.3635382894915318,False
TUBGCP6,-1.8070207,-0.056999303,0.07075906140453343,0.35736899699259306,False
LINC02942,-1.8130113,0.001366258,0.06983008027195237,0.3535700266934297,False
PDIA2,-1.8570666,0.025688937,0.06330168210607362,0.3262973304436784,False
KIF3A,-1.9070731,0.060739793,0.056511123610201955,0.2982117340907755,False
IL1RAPL2,-1.9363068,-0.034141477,0.05283012831779309,0.2832714655109549,False
EEF1AKMT1,-1.9549799,-0.008842001,0.05058544408968589,0.27269781180423663,False
PTN,-1.9624445,-0.15099393,0.049710751462757496,0.26870676466355403,True
ENOX2,-1.9807171,-0.042136088,0.04762301070078817,0.25877821100774095,False
ZNF316,-1.9854379,-0.021332616,0.047095771494572766,0.2573539425932938,False
PRR16,-2.0010061,0.0036533067,0.045391736138065616,0.25009221012708327,False
PPME1,-2.0073113,0.08219119,0.04471652431403423,0.24705262051952614,False
EYS,-2.0091314,-0.035205632,0.044523192197390565,0.24705262051952614,False
PTK2B,-2.0172439,-0.13249099,0.04367008315850056,0.2439669450195562,True
CDK11B,-2.0597742,-0.09236032,0.03942013146028001,0.22146141269820233,False
GALNTL6,-2.0644424,-0.09235255,0.03897578394747364,0.21958188139421772,False
ZC4H2,-2.078712,-0.031971753,0.03764384008497526,0.21449481529900435,False
SLC22A3,-2.0937235,-0.21254058,0.03628461265912674,0.20853225666164796,True
COL7A1,-2.112648,-0.11340255,0.03463089901884541,0.2001786070453492,True
ADAMTS6,-2.1282732,-0.019182317,0.033314437876609496,0.19312717609628693,False
NETO1-DT,-2.1287096,-0.00941212,0.03327829181058655,0.19312717609628693,False
TTF2,-2.1306384,-0.30409405,0.0331189394666598,0.19312717609628693,True
C8orf34,-2.1395454,-0.030917108,0.03239151071686372,0.19053829833449246,False
SLC9A2,-2.160206,-0.1807845,0.030756717229622508,0.18145555887682893,True
PPFIBP1,-2.1744905,0.038245674,0.02966832329845376,0.1760731353023962,False
NELL2,-2.179531,-0.013632521,0.02929223469451575,0.17435853984830804,False
PDE1A,-2.1864166,-0.08071976,0.028785145921287312,0.17185161744052124,False
ZNF155,-2.2250323,0.017619489,0.026079064446732338,0.15710279787188156,False
ANKRD30B,-2.2330763,-0.008524736,0.025543913686825702,0.15481159810197395,False
PCSK5,-2.2643852,-0.07948398,0.02355043094643334,0.14403933300570848,False
ENSG00000283782,-2.2659495,-0.030380527,0.023454475078482008,0.1438924851440614,False
NSUN6,-2.3271933,0.036384065,0.019954979364813108,0.12317888496798214,False
TMTC2,-2.329761,-0.047920607,0.01981878787610001,0.12271695279318891,False
SLC8A1,-2.3317337,-0.05795646,0.019714709423927012,0.1224516113287392,False
NCKAP5,-2.3453274,-0.08617601,0.01901037939101913,0.11881487119386956,False
KCNG2,-2.3617184,-0.04639374,0.018190453169057406,0.11404672833264831,False
IK,-2.3979323,-0.1286903,0.01648791556738522,0.10402470389517489,True
RBBP6,-2.4166121,-0.007503589,0.015665694741345236,0.09978149516780405,False
NSRP1,-2.4180984,-0.0038708602,0.015601851509013127,0.09969234191062701,False
ENSG00000254186,-2.4496555,-0.15948026,0.014299295889725314,0.09223541704026408,True
CFLAR,-2.4922912,-0.12394461,0.012692196507066773,0.08268531926427866,True
CHRNA7,-2.5130515,-0.06929624,0.011969183812733642,0.0782299595603506,False
TCEAL6,-2.5178995,-0.1513953,0.011805701101784843,0.07741443345432684,True
ARPP21,-2.5225441,-0.032342322,0.01165093516306335,0.07665088923067993,False
SEC22A,-2.5685956,0.029530548,0.010211152548579029,0.06830202373631458,False
PNCK,-2.6045887,-0.17502138,0.009198462547521966,0.06194250873752166,True
ENSG00000250842,-2.6141398,-0.049244504,0.00894524135102862,0.06044081993938258,False
ZNF883,-2.6181772,-0.058215667,0.008840090144805841,0.059932814541056555,False
FGF13,-2.6432254,-0.051125724,0.008212031650631963,0.055864160888652814,False
APBB1,-2.654286,0.07623458,0.007947648167862548,0.054250158142406475,False
ZMYM5,-2.6630561,0.012205445,0.007743448219847334,0.05303731657429681,False
LHFPL6,-2.681616,-0.16852997,0.00732674715380904,0.050704132552311695,True
ENSG00000285971,-2.7037306,-0.20641868,0.006856586007646755,0.04778108716130143,True
NRG1,-2.7046525,-0.06417116,0.006837588104864854,0.04778108716130143,False
EYA4,-2.7231827,-0.0883531,0.006465629932055358,0.04553260515531943,False
PKD1L1,-2.751214,0.012253329,0.005937482335435042,0.042109803797411645,False
FAM106A,-2.7739875,-0.029201599,0.005537380432471595,0.039411960373463305,False
ARHGEF28,-2.8746333,-0.27072415,0.004044970599889813,0.02963348424827702,True
TRHDE,-2.9018497,-0.08233808,0.0037096649226256648,0.027377600904986452,False
EGFR,-2.937499,-0.045544215,0.0033087108959744625,0.024600081010962546,False
SLC22A15,-2.9453135,-0.04523575,0.003226276342114181,0.02407668912025508,False
DNMT1,-2.9470162,-0.024486596,0.003208564177025968,0.024034188591954813,False
TCEAL5,-2.9754832,-0.16936831,0.002925274118412555,0.02199454224370342,True
CRACDL,-2.9796283,-0.22657506,0.0028859840012436565,0.021781011330140803,True
DDX21,-3.000126,-0.08253612,0.002698681227317918,0.0205222907020374,False
NASP,-3.0198646,-0.04870917,0.0025288783739621477,0.01930441506841334,False
ADAMTSL3,-3.0798156,-0.057798207,0.002071287597490676,0.01605649300380369,False
ENSG00000288107,-3.1018074,-0.07593399,0.0019234307963778095,0.015026803096701636,False
TAC3,-3.1095464,-0.45281303,0.001873749095114564,0.014696071334231875,True
PLCH1,-3.1313925,-0.0801393,0.0017397943604732604,0.013699168192702837,False
FLACC1,-3.1356866,-0.027634824,0.001714523095532468,0.013553542257173659,False
TPR,-3.1382298,-0.045149535,0.0016997159424313158,0.013490615766494352,False
TSPYL2,-3.157497,-0.0152594885,0.0015912991439332716,0.012781519228379692,False
CDH8,-3.1668,-0.055347834,0.001541262068622515,0.012479854806660041,False
PRKCG,-3.1752577,-0.31598127,0.0014970349779950128,0.012171016081260267,True
NKAP,-3.2160592,-0.2601134,0.0012996405239536408,0.010652791179947876,True
KCNT2,-3.2192104,-0.06286054,0.0012854411150182421,0.010579762263524627,False
SLC24A4,-3.2249873,-0.23836602,0.001259782728340859,0.010411427506949249,True
NOS1,-3.2352755,-0.17972727,0.001215254192707854,0.01008509703491995,True
LINC02930,-3.289223,-0.2146203,0.0010046443345686148,0.008442389366122814,True
MYO1D,-3.3494852,-0.12279313,0.000809618869949352,0.006979473016804759,True
FAT3,-3.3998983,-0.06542743,0.0006741091890793686,0.005887416498509769,False
LHFPL3,-3.434709,-0.08960861,0.0005931902209006127,0.0052263455585957064,False
SVEP1,-3.4523551,-0.16993123,0.0005557159465424346,0.004917840234888802,True
RASSF4,-3.5245426,-0.11970903,0.00042421464444278317,0.0038046156452267547,True
KNDC1,-3.5331833,-0.03765748,0.00041058773876911903,0.003698988637559631,False
SPANXA2-OT1,-3.5701103,-0.08490824,0.00035683077631814235,0.003258728550850615,False
FIGN,-3.5828664,-0.12476886,0.00033984443311386276,0.0031178388359069976,True
GLB1L2,-3.5904214,-0.094002835,0.0003301438757109284,0.003042800697796575,False
THSD7B,-3.63103,-0.15288202,0.0002822923919365504,0.002613818443856948,True
SPHKAP,-3.640752,-0.12696083,0.00027184281048042177,0.002528770330050435,True
DIRC3,-3.6442916,-0.15439312,0.0002681292837993195,0.002505881157002986,True
ABCF1,-3.6529734,-0.20955907,0.00025922099955012247,0.002433999995775798,True
ANKRD20A11P,-3.7548602,-0.3742687,0.00017343831237924534,0.001651793451230908,True
ENSG00000278932,-3.771041,-0.05951026,0.00016256806510041172,0.0015707059429991472,False
KCNQ1,-3.7744322,-0.38702086,0.00016037247365002083,0.0015570143072817558,True
ENSG00000227486,-3.781734,-0.20135404,0.00015573978111964768,0.0015343820799965286,True
LINC01122,-3.8120255,-0.10134293,0.00013783268780079587,0.0013646800772356025,True
RAB31,-3.8149245,-0.37603903,0.00013622465066998065,0.0013554691608953298,True
RSRC2,-3.8293946,-0.1175076,0.00012845895560436405,0.0012845895560436404,True
ENSG00000275119,-3.8378477,-0.2957008,0.00012411745485733125,0.001247411606606344,True
ENSG00000278766,-3.8800862,-0.06996293,0.00010441942100344211,0.001060095644704996,False
TCEAL4,-3.8905199,-0.2139842,0.00010002964845573506,0.0010207106985279087,True
VSTM2B-DT,-3.9047263,-0.3778846,9.433209129411936e-05,0.000972495786537313,True
MAN1A1,-3.918355,-0.3631363,8.915529815635343e-05,0.0009304478306410425,True
ENSG00000248994,-3.9290965,-0.2756386,8.526566164680122e-05,0.0008975332804926445,True
IQGAP2,-3.9528687,-0.5059405,7.721977566355828e-05,0.0008171404832122569,True
WAC-AS1,-3.9779015,-0.17558046,6.95261807178952e-05,0.0007396402204031404,True
MMD2,-3.9868891,-0.35368884,6.69452813559284e-05,0.0007159923139671487,True
MIR646HG,-4.011351,-0.19961579,6.037220450349483e-05,0.0006491634892848906,True
RYR3,-4.0175023,-0.18202914,5.8818263103870584e-05,0.0006358731146364387,True
OCA2,-4.1517406,-0.22917457,3.299559711409726e-05,0.0003666177457121918,True
NKTR,-4.193627,-0.34240523,2.745291827640927e-05,0.00030673651705485217,True
ENSG00000233928,-4.2039046,-0.1493064,2.6234935674184264e-05,0.00029477455813690186,True
NFIB,-4.2279587,-0.11587424,2.3582126821442215e-05,0.0002664647098468047,True
ZBTB20,-4.259056,-0.06610787,2.0529180476663578e-05,0.00023328614178026795,False
EPHB6,-4.3806543,-0.20316902,1.1832343273841172e-05,0.00014086122945049015,True
SGCD,-4.39937,-0.102107435,1.0856542488150622e-05,0.0001300184729119835,True
TCHP,-4.400548,-0.39811388,1.079777744748756e-05,0.0001300184729119835,True
DDX55,-4.509605,-0.3350781,6.4948455821047225e-06,7.969135683564077e-05,True
AHI1-DT,-4.519751,-0.45208192,6.19123459642718e-06,7.64349950176195e-05,True
GALNT14,-4.600828,-0.16079287,4.208142114815666e-06,5.360690592121868e-05,True
VSTM2B,-4.672283,-0.21890913,2.9786987531953736e-06,3.868439939214771e-05,True
GRIK3,-4.683475,-0.16492063,2.8205199297041246e-06,3.68695415647598e-05,True
FRAS1,-4.812272,-0.117037445,1.4922396305931743e-06,2.0165400413421276e-05,True
MAML3,-4.905421,-0.19988512,9.322725490291016e-07,1.2770856836015091e-05,True
UPF2,-4.915362,-0.105061546,8.861856476638535e-07,1.2223250312604877e-05,True
CCDC200,-4.936855,-0.3984401,7.939242879774925e-07,1.1026726221909618e-05,True
L3MBTL4,-4.948854,-0.17422807,7.465175896984207e-07,1.0440805450327564e-05,True
ENSG00000287694,-5.030473,-0.25407526,4.892701814085342e-07,6.940002573170699e-06,True
TMEM132D,-5.0443573,-0.13020775,4.5504836795075885e-07,6.500690970725126e-06,True
DYNC2I1,-5.2050743,-0.107587874,1.9391905095934266e-07,2.851750749402098e-06,True
DNAH6,-5.2737527,-0.297603,1.336618423241399e-07,1.9949528705095508e-06,True
NKAIN3,-5.357777,-0.15318233,8.425208014736066e-08,1.2862912999597046e-06,True
ANKFN1,-5.373418,-0.26810044,7.725794125974353e-08,1.1977975389107522e-06,True
CKMT1B,-5.4141774,-0.24574573,6.1571100958196e-08,9.620484524718125e-07,True
MAGI3,-5.4341035,-0.1255635,5.507258343888371e-08,8.672847785650978e-07,True
CHRM3,-5.502272,-0.16184828,3.749274799783252e-08,5.998839679653203e-07,True
POU2F2,-5.5213714,-0.30173963,3.36364464857602e-08,5.425233304154872e-07,True
SEMA6A,-5.57608,-0.38087443,2.4599872996278774e-08,3.9999793489884183e-07,True
SLC25A48,-5.592379,-0.3030975,2.2397912025438224e-08,3.702134219080698e-07,True
GRM7,-5.6894045,-0.14262299,1.2748303473444856e-08,2.162726124488494e-07,True
KIT,-5.7637706,-0.31791,8.225512246083614e-09,1.4181917665661402e-07,True
PROX1-AS1,-5.7859306,-0.37688014,7.211192613271076e-09,1.2651215111001887e-07,True
PDE4B,-5.81993,-0.18229932,5.88722636673888e-09,1.0419869675644035e-07,True
FAM228B,-5.849658,-0.22927947,4.925845570915844e-09,8.796152805206865e-08,True
BAZ2A,-5.8546524,-0.2266003,4.78008917037551e-09,8.612773279955873e-08,True
NFIX,-5.871087,-0.1637511,4.329465094226646e-09,7.87175471677572e-08,True
MIR4300HG,-5.9891624,-0.36456418,2.1092445682391194e-09,3.97970673252664e-08,True
LINC00342,-6.0187564,-0.11878686,1.7576217900437722e-09,3.3478510286548044e-08,True
DNAH14,-6.0380807,-0.32200053,1.5595825732548606e-09,2.999197256259347e-08,True
MIR325HG,-6.1124115,-0.13664412,9.81367072293222e-10,1.943301133253905e-08,True
PTPRO,-6.1279273,-0.13613094,8.903134915260308e-10,1.7806269830520616e-08,True
PDE3A,-6.2677803,-0.4636227,3.66231145158888e-10,7.3986089931088485e-09,True
ZMAT1,-6.2895794,-0.30638477,3.1832775703804885e-10,6.4964848375112004e-09,True
SOX2-OT,-6.4255114,-0.14897726,1.3142679590315844e-10,2.7098308433640914e-09,True
COL21A1,-6.442979,-0.35932714,1.1715112816462963e-10,2.440648503429784e-09,True
PNN,-6.4602103,-0.31656963,1.0455766960614314e-10,2.2012140969714347e-09,True
CNR1,-6.521077,-0.31005168,6.980427354478711e-11,1.5011671730061744e-09,True
COL25A1,-7.0444317,-0.34086558,1.862198500250376e-12,4.2322693187508545e-11,True
GPC6,-7.0447545,-0.234895,1.857890777589082e-12,4.2322693187508545e-11,True
NAALADL2,-7.08038,-0.17668137,1.437596336672584e-12,3.343247294587405e-11,True
SYNPR,-7.140212,-0.20247789,9.318702626361277e-13,2.192635912085006e-11,True
AP2A2,-7.1600294,-0.19957252,8.065964039045949e-13,1.9204676283442733e-11,True
RELN,-7.253274,-0.4569604,4.0681658790365094e-13,1.0030575230611357e-11,True
ATP5ME,-7.262911,-0.52442133,3.7884757099961376e-13,9.471189274990343e-12,True
FREM1,-7.2630258,-0.4670596,3.7852604762157694e-13,9.471189274990343e-12,True
CCK,-7.291214,-0.3469029,3.071744330285605e-13,7.876267513552834e-12,True
ALDH1A2,-7.390962,-0.7699206,1.457699023650709e-13,3.8360500622387075e-12,True
ELFN1,-7.645858,-0.65676785,2.0755713308024738e-14,5.765475918895761e-13,True
GAP43,-7.648047,-0.40731397,2.0405499113419478e-14,5.748027919273093e-13,True
ENSG00000287117,-7.732433,-0.4005896,1.0551041745099552e-14,3.1495647000297167e-13,True
KCNB2,-7.7773714,-0.24418578,7.404688244510218e-15,2.2438449225788537e-13,True
PDE1C,-7.8053417,-0.30130982,5.934056292072629e-15,1.8258634744838858e-13,True
CHST15,-7.8339963,-0.43074742,4.726031417681528e-15,1.4768848180254774e-13,True
MAPK4,-7.840574,-0.4258836,4.484916130417694e-15,1.4237828985452997e-13,True
GUSBP5,-7.8413897,-0.32283995,4.455866979375833e-15,1.4237828985452997e-13,True
CDH9,-7.9170976,-0.21816637,2.4311887713235337e-15,7.97111072565093e-14,True
PDZD2,-8.35189,-0.2723879,6.717950365588386e-17,2.3165346088235814e-15,True
ESF1,-8.463913,-0.2922709,2.5855334038886067e-17,9.234047871030737e-16,True
CACNG3,-8.640936,-0.25024825,5.5754470603134e-18,2.1444027155051542e-16,True
SST,-8.730923,-2.0668788,2.5260357806596354e-18,9.906022669253473e-17,True
CCDC144BP,-8.881077,-0.3754343,6.621606836333786e-19,2.648642734533514e-17,True
KIRREL3,-8.91395,-0.24927944,4.924592313866791e-19,2.0519134641111626e-17,True
PKP2,-8.9348,-0.5825192,4.0791500391718547e-19,1.735808527307172e-17,True
SON,-8.955639,-0.23769872,3.3777486920928995e-19,1.4685863878664782e-17,True
TENM3-AS1,-9.570694,-0.3060169,1.0619027819125457e-21,4.719567919611315e-20,True
CIRBP,-10.781941,-0.5991348,4.189494735754446e-27,2.2049972293444452e-25,True
CACNA2D3,-10.789611,-0.30065852,3.8541748734173014e-27,2.0833377694147576e-25,True
SCG2,-11.412363,-0.5672617,3.6273714954040404e-30,2.267107184627525e-28,True
ENSG00000288075,-12.218684,-0.57087404,2.4705051369431733e-34,1.7646465263879809e-32,True
PID1,-12.357832,-0.43449748,4.419147421274934e-35,3.273442534277729e-33,True
GNG12-AS1,-12.589768,-0.6199442,2.403783763431572e-36,1.9230270107452575e-34,True
RTF1,-13.304658,-0.35715282,2.1748605428668128e-40,1.977145948060739e-38,True
DPH6,-13.585994,-0.594441,4.8490826304229235e-42,5.104297505708341e-40,True
CXCL14,-13.848128,-0.98600894,1.3057052128568425e-43,1.5361237798315792e-41,True
SLC24A3,-16.108736,-0.4755442,2.215043412795776e-58,4.0273516596286836e-56,True
KCNIP1,-16.622705,-0.5665917,4.772861851590803e-62,9.545723703181607e-60,True
PCDH11Y,-16.93879,-0.9879119,2.3286443872931445e-64,5.174765305095877e-62,True
TMSB4X,-19.036758,-1.0677145,8.460546846119662e-81,3.3842187384478645e-78,True
