gene,score,logfc,pval,pval_adj,is_de
HSP90AA1,32.416412,0.6729497,1.6116313639294485e-230,3.223262727858897e-227,True
ENSG00000230021,22.589838,0.6634869,5.454691897364668e-113,5.454691897364669e-110,True
FKBP5,21.792175,1.0767998,2.7525812050768044e-105,1.8350541367178694e-102,True
ANKRD12,18.246243,0.4575935,2.216411671586616e-74,1.108205835793308e-71,True
NCAM2,17.841528,0.22656935,3.3637249836936737e-71,1.3454899934774695e-68,True
TSNAXIP1,17.67762,1.5494756,6.237518426461046e-70,2.0791728088203484e-67,True
PCAT1,16.770708,0.95851994,3.99721251832682e-63,1.1420607195219485e-60,True
LINC01322,15.539508,0.5244578,1.874158073772294e-54,4.164795719493987e-52,True
MAP2K6,15.323447,0.9632871,5.331375994375373e-53,1.0662751988750747e-50,True
RALYL,14.897196,0.11111467,3.437049732044309e-50,5.728416220073848e-48,True
EPHA1-AS1,14.736809,1.1244932,3.7404851884997916e-49,4.987313584666389e-47,True
ENSG00000223720,14.124406,1.5960914,2.6865547459032316e-45,2.9850608287813686e-43,True
LUC7L3,13.893643,0.19691005,6.92225694461615e-44,6.92225694461615e-42,True
SRRM2,13.24569,0.48443696,4.778657510084253e-40,4.551102390556431e-38,True
IL2RA,13.194093,0.9423741,9.489002373487598e-40,8.626365794079635e-38,True
ENSG00000280441,12.957035,0.49032152,2.14374664775419e-38,1.8079672674152962e-36,True
SNHG14,12.956117,0.036285296,2.1695607208983556e-38,1.8079672674152962e-36,False
C5orf67,12.110333,1.3723,9.311483914578693e-34,7.449187131662954e-32,True
NEAT1,12.06555,0.69603336,1.6058599880006633e-33,1.235276913846664e-31,True
EDIL3,11.907172,0.31071475,1.0859846143861019e-32,7.757032959900728e-31,True
PROCA1,11.721622,1.785517,9.876264000621975e-32,6.811216552153087e-30,True
PLXDC2,10.601753,0.29034597,2.9244467409108105e-26,1.8867398328456843e-24,True
POT1-AS1,10.563106,0.537051,4.4180014471746934e-26,2.7612509044841835e-24,True
ARAP2,10.265547,0.27938163,1.0074827856369814e-24,5.926369327276361e-23,True
NPAS3,10.220931,0.20711255,1.5979921109336642e-24,9.131383491049508e-23,True
APLP1,10.126223,0.40714628,4.226634557862325e-24,2.2846673285742297e-22,True
SREK1,9.855013,0.43620554,6.520811200602011e-23,3.3440057438984674e-21,True
ITPRID1,9.647989,1.2485981,5.012894964055301e-22,2.4453146166123422e-20,True
ENSG00000274422,9.339195,0.5007501,9.706913917688223e-21,4.2203973555166185e-19,True
MEIS2,9.11558,0.36126548,7.825129969472672e-20,3.329842540201137e-18,True
NRXN1-DT,8.97681,0.8744731,2.7873044357752137e-19,1.1149217743100855e-17,True
ENSG00000253363,8.953188,1.3730223,3.453623754357005e-19,1.3543622566105903e-17,True
CDH20,8.927807,0.40401375,4.345369096890382e-19,1.6712958064963006e-17,True
ENSG00000286780,8.858202,1.2272012,8.131528448102444e-19,3.0340391625114264e-17,True
LINC02284,8.788009,1.0652387,1.5223373110807718e-18,5.535772040293716e-17,True
LIFR,8.681155,0.53913325,3.917682340378493e-18,1.3746253825889448e-16,True
DPYD,8.613548,0.2428678,7.083351251966565e-18,2.401136017615785e-16,True
CTNNA3,8.57538,0.33754084,9.875970083498281e-18,3.2919900278327604e-16,True
ITPR2,8.402915,0.39407885,4.3552958981568477e-17,1.3826336184624912e-15,True
LAMA3,8.027871,0.8825657,9.917891666335716e-16,2.9170269606869753e-14,True
PARD3B,7.8077497,0.6212989,5.821798591558058e-15,1.6399432652276223e-13,True
LINC00499,7.785818,0.90788776,6.926353995771629e-15,1.8976312317182548e-13,True
ENSG00000287069,7.423741,1.2007962,1.1385779964094237e-13,2.882475940277022e-12,True
APOLD1,7.4115725,1.2055625,1.2481067916614899e-13,3.1202669791537245e-12,True
ENSG00000253300,7.367366,1.1053351,1.740325409657252e-13,4.2446961211152485e-12,True
ST18,7.0354114,0.5889659,1.9867383996917637e-12,4.620321859748288e-11,True
GCM1,6.923925,1.1606311,4.3929916441660886e-12,9.984071918559293e-11,True
FHIT,6.906758,0.12219529,4.958546800258247e-12,1.114280179833314e-10,True
BOD1L1,6.87591,0.24779083,6.159537114937141e-12,1.3537444208653057e-10,True
CNTN5,6.8566937,0.09835521,7.0472554888362435e-12,1.5320120627904877e-10,False
PGAM1P5,6.7674413,0.99586546,1.3107977796045226e-11,2.8189199561387585e-10,True
DNAJB2,6.6738,0.36240926,2.492636637477462e-11,5.303482207398855e-10,True
ACVR1C,6.642928,0.73478687,3.075118150205851e-11,6.473932947801791e-10,True
KCNIP4,6.610496,0.015608293,3.830344240127848e-11,7.979883833599683e-10,False
FRMD5,6.322658,0.07288448,2.5710199657384183e-10,5.246979521915139e-09,False
DOCK5,6.1449733,0.67519814,7.997709288365655e-10,1.5837048095773575e-08,True
RBM25,6.0003405,0.16779387,1.9690449369918387e-09,3.8233882271686194e-08,True
AMER2,5.9461365,0.5332059,2.745450052200625e-09,5.229428670858334e-08,True
ANLN,5.932314,0.9781494,2.986945105348939e-09,5.531379824720257e-08,True
CLMN,5.920139,0.58275205,3.216701793116746e-09,5.8499315593970404e-08,True
HSPA1A,5.9200997,0.58873,3.217462357668372e-09,5.8499315593970404e-08,True
PDLIM2,5.8672166,1.5942557,4.431716088019725e-09,7.985074032467972e-08,True
LINC00992,5.591898,0.92833483,2.2460070203077658e-08,3.8393282398423343e-07,True
ANKRD18B,5.476435,0.4112504,4.339799239519634e-08,7.232998732532724e-07,True
FBXL7,5.4408073,0.39283726,5.303963284362892e-08,8.695021777644085e-07,True
PIEZO2,5.4110312,0.8963998,6.266283595031484e-08,1.010690902424433e-06,True
ENSG00000286749,5.3483644,0.7091008,8.875268341538485e-08,1.3867606783653883e-06,True
SPOCK1,5.3257265,0.09085624,1.0055038989873534e-07,1.5589207736238036e-06,False
MT3,5.3025646,0.4628396,1.1418700486647057e-07,1.756723151791855e-06,True
RFTN2,5.298327,0.55182344,1.1686839994264542e-07,1.7799157468403313e-06,True
LRRC1,5.2718496,0.79124624,1.350557400099562e-07,2.030913383608364e-06,True
LINC01846,5.2539024,1.0566684,1.4890967823461767e-07,2.2060693071795207e-06,True
RNF220,5.230141,0.5254694,1.693804978498444e-07,2.4908896742624178e-06,True
DOCK1,5.186383,0.65155095,2.1441772396251417e-07,3.1075032458335386e-06,True
VAV3,5.176785,0.5146856,2.2574184921025707e-07,3.2480841612986625e-06,True
SLC24A2,5.1667247,0.032657485,2.3823185962032993e-07,3.4033122802904274e-06,False
LINC01877,5.0513015,0.53452826,4.388096266877691e-07,6.180417277292524e-06,True
LINC01965,5.042935,1.0724578,4.5844522711668215e-07,6.4118213582752755e-06,True
PIP4K2A,4.9519486,0.2727138,7.34739456580919e-07,1.0134337332150608e-05,True
WWOX,4.942777,0.08729035,7.701748886382555e-07,1.0550340940250076e-05,False
BHLHE41,4.9322906,0.68333316,8.12709318208527e-07,1.1057269635490164e-05,True
LINC02377,4.929719,0.9284101,8.234792586142648e-07,1.1128098089381956e-05,True
EFHD1,4.871044,0.9354243,1.1100997000401442e-06,1.4511107190067244e-05,True
ADGRV1,4.857271,0.36593872,1.1901459440695478e-06,1.545644083207205e-05,True
PKHD1,4.7582917,0.9779595,1.952380521066577e-06,2.5192006723439702e-05,True
ARHGAP24,4.662732,0.5163659,3.120389503639484e-06,3.975018475973865e-05,True
KANK1,4.644517,0.5446136,3.408729027747789e-06,4.314846870566822e-05,True
MITF,4.593949,0.3449844,4.349362112198469e-06,5.4367026402480865e-05,True
FABP12,4.5166087,0.9479434,6.2837887146225135e-06,7.710170201990814e-05,True
RORB,4.5105824,0.20203413,6.464979570901782e-06,7.884121427929002e-05,True
SLC5A11,4.424804,0.70498186,9.652968900420187e-06,0.00011290022105754604,True
HERC2P3,4.365554,0.8461257,1.2680113497495154e-05,0.00014491558282851604,True
LINC00609,4.356874,0.58078206,1.3193321964808681e-05,0.0001490770843481207,True
NCKAP5,4.3235536,0.42123225,1.535360031405964e-05,0.00017251236307932178,True
LINC01572,4.3153553,0.468597,1.5934638555412865e-05,0.0001780406542504231,True
PALMD,4.234842,0.9513418,2.287127592973693e-05,0.0002527212809915683,True
ENSG00000253673,4.233541,2.4320548,2.3004044104667864e-05,0.00025279169345788865,True
SHROOM4,4.205907,0.7292753,2.6003745938216247e-05,0.000284193944679959,True
ENPP2,4.18961,0.50993127,2.7943426144134388e-05,0.0003020910934501015,True
CRYAB,4.1855855,0.38822216,2.844321346215113e-05,0.000305841004969367,True
C10orf90,4.1596913,0.51155853,3.1867774656151385e-05,0.0003390188793207594,True
CNTN2,4.1232595,0.42761794,3.735485875748262e-05,0.0003911503534814934,True
DOCK4,4.0774145,0.07413366,4.553924977266265e-05,0.0004743671851319026,False
LINC01470,4.032818,0.6210058,5.511205282897991e-05,0.0005711093557407244,True
ENSG00000258312,3.9989426,0.76830965,6.362607422038092e-05,0.000652575120209035,True
ATG4C,3.992518,0.3068523,6.537537315039751e-05,0.0006670956443918113,True
SNHG25,3.909809,0.278677,9.236905455059447e-05,0.0009330207530363077,True
DLC1,3.8985012,0.21159092,9.678989127398295e-05,0.0009727627263716878,True
QKI,3.8187633,0.19170265,0.00013412245218750952,0.0013085117286586296,True
SLCO1A2,3.8158066,0.6940119,0.00013573875413757958,0.0013178519819182484,True
ZFHX4,3.7175384,0.41680703,0.000201173473720586,0.0019068575708112417,True
ENSG00000250195,3.697186,0.62109554,0.00021800264526829877,0.0020469731950075003,True
SLCO1B1,3.6800902,1.2137043,0.00023315155161306224,0.002178986463673479,True
SASH1,3.539666,0.27272895,0.0004006339424188456,0.0036587574650122886,True
MAML2,3.488546,0.32841682,0.0004856554544649134,0.004375274364548769,True
EPCAM-DT,3.4836059,0.8964899,0.0004947072448902579,0.004436836277042671,True
ERBIN,3.407685,0.2747759,0.0006551648654032394,0.005747060222835433,True
CPQ,3.3803298,0.23995726,0.0007239886845561518,0.0063230452799663914,True
TF,3.3204808,0.41148958,0.0008986255449648942,0.007814135173607776,True
PDE3A,3.299497,0.45004404,0.0009685831523560034,0.008386001319099596,True
KCNH8,3.2935057,0.32591888,0.0009894637962172595,0.008529860312217754,True
H2AC6,3.2871506,1.0688562,0.0010120665219898353,0.008687266283174552,True
FAM107B,3.2658179,0.52979463,0.0010914840127527394,0.00932892318592085,True
ENSG00000243276,3.24171,0.6941753,0.0011881489010719104,0.010111905541037537,True
UGT8,3.2108793,0.5450321,0.0013232951566154558,0.011120127366516436,True
CWF19L2,3.1628444,0.22455867,0.0015623574545532905,0.012965622029487889,True
ENSG00000259899,3.15104,0.6248982,0.0016269015556886748,0.013445467402385742,True
CCP110,3.1237974,0.3608877,0.0017853329310813198,0.014633876484273113,True
QDPR,3.1204596,0.42095014,0.001805691043484044,0.014740335048849338,True
CBLN2,3.049449,0.17590472,0.0022926152071294833,0.01848883231556035,True
CLIC4,3.0418925,0.57026786,0.0023509578499680554,0.018883195582072736,True
ITPKB,3.0355635,0.58788246,0.002400866978042347,0.019206935824338776,True
MAD2L1-DT,3.0213027,0.37112767,0.0025168959108561486,0.020054947496861743,True
HAS2-AS1,3.0038533,1.2758198,0.002665838660570912,0.02115744968707073,True
GRID2,2.9375584,0.053968597,0.0033080792048531325,0.025844368787915097,False
RUNX1,2.935092,0.40002745,0.003334487433867682,0.02594931855149947,True
NHSL1,2.9145243,0.4755811,0.003562310993283167,0.0276148139014199,True
NKX6-2,2.9126828,1.192357,0.0035833850005925973,0.02767092664550268,True
DTL,2.8933938,1.2014126,0.003811031679624603,0.029091844882630558,True
ENSG00000214719,2.8851066,0.44041973,0.003912813244777656,0.029755233800590537,True
ITGA2,2.865827,0.5568743,0.004159214878629045,0.03139030097078525,True
KLHL4,2.8542817,0.29583138,0.004313428075189744,0.032431790039020636,True
COL4A5,2.84082,0.442483,0.004499770267519335,0.03370614432598753,True
PLCL1,2.8050437,0.13310342,0.005030976743266114,0.037128979655100466,True
WHRN,2.7988946,0.45170075,0.0051277849540837675,0.03756619013980782,True
PREX1,2.786514,0.35687006,0.0053278327394937815,0.03888929006929767,True
AGMO,2.751035,0.87251675,0.005940730292226871,0.043205311216195426,True
ENSG00000285082,2.7327485,0.6122376,0.006280826812696358,0.04551323777316201,True
LINC02814,2.6842792,0.96950185,0.007268636526309688,0.05210492133555331,True
ACACB,2.6550443,0.53099275,0.007929799916260812,0.05643985705523709,True
LRP2,2.6156194,0.619372,0.008906575967389242,0.062164300818723345,True
TCOF1,2.6151507,0.46587378,0.008918807077470137,0.062164300818723345,True
ENSG00000287862,2.615083,0.3687096,0.0089205771674868,0.062164300818723345,True
MOBP,2.60149,0.2773396,0.009281975027319214,0.064458159911939,True
MTUS1,2.5700111,0.3158446,0.010169526690236408,0.0696542923988795,True
ENSG00000228793,2.5656686,0.8240452,0.010297718158264439,0.07024648258373958,True
ABCA8,2.559808,0.5851123,0.010472998001604748,0.0710033762820661,True
ENSG00000286536,2.543803,0.65433365,0.010965291246580376,0.07408980572013768,True
GPC5,2.53571,0.16022122,0.011221960177629988,0.07556875540491576,True
VRK2,2.5255055,0.42551494,0.011553196963947979,0.07727890945784602,True
LRRC63,2.4994068,0.6914816,0.012440144566241538,0.08240424480072507,True
GLUL,2.425155,0.24478167,0.015301853732159712,0.09936268657246566,True
ELF1,2.4226744,0.47679237,0.015406724842699658,0.09971990189449617,True
SLC44A1,2.421073,0.15670578,0.015474767946356275,0.09983721255713726,True
LRP4,2.4136117,0.7472889,0.01579528743944238,0.10157741118612464,True
WAKMAR2,2.4102385,0.8994086,0.01594209470062898,0.10219291474762165,True
ATP1A2,2.4040518,0.42001206,0.016214476263153366,0.10360687708085217,True
PXK,2.3997371,0.2444513,0.016406850615269315,0.1045022332182759,True
APOOL,2.3953846,0.34335652,0.01660294030867913,0.10541549402335956,True
CPNE2,2.364846,0.67819136,0.01803756666395453,0.11401334316843138,True
LINC02463,2.3641577,1.3167802,0.018071114892196375,0.11401334316843138,True
UHRF1,2.3559408,1.000223,0.01847585929114984,0.11620037290031346,True
KAT2B,2.3515804,0.21994412,0.01869384630534167,0.11718334537418741,True
ITGA8,2.3504777,0.34994492,0.018749335259869986,0.11718334537418741,True
CDH19,2.348936,0.6151473,0.018827139621815765,0.11730305060321349,True
NFIA,2.330609,0.15478693,0.019773978022586427,0.12281973927072315,True
FRMD4B,2.2978344,0.25539193,0.02157121143813428,0.1331556261613227,True
ENSG00000287306,2.2901456,0.87528235,0.02201287764714546,0.13546386244397204,True
ENSG00000287704,2.2774227,0.8107324,0.02276099294727492,0.1392109660383787,True
BMPR1B,2.2607493,0.35786432,0.023774784385047067,0.1449681974697992,True
EGFEM1P,2.2587707,0.19594356,0.02389765698151773,0.14527451052594365,True
ENSG00000287122,2.2467287,0.3685861,0.024657370828285438,0.1494386110805178,True
RGCC,2.235497,0.8111802,0.02538474049754048,0.1529201234791595,True
TBCB,2.2001467,0.2628209,0.027796487147695583,0.16644603082452444,True
MID1IP1,2.1902838,0.8856723,0.028503669437770326,0.1701711608225094,True
NCL,2.1876125,0.2783503,0.028697841386443258,0.17082048444311462,True
CD22,2.185475,0.53618,0.02885402882001084,0.17124052712172605,True
CSRP1,2.1765766,0.48916507,0.02951216269701659,0.1746281816391514,True
AMZ2,2.1667936,0.24985546,0.030250598657932243,0.17795672253959247,True
ZC3H13,2.161665,0.12422563,0.030644006235684473,0.17960445223789331,True
RANBP3L,2.1607797,0.5944669,0.03071236133267976,0.17960445223789331,True
ENSG00000227088,2.1583476,0.31464857,0.030900819435031285,0.18017970516053225,True
LINC00639,2.1497602,0.5103817,0.031574185715312966,0.18303875776993025,True
MT2A,2.0866797,0.27575898,0.036917090177122594,0.21216718492599193,True
SPOCK3,2.0498312,0.12958595,0.04038091985401611,0.2314092828310379,True
LINC01320,2.0332916,0.4331451,0.04202307029491539,0.2401318302566594,True
HIP1,2.0246491,0.33187455,0.04290340792737935,0.24376936322374632,True
STEAP1B,2.0099947,0.511435,0.04443173504688198,0.25173787561972794,True
LINC00613,1.9979419,1.6520126,0.04572296080627691,0.2583218124648413,True
PPP1CB-DT,1.9683853,0.9028143,0.04902371546175494,0.27541413180761204,True
TMEM98,1.9286227,1.0426275,0.05377771920218799,0.2995973214606573,False
FA2H,1.920017,0.37786037,0.054855755512331496,0.3023516305060575,False
CDRT15P6,1.9195304,0.4649176,0.05491723754122514,0.3023516305060575,False
ENSG00000273507,1.9144245,0.35339662,0.05556593920350754,0.30447089974524677,False
LINC01608,1.9078243,0.3332745,0.05641393399406486,0.30659746735904814,False
PAPLN,1.9049125,0.74489933,0.05679145557160117,0.30777482018880015,False
NICOL1,1.9037838,0.23204467,0.05693834173492803,0.30777482018880015,False
NXPH1,1.8636565,0.122821555,0.06236995124608613,0.33213119447881,False
LINC02742,1.8579469,0.6064259,0.06317655616319175,0.33367544165186436,False
LINC02798,1.8575602,0.24573018,0.0632314961930283,0.33367544165186436,False
CPM,1.846494,0.56058073,0.06482051531938754,0.34116060694414496,False
PARP9,1.8423085,1.0968856,0.06543003286852714,0.3416711899139798,False
CD74,1.8225951,0.85909724,0.06836474306159614,0.3560663701124799,False
MEGF10,1.8135842,0.32670456,0.06974175676077796,0.3622948403157296,False
CSTF3-DT,1.7888321,0.8610856,0.07364186126129388,0.3795972229963602,False
TMEM144,1.7746733,0.30183655,0.07595184879835216,0.3904979372665921,False
LPAR1,1.7576032,0.25973493,0.07881505308970439,0.40323254611824855,False
ENSG00000289591,1.7495282,0.553884,0.08019977329148031,0.4091825167932669,False
RERG,1.7344215,0.22345945,0.0828433287878419,0.42052451161341065,False
DOCK8,1.7239321,0.9700476,0.08472009419351408,0.4289266527535266,False
PRPF38B,1.7227846,0.25234926,0.08492747724519827,0.4289266527535266,False
LURAP1L-AS1,1.6961893,0.73115706,0.08985002984380046,0.44969197357190943,False
ENSG00000227579,1.6957228,0.39016557,0.08993839471438189,0.44969197357190943,False
VWA1,1.6944922,0.7943812,0.09017178267332637,0.44973457692432106,False
MAL,1.6889923,0.5082583,0.09122091725894325,0.4538354092484739,False
SMC3,1.670574,0.19022663,0.09480586755683461,0.4693359780041317,False
MOG,1.661313,0.39320102,0.09665059920742063,0.4772869096662747,False
ENSG00000286995,1.6589544,1.0180349,0.09712497502194256,0.478448152817451,False
AIDAP2,1.6547422,0.66645044,0.09797680238830696,0.4814584883946288,False
ABCA2,1.651617,0.20847407,0.09861264163461074,0.48339530213044485,False
GLI3,1.6477059,0.6070452,0.0994130399007576,0.4861273344780323,False
ERMN,1.6209362,0.4247527,0.10503133507125768,0.5123479759573546,False
LINC02775,1.6105555,0.976668,0.10727662342279995,0.5220273645878344,False
ZBTB20,1.6046835,0.15354566,0.10856345976288576,0.5270070862276007,False
PLXNB1,1.5682694,0.42931294,0.1168182832750644,0.5643395327297798,False
RASSF2,1.5634855,0.6353257,0.1179384474381669,0.5670117665296486,False
CFLAR,1.5572073,0.27132618,0.11942126745572615,0.5713936241900773,False
BCAS1,1.5537796,0.20478776,0.12023701093185529,0.5739236798656577,False
APOE,1.5439175,0.44680938,0.12260830493454468,0.5824622562211149,False
TTYH2,1.5269699,0.6772293,0.12676850355080754,0.5993782673797047,False
PLD1,1.5179417,0.25762853,0.12902909250645558,0.6079971632266672,False
DAAM2,1.5172665,0.32988173,0.12919939718566678,0.6079971632266672,False
FYB1,1.4949471,0.99422956,0.13492825997358251,0.6319824823118619,False
EDA,1.4664938,0.33814785,0.14251378405209703,0.6635219540532865,False
SOX6,1.464872,0.12867592,0.14295585842989517,0.6635219540532865,False
CHST3,1.4647505,0.8409372,0.14298898109848324,0.6635219540532865,False
BAZ1B,1.4625512,0.16292925,0.14359022481767747,0.6647695593410994,False
ENSG00000287870,1.4589642,0.70786685,0.14457495816346486,0.6662440468362436,False
IP6K3,1.4576722,1.5007731,0.14493091173686162,0.6663490194798236,False
KIF19,1.45525,1.3505418,0.1456000428824251,0.6678901049652527,False
IZUMO4,1.4334623,0.4820944,0.15172576926594983,0.69281173180799,False
LGR5,1.4226944,0.4662903,0.15482473815856534,0.7021530075218383,False
ENSG00000251339,1.4115043,0.8622771,0.15809597878368664,0.7153664198356862,False
SH3TC1,1.4076641,1.1665277,0.159230578073144,0.7188739416394763,False
ARFGAP1,1.3926482,0.3059354,0.1637261764532696,0.7358479840596386,False
ENSG00000258410,1.3903117,0.18026301,0.16443422529505092,0.7371481720554476,False
ENSG00000251170,1.3892636,0.774187,0.16475261645439254,0.7371481720554476,False
NDE1,1.3826402,0.48984104,0.16677520761134657,0.7445321768363686,False
CDKN1C,1.3541918,0.68463403,0.1756751968519562,0.7738995456033313,False
PON2,1.3481323,0.26250988,0.17761586161508103,0.7807290620443121,False
RHOU,1.3436677,0.44623035,0.17905583787577317,0.785332622262163,False
SELENOP,1.341551,0.80903023,0.1797416542448521,0.7866155546820661,False
BOK,1.3377239,0.7355616,0.18098648891960412,0.7897340943730354,False
DOCK10,1.318861,0.1596187,0.18721559192583537,0.8052283523691843,False
GATM,1.3004642,0.2519805,0.19344191656049992,0.8302228178562228,False
MTCO2P22,1.2873205,3.7475858,0.19798260194024941,0.8478912288661644,False
LINC00698,1.273406,0.5233333,0.20287400577858028,0.8669829306776935,False
CNDP1,1.2694744,0.25780502,0.20427193262201382,0.8700881184325863,False
CNP,1.2689168,0.11687254,0.20447070783165777,0.8700881184325863,False
SLC39A12,1.267451,0.9356221,0.20499407741691777,0.8704631737448738,False
TXNIP,1.2478021,0.34722015,0.21210351932683913,0.8987437259611828,False
LINC01630,1.2425896,0.23754469,0.2140191256627617,0.9025956305125233,False
SYNJ2,1.241648,0.17586209,0.2143664622467243,0.9025956305125233,False
LNCAROD,1.225749,0.9152789,0.22029313157156383,0.9256013931578313,False
ENSG00000223393,1.221024,0.351966,0.2220769314870562,0.9311401739499212,False
HPN-AS1,1.2062646,0.67300993,0.22771546184142122,0.9507952477721137,False
TLR2,1.2035304,0.9276839,0.22877113103473623,0.9532130459780677,False
LINC01517,1.2017199,0.3756654,0.22947209191848583,0.9541459123429765,False
HAPLN2,1.1994984,0.30262694,0.23033420764225832,0.9557436001753458,False
NDRG2,1.1680151,0.3327525,0.24280064139442714,0.9996608525093124,False
KIAA1755,1.154622,0.34040296,0.2482452935913062,0.9996608525093124,False
TMC8,1.1512461,1.4547309,0.24963099239831243,0.9996608525093124,False
LINC01609,1.1510612,1.2483687,0.24970706513973195,0.9996608525093124,False
HSP90B1,1.1489595,0.26091835,0.25057266607313766,0.9996608525093124,False
SH3BP4,1.142849,0.6061243,0.25310129280762994,0.9996608525093124,False
ENSG00000226197,1.1325924,0.37615457,0.257385451070115,0.9996608525093124,False
LINC01684,1.113378,1.3402165,0.2655460739260098,0.9996608525093124,False
PRDM16,1.1055952,0.5128775,0.2689017781593237,0.9996608525093124,False
HSPA2,1.0688604,0.28651404,0.2851325475900114,0.9996608525093124,False
TMEM63A,1.0663905,0.4526976,0.2862471518290778,0.9996608525093124,False
ACSS1,1.0475523,0.4248757,0.2948448864712109,0.9996608525093124,False
SPMIP2,1.0385442,0.4639171,0.2990167725088867,0.9996608525093124,False
DDR1,1.0208777,0.38385683,0.3073123683180332,0.9996608525093124,False
SH3TC2,1.0179611,0.5877497,0.3086964076753854,0.9996608525093124,False
PRIMA1,0.99081576,0.68142086,0.3217755522485677,0.9996608525093124,False
RBM47,0.98952377,0.61478597,0.3224069450403121,0.9996608525093124,False
HEY2,0.96508634,1.0663242,0.3345015725486976,0.9996608525093124,False
FOXO1,0.96199846,0.23772676,0.3360503650790765,0.9996608525093124,False
GIPR,0.95490646,1.5882652,0.3396249961732286,0.9996608525093124,False
WDTC1-DT,0.94928455,1.2614815,0.3424759022972419,0.9996608525093124,False
SPATA6,0.9492804,0.13990477,0.34247803952414035,0.9996608525093124,False
GJA1,0.9462088,0.5304128,0.34404209784802864,0.9996608525093124,False
BAZ1A,0.9461951,0.2502049,0.3440490641439685,0.9996608525093124,False
ENSG00000240687,0.9326206,1.0930316,0.351015896104939,0.9996608525093124,False
SINHCAFP3,0.9279171,1.069007,0.3534505703846117,0.9996608525093124,False
GSN,0.9269561,0.19219396,0.3539493136702031,0.9996608525093124,False
SLC9A9,0.9219563,0.13880606,0.35655136730884396,0.9996608525093124,False
AZGP1,0.9103221,1.2056357,0.3626526632130167,0.9996608525093124,False
SLAIN1,0.907187,0.13132645,0.3643079313496823,0.9996608525093124,False
TMTC2,0.8901862,0.11323093,0.3733659052942655,0.9996608525093124,False
ENSG00000277128,0.88036203,0.83361036,0.3786632026023986,0.9996608525093124,False
CYP2J2,0.86732394,0.58609545,0.38576453219432005,0.9996608525093124,False
DIPK2B,0.86518186,1.3052208,0.3869389828694966,0.9996608525093124,False
ENSG00000271945,0.8554449,0.29617792,0.3923048853635225,0.9996608525093124,False
DPP10,0.85348773,-0.04691517,0.3933888731634747,0.9996608525093124,False
CDK18,0.85221153,0.24461997,0.39409669672295744,0.9996608525093124,False
PRR5L,0.8446656,0.27597836,0.39829759081194915,0.9996608525093124,False
MRC1,0.84416854,0.63685673,0.3985752400809168,0.9996608525093124,False
ANKRD18A,0.8393573,0.28347617,0.4012688226641741,0.9996608525093124,False
KYNU,0.8329089,0.99168307,0.404896084678251,0.9996608525093124,False
TBXAS1,0.8323814,0.6685828,0.4051936799735243,0.9996608525093124,False
ENSG00000239922,0.83206934,0.5772,0.4053698088491978,0.9996608525093124,False
MSR1,0.82472354,0.5292501,0.40952855834728985,0.9996608525093124,False
ALDH1L1,0.8246884,0.43619156,0.40954854888145886,0.9996608525093124,False
ENSG00000253154,0.81914735,1.3703265,0.4127023484929665,0.9996608525093124,False
IL11RA,0.8146057,0.788687,0.41529805238461637,0.9996608525093124,False
SLC25A18,0.8123916,0.44416034,0.41656696258695414,0.9996608525093124,False
USP16,0.8100719,0.18084542,0.41789884791401444,0.9996608525093124,False
FAXDC2,0.80890656,0.17561705,0.41856890368242905,0.9996608525093124,False
BIN1,0.80310863,0.13489959,0.4219119539284486,0.9996608525093124,False
IFI16,0.7938167,0.40276572,0.42730214268932054,0.9996608525093124,False
HTRA1,0.78857046,0.27646744,0.43036309503028636,0.9996608525093124,False
ALDH1A1,0.78421795,0.2177022,0.4329122295903651,0.9996608525093124,False
OLIG1,0.78361166,0.41386354,0.4332680280477498,0.9996608525093124,False
SYK,0.7820244,0.6888618,0.43420025596725975,0.9996608525093124,False
IFI44L,0.77970207,1.0547376,0.4355662769746812,0.9996608525093124,False
LARP7,0.77471906,0.30121973,0.43850570158205016,0.9996608525093124,False
PLIN3,0.76140296,0.8783202,0.4464164020178826,0.9996608525093124,False
TMC6,0.7538439,0.5876955,0.45094296791150124,0.9996608525093124,False
SEPTIN8,0.7523365,0.40497226,0.45184873533357817,0.9996608525093124,False
ENSG00000287277,0.7515142,0.44568226,0.4523432522849711,0.9996608525093124,False
MIR17HG,0.75014603,0.99107754,0.45316675531899653,0.9996608525093124,False
RREB1,0.74106795,0.55411303,0.4586522308796922,0.9996608525093124,False
PLCG2,0.7350357,0.68216133,0.462317745527305,0.9996608525093124,False
COLEC12,0.7318575,0.5826292,0.46425555271254804,0.9996608525093124,False
ENSG00000287632,0.727382,2.1533039,0.4669919573509669,0.9996608525093124,False
TANC1,0.70762074,0.18638423,0.47918079687824566,0.9996608525093124,False
ATP10B,0.7069167,0.19882062,0.47961823993997377,0.9996608525093124,False
ENSG00000287054,0.69286454,1.6375825,0.48839455035457835,0.9996608525093124,False
HMG20B,0.691219,0.8225607,0.48942794279004576,0.9996608525093124,False
PLEKHB1,0.6895492,0.23662238,0.49047771490917225,0.9996608525093124,False
ENSG00000285269,0.68639624,1.0375607,0.4924632905705483,0.9996608525093124,False
HIF3A,0.68437654,0.33918267,0.49373743174418594,0.9996608525093124,False
PCDH17,0.6793357,0.21348858,0.4969251636018889,0.9996608525093124,False
ROBO1,0.67796755,0.03178242,0.4977922651863649,0.9996608525093124,False
TMCC3,0.67538565,0.34973451,0.4994307611125698,0.9996608525093124,False
STAB1,0.6717924,1.5738655,0.5017158760795337,0.9996608525093124,False
CD44,0.6698662,0.65695125,0.5029430713365227,0.9996608525093124,False
OBI1-AS1,0.669345,0.22360973,0.5032754162940556,0.9996608525093124,False
SHTN1,0.66733897,0.14150786,0.504555623975271,0.9996608525093124,False
MIR4300HG,0.66049075,0.1910917,0.5089389374972914,0.9996608525093124,False
FAM124A,0.65865916,0.27476245,0.5101146466414156,0.9996608525093124,False
TNFAIP8,0.6568844,0.7374151,0.5112552850320228,0.9996608525093124,False
C3,0.65277773,0.7191425,0.5138995863355438,0.9996608525093124,False
ENSG00000255094,0.6476208,1.2496394,0.5172302375600825,0.9996608525093124,False
ENSG00000287706,0.6415591,0.34874877,0.5211594792649185,0.9996608525093124,False
ENSG00000287684,0.63448286,1.820789,0.5257657384306975,0.9996608525093124,False
IQCA1,0.63141024,0.16368176,0.5277723048395764,0.9996608525093124,False
PTPRC,0.62641466,0.5335359,0.5310430037063322,0.9996608525093124,False
GPR37,0.6137049,0.22196908,0.5394103293098602,0.9996608525093124,False
MT1G,0.6123998,0.654525,0.5402732691656387,0.9996608525093124,False
SLC14A1,0.6078345,0.66488695,0.5432972437178928,0.9996608525093124,False
CERCAM,0.6050861,0.14787531,0.5451218083982132,0.9996608525093124,False
TRIM56,0.6044903,0.9563777,0.5455177466682994,0.9996608525093124,False
TMEM273,0.60300016,1.0743641,0.5465085656794597,0.9996608525093124,False
GPIHBP1,0.6024517,0.8496213,0.5468735344151867,0.9996608525093124,False
SAMSN1,0.60170716,0.49081004,0.5473690920304204,0.9996608525093124,False
IGFBP7,0.6000794,0.4365648,0.5484533073353481,0.9996608525093124,False
FOLH1,0.6000505,0.16775881,0.5484725654093594,0.9996608525093124,False
EOMES,0.5956302,1.4744862,0.5514222765558097,0.9996608525093124,False
HEPACAM,0.59166914,0.43722832,0.5540721591853408,0.9996608525093124,False
SP100,0.58848304,0.6717537,0.5562081073908612,0.9996608525093124,False
SLTM,0.56312615,0.21872161,0.5733489934802709,0.9996608525093124,False
GFAP,0.56256974,0.46716288,0.5737279106533029,0.9996608525093124,False
CECR2,0.55886453,0.33524108,0.576254183989072,0.9996608525093124,False
SLC15A1,0.5546255,1.5147043,0.5791508453016696,0.9996608525093124,False
DOCK2,0.55350745,0.50235736,0.579916000889231,0.9996608525093124,False
ENSG00000286279,0.5531517,0.24568462,0.58015952614702,0.9996608525093124,False
LPAR4,0.5386288,0.811041,0.5901430100967693,0.9996608525093124,False
CYBRD1,0.5379673,0.43189552,0.5905996188136835,0.9996608525093124,False
STON2,0.527489,0.21037324,0.5978540427632264,0.9996608525093124,False
CD86,0.521452,1.0396396,0.6020519139141982,0.9996608525093124,False
NLRC5,0.5198075,0.700207,0.603197757876162,0.9996608525093124,False
PLIN5,0.5190341,0.44637287,0.6037369729447777,0.9996608525093124,False
PMP22,0.5165531,0.23208559,0.60546817042391,0.9996608525093124,False
CPB1,0.514091,0.6698337,0.6071883642079288,0.9996608525093124,False
SPON1,0.5116872,0.1710807,0.6088699127067554,0.9996608525093124,False
ACSBG1,0.5097706,0.3747037,0.6102122242474638,0.9996608525093124,False
LRP10,0.5034115,1.0890646,0.6146750006208359,0.9996608525093124,False
LINC01094,0.49151826,0.8462085,0.6230599442977076,0.9996608525093124,False
C1QB,0.48995724,1.396651,0.6241641463493879,0.9996608525093124,False
DIPK1C,0.4840968,0.5814194,0.6283171656951052,0.9996608525093124,False
FLI1,0.4786467,0.7054363,0.6321899826661393,0.9996608525093124,False
CT69,0.47483116,0.64299214,0.6349073159744043,0.9996608525093124,False
APBB1IP,0.4661461,0.4730525,0.6411109229152059,0.9996608525093124,False
ENSG00000289302,0.4639919,1.7087905,0.6426535369939217,0.9996608525093124,False
RAD51B,0.45621318,0.14602986,0.6482366806424902,0.9996608525093124,False
TMEM88B,0.44921732,0.44957912,0.653274887548172,0.9996608525093124,False
RASGRP3,0.44708782,0.33814797,0.6548116425166086,0.9996608525093124,False
CSF3R,0.43894395,1.2804267,0.6607021518289719,0.9996608525093124,False
PLAAT4,0.43751326,1.2933996,0.6617391686955617,0.9996608525093124,False
LRMDA,0.43633792,0.22675826,0.6625915850927859,0.9996608525093124,False
SMC4,0.4327257,0.6608539,0.6652140599178863,0.9996608525093124,False
SLC35D2,0.4223362,0.45978463,0.6727796406837236,0.9996608525093124,False
HCLS1,0.4222353,0.76066107,0.6728532645278619,0.9996608525093124,False
MARCHF3,0.42148346,0.1175757,0.6734020909886285,0.9996608525093124,False
TGFBR2,0.42047623,0.5349387,0.6741375838942385,0.9996608525093124,False
TLR1,0.41849333,0.7941835,0.6755864594409172,0.9996608525093124,False
MMRN1,0.41689503,1.5443029,0.6767551887437917,0.9996608525093124,False
TMEM156,0.4161689,0.6113333,0.677286407414918,0.9996608525093124,False
AEBP1,0.41604438,0.6318222,0.6773775225539018,0.9996608525093124,False
UACA,0.41380036,0.30257013,0.679020325231314,0.9996608525093124,False
ENSG00000256969,0.41043037,1.0997766,0.6814902788593125,0.9996608525093124,False
ENSG00000262877,0.40777388,0.31931657,0.6834396938872096,0.9996608525093124,False
PLPP2,0.40606314,0.30941668,0.6846962116475541,0.9996608525093124,False
FCGRT,0.40512684,0.8321462,0.6853842703309183,0.9996608525093124,False
SCIN,0.40353906,0.7755497,0.686551709270429,0.9996608525093124,False
VSIG4,0.40097925,1.1146842,0.6884354024188325,0.9996608525093124,False
PGR,0.40083948,0.79300153,0.6885383035204891,0.9996608525093124,False
SIPA1,0.3985403,1.0915153,0.6902319689589448,0.9996608525093124,False
ENSG00000235189,0.39744112,0.48160356,0.6910421953340287,0.9996608525093124,False
PRR18,0.39412996,0.44899097,0.6934850804341846,0.9996608525093124,False
EMX2,0.3913994,0.4871197,0.6955020283231542,0.9996608525093124,False
DDIT4,0.3907148,0.1913525,0.6960080593234632,0.9996608525093124,False
MLKL,0.39006382,0.9427056,0.6964893609536651,0.9996608525093124,False
EZR,0.38838091,0.35992128,0.6977341635339791,0.9996608525093124,False
FCGBP,0.38571706,0.8274025,0.6997062129295337,0.9996608525093124,False
SUSD3,0.38284516,1.1564345,0.7018345628701372,0.9996608525093124,False
FGF16,0.38139188,2.1219718,0.7029124805153498,0.9996608525093124,False
HLA-DPA1,0.38023597,0.6035048,0.7037702532337784,0.9996608525093124,False
SLC45A3,0.38018185,0.38166156,0.7038104218410861,0.9996608525093124,False
NOP56P3,0.37840545,2.275248,0.7051294243488204,0.9996608525093124,False
PTAFR,0.37618402,0.52244186,0.706780107839887,0.9996608525093124,False
HCK,0.3758141,0.53743464,0.7070550956878257,0.9996608525093124,False
SH3TC2-DT,0.37405187,0.2338162,0.7083657184012454,0.9996608525093124,False
CHD7,0.373982,0.2842216,0.7084177078606299,0.9996608525093124,False
MEIS1,0.37231907,0.22791892,0.709655301024902,0.9996608525093124,False
ENSG00000284377,0.3721604,0.5303339,0.7097734305872763,0.9996608525093124,False
ENSG00000286271,0.37127718,1.2718627,0.7104310937426991,0.9996608525093124,False
TSPAN15,0.37079433,0.3688111,0.7107907283552566,0.9996608525093124,False
PI16,0.37023267,0.640244,0.7112091438633159,0.9996608525093124,False
MS4A6A,0.36984858,2.029668,0.7114953134584938,0.9996608525093124,False
MYO7B,0.36975402,0.5119059,0.7115657855349506,0.9996608525093124,False
S1PR5,0.36769125,0.43818328,0.7131034719470397,0.9996608525093124,False
SLCO1C1,0.36768705,0.19189699,0.7131066064797005,0.9996608525093124,False
VIM,0.3666278,0.5321688,0.7138966630127473,0.9996608525093124,False
IL3RA,0.3614073,0.10945826,0.7177949816811765,0.9996608525093124,False
PRSS59P,0.36113515,1.2945014,0.717998417992568,0.9996608525093124,False
TTTY13,0.35981426,1.1379305,0.7189860355353084,0.9996608525093124,False
ARHGEF26,0.35852543,0.14616984,0.7199501419685022,0.9996608525093124,False
RTKN,0.35522953,0.32875767,0.7224176524749832,0.9996608525093124,False
LINC02503,0.35214955,0.68493253,0.7247261076704545,0.9996608525093124,False
PLAAT3,0.35075825,0.20473064,0.7257697124399531,0.9996608525093124,False
ENSG00000227531,0.34955508,0.66941977,0.7266726364528237,0.9996608525093124,False
ENSG00000257452,0.34946418,0.7636284,0.7267408640619325,0.9996608525093124,False
ENSG00000286757,0.34641415,0.26400363,0.7290314889228673,0.9996608525093124,False
LTC4S,0.3462786,0.9704459,0.7291333508132111,0.9996608525093124,False
ENSG00000289159,0.3451563,0.64868724,0.7299768560201199,0.9996608525093124,False
ACSL5,0.34421372,1.0091096,0.7306855581625197,0.9996608525093124,False
ISL1,0.3418746,1.2013208,0.7324452695045213,0.9996608525093124,False
ENSG00000231741,0.3389302,0.27878854,0.7346623242351834,0.9996608525093124,False
CA6,0.3382608,1.5400172,0.7351666536047123,0.9996608525093124,False
PGGHG,0.3381484,1.3690021,0.735251379479575,0.9996608525093124,False
MT1M,0.3342614,0.3329861,0.7381823349773048,0.9996608525093124,False
SRGN,0.32993934,0.9466851,0.7414458017460777,0.9996608525093124,False
CLEC4C,0.32438678,1.2779304,0.7456452274921102,0.9996608525093124,False
HLA-DRA,0.32322773,0.9014009,0.746522788768648,0.9996608525093124,False
MYRF,0.3214965,0.42428046,0.7478341734590579,0.9996608525093124,False
CA2,0.31843072,0.26392123,0.7501582476533777,0.9996608525093124,False
ANXA9,0.316245,0.68468153,0.7518165583654961,0.9996608525093124,False
HTR2C,0.312937,0.08503596,0.7543285264772622,0.9996608525093124,False
ENSG00000234147,0.31267956,0.60375166,0.754524135342932,0.9996608525093124,False
LINC02485,0.31264907,1.0490996,0.7545472900879152,0.9996608525093124,False
POM121L2,0.3089943,2.044925,0.7573258568276839,0.9996608525093124,False
C1QC,0.30486405,1.2183291,0.7604697019849743,0.9996608525093124,False
SIRPB2,0.29816452,1.6229658,0.7655776040807482,0.9996608525093124,False
PIK3R5,0.29806048,0.7479743,0.7656570016458031,0.9996608525093124,False
EPDR1,0.29518333,1.3818878,0.7678538384672954,0.9996608525093124,False
MT1F,0.29327136,0.47143012,0.7693147493267853,0.9996608525093124,False
LYN,0.28974742,0.50072396,0.7720094809743403,0.9996608525093124,False
DSG1,0.28490102,1.391667,0.7757199804053818,0.9996608525093124,False
HLA-E,0.2839353,0.57029647,0.7764599600098702,0.9996608525093124,False
STOML3,0.28388485,0.9172702,0.7764986152337591,0.9996608525093124,False
ZFP36L2,0.2835486,0.39230055,0.7767563308672213,0.9996608525093124,False
TYROBP,0.27503693,1.3863364,0.7832878688196995,0.9996608525093124,False
MAPK8IP1P2,0.2737297,1.8826151,0.7842923510441706,0.9996608525093124,False
LINC01958,0.27328205,1.1526992,0.7846364123956253,0.9996608525093124,False
CXCR2,0.27267098,1.6811081,0.7851061321495842,0.9996608525093124,False
GIMAP4,0.27207044,1.6487406,0.7855678504409547,0.9996608525093124,False
ENSG00000260370,0.27189916,1.2612125,0.7856995529571458,0.9996608525093124,False
TNFRSF1B,0.2713044,0.5724413,0.7861569234105467,0.9996608525093124,False
ALOX5AP,0.27038074,1.2963015,0.7868673676048972,0.9996608525093124,False
FMO4,0.27020943,0.6553196,0.7869991304746833,0.9996608525093124,False
PPP1R13L,0.2701858,0.8574242,0.7870173190799693,0.9996608525093124,False
LINC01098,0.26993832,0.3034643,0.7872077001193913,0.9996608525093124,False
CASP10,0.26739112,0.60192263,0.7891680281685993,0.9996608525093124,False
IRAK3,0.26671544,0.608381,0.7896882573036632,0.9996608525093124,False
H1-2,0.26635608,0.4184365,0.7899649959259247,0.9996608525093124,False
CDH23,0.2648145,0.3497377,0.791152359085795,0.9996608525093124,False
BIN2,0.262943,0.5459389,0.7925945194658511,0.9996608525093124,False
SGO1-AS1,0.26273704,0.16944449,0.7927532734293098,0.9996608525093124,False
GAB3,0.25972798,0.7385984,0.7950735965930631,0.9996608525093124,False
LINC02473,0.25893778,0.6814211,0.7956832514014898,0.9996608525093124,False
TRIM38,0.25633752,1.0124706,0.7976902349986229,0.9996608525093124,False
PHLPP1,0.2533868,0.13829625,0.7999693293969408,0.9996608525093124,False
SAP25,0.25327647,1.2695249,0.8000545851224076,0.9996608525093124,False
HMOX1,0.25130406,0.6720863,0.8015790337665327,0.9996608525093124,False
ROM1,0.24926966,0.37992465,0.8031521923765165,0.9996608525093124,False
CD163,0.24549091,0.93154794,0.8060763499706936,0.9996608525093124,False
ENSG00000261710,0.24435969,0.5779131,0.8069522565564221,0.9996608525093124,False
LAPTM5,0.24258853,1.0298082,0.8083241689767812,0.9996608525093124,False
CXCR4,0.24181618,1.3212979,0.808922606941711,0.9996608525093124,False
EML3,0.24123192,0.3163977,0.8093753771504253,0.9996608525093124,False
LGALS9,0.23976706,0.5324405,0.810510840276098,0.9996608525093124,False
CYP27A1,0.23938142,0.19796565,0.8108098413952364,0.9996608525093124,False
ENSG00000234418,0.23703177,0.25260502,0.8126321433830239,0.9996608525093124,False
NCMAP,0.23519546,0.5926322,0.8140570333941506,0.9996608525093124,False
NOP56P1,0.23430435,3.3595955,0.8147487042686414,0.9996608525093124,False
ITGB2,0.23272024,1.012452,0.8159786523231201,0.9996608525093124,False
FIRRE,0.23247802,0.37205538,0.8161667540777269,0.9996608525093124,False
LINC01736,0.23183544,1.6473603,0.81666582586433,0.9996608525093124,False
LINC02526,0.23145504,0.6489402,0.8169613048820571,0.9996608525093124,False
APLNR,0.22931188,0.8931671,0.8186265121640548,0.9996608525093124,False
SRGAP1,0.22918107,0.16312806,0.8187281902826757,0.9996608525093124,False
ARRDC5,0.22879541,1.2301344,0.8190279338753144,0.9996608525093124,False
ENSG00000289456,0.22796263,1.3443882,0.8196752905205462,0.9996608525093124,False
ENSG00000273112,0.22734527,1.0784873,0.8201552714879823,0.9996608525093124,False
TREH,0.22635119,0.32099235,0.8209282844768121,0.9996608525093124,False
CASP4,0.22550844,1.03161,0.8215837658074183,0.9996608525093124,False
ITGAM,0.2243436,0.8520323,0.8224899571709154,0.9996608525093124,False
GPR62,0.21917617,0.5402668,0.8265128203118769,0.9996608525093124,False
DTX3L,0.21753426,1.1211704,0.827792015190374,0.9996608525093124,False
ID3,0.21653335,0.19788836,0.828572036792558,0.9996608525093124,False
LINC02949,0.21475536,0.8690143,0.829958066418355,0.9996608525093124,False
ENSG00000241345,0.20957059,-0.024502171,0.8340028407860686,0.9996608525093124,False
RHBDF2,0.20868999,0.5841408,0.8346902527116089,0.9996608525093124,False
AIF1L,0.20643912,0.25461233,0.8364479096355,0.9996608525093124,False
ACSM2A,0.206426,1.38267,0.8364581691428863,0.9996608525093124,False
ADA,0.20617379,0.5073593,0.8366551570772457,0.9996608525093124,False
FRG2IP,0.20579182,3.4116106,0.8369535312209755,0.9996608525093124,False
KLRK1-AS1,0.20377739,0.8056488,0.8385274622293653,0.9996608525093124,False
LAMB2,0.20279592,0.78505117,0.8392945467945848,0.9996608525093124,False
CLEC7A,0.20227891,0.7078774,0.8396986827663863,0.9996608525093124,False
LGALS3BP,0.20078307,0.185855,0.8408682041020925,0.9996608525093124,False
LINC02183,0.20020564,1.3518629,0.8413197572815638,0.9996608525093124,False
IKZF1,0.19756229,0.600275,0.8433875408169317,0.9996608525093124,False
ETNPPL,0.19661182,0.23118493,0.8441313198536549,0.9996608525093124,False
NGFR,0.19576801,3.2205956,0.8447917509686419,0.9996608525093124,False
MS4A14,0.19493471,2.0291495,0.8454440646154536,0.9996608525093124,False
CD55,0.19475344,0.26743177,0.8455859753899102,0.9996608525093124,False
H1-3,0.19374464,0.6111155,0.84637583109784,0.9996608525093124,False
SLCO2B1,0.19356863,0.4417295,0.8465136603043986,0.9996608525093124,False
LINC03057,0.19107345,2.049271,0.8484680467968694,0.9996608525093124,False
C1QA,0.18772921,0.93205017,0.8510889357434251,0.9996608525093124,False
SLC6A12,0.18732989,0.5022512,0.851401988260571,0.9996608525093124,False
GIMAP8,0.18715125,1.4152104,0.8515420456554801,0.9996608525093124,False
ADAMTS18,0.18608361,0.4507011,0.8523791920269108,0.9996608525093124,False
RASAL3,0.18568745,1.7446733,0.8526898684242927,0.9996608525093124,False
LINC01979,0.18559813,1.2058214,0.8527599179859412,0.9996608525093124,False
MYO1E,0.18538271,0.1947048,0.8529288658230066,0.9996608525093124,False
ENSG00000266995,0.1848158,1.2559105,0.8533735193051448,0.9996608525093124,False
ENSG00000250771,0.18388213,0.7983176,0.8541059185077864,0.9996608525093124,False
TNS3,0.1835154,0.20646521,0.8543936370390464,0.9996608525093124,False
TASL,0.18251397,1.4048243,0.8551793967689661,0.9996608525093124,False
LAIR1,0.1816318,0.8631473,0.8558716934270518,0.9996608525093124,False
HLA-DRB5,0.1794235,1.2592098,0.8576051881569459,0.9996608525093124,False
PHGDH,0.1793741,0.29100853,0.857643965611897,0.9996608525093124,False
NHSL1-AS1,0.17501108,0.785869,0.8610709276059321,0.9996608525093124,False
ENSG00000259862,0.17414783,2.2063148,0.8617492863687561,0.9996608525093124,False
FBLN1,0.17405273,0.327715,0.8618240235552258,0.9996608525093124,False
BLNK,0.17389983,0.19282731,0.8619441837242535,0.9996608525093124,False
ASPRV1,0.17317003,1.028207,0.8625177757207468,0.9996608525093124,False
LINC01226,0.17287791,0.4890368,0.8627473980345031,0.9996608525093124,False
SAMD9L,0.17045575,0.52493274,0.8646517258065933,0.9996608525093124,False
MYOF,0.1703307,0.3492025,0.8647500617831638,0.9996608525093124,False
ARHGAP23P1,0.1702561,1.6786937,0.8648087338257466,0.9996608525093124,False
LINC02511,0.17012842,0.40096447,0.8649091391203623,0.9996608525093124,False
CD14,0.1683352,0.6196448,0.8663195880431235,0.9996608525093124,False
SLC11A1,0.16539393,0.49418852,0.8686339252680533,0.9996608525093124,False
TSPO,0.16470145,0.17060336,0.8691789801699964,0.9996608525093124,False
QKILA,0.16380404,0.72278184,0.8698854108371228,0.9996608525093124,False
PLEKHA4,0.16379668,0.37640408,0.8698912016822943,0.9996608525093124,False
ZIC2,0.16295917,0.657814,0.870550576314113,0.9996608525093124,False
HFE,0.16193357,0.4289916,0.8713581638989496,0.9996608525093124,False
PDZRN4,0.16045822,0.05380466,0.8725201335510548,0.9996608525093124,False
LAT,0.16015452,1.2485181,0.8727593481374217,0.9996608525093124,False
KLRC4-KLRK1,0.15933488,0.78380775,0.8734050372182368,0.9996608525093124,False
ENSG00000263489,0.15849422,0.92054456,0.8740673700278045,0.9996608525093124,False
ENSG00000287689,0.15717702,2.1798005,0.875105340054664,0.9996608525093124,False
HSP90AA2P,0.15644722,3.1125526,0.8756805185977414,0.9996608525093124,False
RUNX3,0.15612252,0.7713979,0.8759364506976876,0.9996608525093124,False
ENSG00000279419,0.15585876,0.44947904,0.876144353313932,0.9996608525093124,False
ENSG00000288932,0.15561812,1.1777465,0.8763340408464195,0.9996608525093124,False
MED28-DT,0.15439495,0.3762179,0.8772983263687472,0.9996608525093124,False
NPFF,0.15403926,1.0755671,0.8775787821334584,0.9996608525093124,False
ANKRD11P1,0.15313187,0.9847874,0.8782942831240798,0.9996608525093124,False
SLC1A3,0.15109012,0.08621942,0.8799046266163315,0.9996608525093124,False
ORAI1,0.14911824,0.6344615,0.8814603271223973,0.9996608525093124,False
TEAD3,0.14843154,0.6216276,0.8820022148914805,0.9996608525093124,False
IL13RA1,0.14822452,0.49926904,0.8821655798173088,0.9996608525093124,False
DLL1,0.1475436,0.3350633,0.8827029779453146,0.9996608525093124,False
ENSG00000233139,0.14701292,0.79331446,0.8831218210331604,0.9996608525093124,False
ENSG00000251033,0.14681642,0.52082694,0.8832769256811362,0.9996608525093124,False
ENSG00000286107,0.1463861,2.0296354,0.8836165955978894,0.9996608525093124,False
DOK1,0.14616439,0.91857433,0.8837916231304084,0.9996608525093124,False
CYBA,0.14473106,0.69613665,0.884923217221004,0.9996608525093124,False
NCF4,0.14328933,1.803388,0.8860616850616139,0.9996608525093124,False
ENSG00000287185,0.14241661,1.0773124,0.8867509376424735,0.9996608525093124,False
SASH3,0.14225058,0.7034849,0.8868820754828899,0.9996608525093124,False
CAPG,0.14125597,0.55870837,0.887667722273487,0.9996608525093124,False
ENSG00000225055,0.14103478,2.5664482,0.887842463823244,0.9996608525093124,False
RNASE6,0.13947852,2.4891372,0.889072034241388,0.9996608525093124,False
ENSG00000285798,0.13938184,1.4912733,0.8891484242241564,0.9996608525093124,False
ENSG00000250613,0.13865152,1.8973689,0.8897255339346114,0.9996608525093124,False
LYZ,0.13857323,1.156235,0.8897874002474574,0.9996608525093124,False
TRIP10,0.13851333,1.0284946,0.8898347346581464,0.9996608525093124,False
UPF3B,0.13834205,0.17343485,0.8899700966308164,0.9996608525093124,False
VN1R7P,0.13479184,1.5789794,0.8927764598750344,0.9996608525093124,False
JMJD7-PLA2G4B,0.1342307,0.43483147,0.8932201527356669,0.9996608525093124,False
MLC1,0.13356657,0.2890805,0.8937453155493369,0.9996608525093124,False
SNHG18,0.13340265,0.3202466,0.8938749515226776,0.9996608525093124,False
LST1,0.1330853,0.83877784,0.8941259215244637,0.9996608525093124,False
OLAH,0.13139452,0.4210146,0.8954632212305548,0.9996608525093124,False
ACSM5,0.13090168,1.2767739,0.8958530806565501,0.9996608525093124,False
ENSG00000287628,0.13046718,0.41215712,0.8961968261981352,0.9996608525093124,False
B2M,0.12942213,0.31569058,0.8970236409170375,0.9996608525093124,False
CYB5R2,0.12831771,0.15134244,0.897897550549694,0.9996608525093124,False
SLC7A14-AS1,0.12731628,0.4028002,0.8986900799894061,0.9996608525093124,False
C22orf31,0.12628226,1.3868276,0.8995084955337752,0.9996608525093124,False
CPA2,0.12605476,0.7346902,0.8996885779620244,0.9996608525093124,False
ENSG00000241255,0.1248048,2.0139892,0.9006780834711959,0.9996608525093124,False
ENSG00000289576,0.12477223,1.5963026,0.9007038734113557,0.9996608525093124,False
ENSG00000289089,0.12473755,1.2373892,0.9007313273338085,0.9996608525093124,False
ENSG00000261215,0.12407763,2.7184985,0.901253806393622,0.9996608525093124,False
TST,0.122550786,0.62517256,0.9024628268285055,0.9996608525093124,False
ENSG00000173357,0.12253187,2.9240823,0.90247780579452,0.9996608525093124,False
MIR223HG,0.12252977,2.7016492,0.9024794701262201,0.9996608525093124,False
NLRP1,0.12194604,0.33837384,0.9029417548214055,0.9996608525093124,False
ITGAX,0.121744804,0.5218269,0.9031011279280171,0.9996608525093124,False
ENSG00000254178,0.12166599,1.2631227,0.9031635466581895,0.9996608525093124,False
TNFSF11,0.12141222,0.5298232,0.9033645390338781,0.9996608525093124,False
HOTTIP,0.12045124,0.35801348,0.90412570282827,0.9996608525093124,False
ADIPOR2,0.11967415,0.26869607,0.9047412737183342,0.9996608525093124,False
MMP8,0.11939306,1.6488173,0.904963958848979,0.9996608525093124,False
FAM225A,0.11939096,1.3332154,0.9049656238127045,0.9996608525093124,False
CDC42EP1,0.1172126,0.02506305,0.9066915819964632,0.9996608525093124,False
UBA7,0.116610475,0.46603456,0.9071687339160805,0.9996608525093124,False
TNFRSF10D,0.11637982,0.12759028,0.9073515261277664,0.9996608525093124,False
SRPX2,0.11493862,0.19419928,0.9084937758983377,0.9996608525093124,False
OR5AS1,0.11425979,0.31516147,0.9090318608113368,0.9996608525093124,False
ENSG00000257729,0.113741726,0.6983001,0.9094425326538662,0.9996608525093124,False
ENSG00000228408,0.11246865,1.7686827,0.9104518217164453,0.9996608525093124,False
LINC02100,0.11204623,0.537004,0.910786756084737,0.9996608525093124,False
LINC02128,0.11204465,0.4302602,0.910788005869567,0.9996608525093124,False
H2BC21,0.111846045,0.16229402,0.9109454805231212,0.9996608525093124,False
BTBD17,0.11138894,0.6214028,0.911307935466662,0.9996608525093124,False
LINC02460,0.110945486,2.0940623,0.9116595760605465,0.9996608525093124,False
PLA2G4F,0.11091711,1.6428167,0.9116820749819747,0.9996608525093124,False
ENSG00000287333,0.11090766,1.3652933,0.9116895746381858,0.9996608525093124,False
MFNG,0.11076212,0.7661616,0.9118049870059012,0.9996608525093124,False
RNU6-1133P,0.110235125,19.376194,0.9122229036536489,0.9996608525093124,False
WDFY4,0.11014896,0.4263312,0.9122912392963668,0.9996608525093124,False
P2RX1,0.10993879,0.8432953,0.9124579143148339,0.9996608525093124,False
ENSG00000234238,0.10970026,0.4016613,0.9126470951264573,0.9996608525093124,False
LINC02766,0.1096204,0.32236433,0.9127104343022412,0.9996608525093124,False
ADGRE2,0.10874716,0.16468963,0.9134030342779095,0.9996608525093124,False
ENSG00000240040,0.10853174,1.2373264,0.9135739024087155,0.9996608525093124,False
ENSG00000286291,0.10771788,1.0030925,0.9142194865338797,0.9996608525093124,False
ENSG00000283635,0.105564214,2.125977,0.9159281182694532,0.9996608525093124,False
MARCO,0.10316991,1.6939032,0.9178281189334003,0.9996608525093124,False
EIF2S2P3,0.10234554,1.1574794,0.9184824087193636,0.9996608525093124,False
ENSG00000278041,0.101354614,0.4265355,0.9192689639199783,0.9996608525093124,False
TMEM176B,0.1012716,0.46586293,0.9193348613248933,0.9996608525093124,False
ATP6V0D2,0.101262145,0.43675882,0.9193423686593483,0.9996608525093124,False
ENSG00000287057,0.10090486,2.1288784,0.9196259843322966,0.9996608525093124,False
SEMA3B,0.100896455,0.108986996,0.9196326577655121,0.9996608525093124,False
OR9G4,0.10019451,3.3515494,0.9201899093628246,0.9996608525093124,False
EYA2,0.09986139,0.26414895,0.9204543673384203,0.9996608525093124,False
RASSF9,0.09935384,1.8875492,0.920857328097961,0.9996608525093124,False
LINC01426,0.09849427,1.2688687,0.9215398213935484,0.9996608525093124,False
MTUS1-DT,0.098048195,0.20399559,0.9218940231775614,0.9996608525093124,False
ENSG00000266283,0.09775449,1.0550292,0.9221272457711278,0.9996608525093124,False
SAMD9,0.09721752,0.23469137,0.9225536557178984,0.9996608525093124,False
SCN4A,0.09695639,1.1779504,0.9227610275114961,0.9996608525093124,False
SLC2A5,0.09665848,0.44917244,0.9229976130108157,0.9996608525093124,False
AOX3P-AOX2P,0.096243404,1.5005424,0.9233272584821771,0.9996608525093124,False
LINC01795,0.096222386,1.199694,0.923343949742867,0.9996608525093124,False
ENSG00000179066,0.096197166,0.8315365,0.9233639793002496,0.9996608525093124,False
ENSG00000243655,0.09552517,1.7835652,0.9238977014062599,0.9996608525093124,False
USP41P,0.095416404,1.2261658,0.923984084990351,0.9996608525093124,False
XAF1,0.09424999,0.43367317,0.9249105737859964,0.9996608525093124,False
ENSG00000288781,0.09383124,1.0068244,0.9252432165237642,0.9996608525093124,False
APOL3,0.09372668,0.66542816,0.9253262749075158,0.9996608525093124,False
LINC03062,0.0936526,0.5715457,0.9253851258128554,0.9996608525093124,False
CDC20-DT,0.09334681,0.35147628,0.9256280466332384,0.9996608525093124,False
PRRG4,0.09295537,0.64806265,0.9259390120950145,0.9996608525093124,False
ITIH1,0.09290073,0.5091734,0.9259824229397636,0.9996608525093124,False
ENSG00000266371,0.09244625,2.2658947,0.9263434928193454,0.9996608525093124,False
ENSG00000266923,0.09241578,1.8626671,0.926367703828799,0.9996608525093124,False
ENSG00000255829,0.09229756,1.1050984,0.9264616264933422,0.9996608525093124,False
TLX1NB,0.09224922,0.90550745,0.9265000307225498,0.9996608525093124,False
CCL20,0.0922261,0.6961499,0.9265183980231475,0.9996608525093124,False
ENSG00000264488,0.091721706,4.167665,0.9269191488584289,0.9996608525093124,False
ENSG00000267801,0.0917133,2.5220647,0.9269258281963793,0.9996608525093124,False
TAL1,0.09158615,1.166693,0.9270268538105971,0.9996608525093124,False
ENSG00000249041,0.0915809,1.3196629,0.9270310284480776,0.9996608525093124,False
ENSG00000278903,0.09001097,0.9920953,0.9282784995908115,0.9996608525093124,False
ENSG00000198358,0.09000571,0.923625,0.9282826748253932,0.9996608525093124,False
GREM1,0.0895486,0.19820447,0.928645927779726,0.9996608525093124,False
ENSG00000272555,0.08859761,1.8725082,0.9294017084982894,0.9996608525093124,False
ENSG00000275799,0.088523,1.1994661,0.9294610044950333,0.9996608525093124,False
AIF1,0.08844314,0.88698834,0.9295244767001531,0.9996608525093124,False
CLECL1P,0.08840531,0.6585829,0.9295545426380293,0.9996608525093124,False
LRATD2,0.08772227,0.19150692,0.9300974171056474,0.9996608525093124,False
PRDM14,0.08771807,0.76701576,0.9301007579725638,0.9996608525093124,False
ANKRD22,0.08694361,1.1245515,0.9307163336628385,0.9996608525093124,False
CPLX4,0.08550923,2.5745966,0.9318565525241482,0.9996608525093124,False
SIGLEC10,0.08510782,0.39262548,0.9321756718871561,0.9996608525093124,False
ENSG00000233470,0.08479625,19.258326,0.9324233728372764,0.9996608525093124,False
CEACAM4,0.0832321,2.2549472,0.9336669884971068,0.9996608525093124,False
CD93,0.0830666,0.8314588,0.9337985865117144,0.9996608525093124,False
LINC03043,0.08207934,0.54153967,0.9345836165739307,0.9996608525093124,False
KCNQ1DN,0.08168266,2.630324,0.9348990670484072,0.9996608525093124,False
SMIM28,0.08167741,2.522665,0.9349032452690845,0.9996608525093124,False
LINC00463,0.081675306,1.937834,0.9349049165578576,0.9996608525093124,False
UBE2Q2P13,0.08094656,0.3521749,0.9354844531853514,0.9996608525093124,False
LITAFD,0.0808152,1.1502895,0.9355889154873832,0.9996608525093124,False
SLC2A4,0.08058718,0.38050258,0.935770264676152,0.9996608525093124,False
Y_RNA-498,0.080115356,1.6508366,0.9361455092827783,0.9996608525093124,False
SELPLG,0.07991097,0.79519546,0.9363080639713625,0.9996608525093124,False
CD9,0.079799056,-0.00018592972,0.9363970731909365,0.9996608525093124,False
PLAAT2,0.079191685,1.1947055,0.9368801605372841,0.9996608525093124,False
SLC22A16,0.07904772,0.61082363,0.936994667352597,0.9996608525093124,False
H2AZ2-DT,0.07857222,2.058062,0.9373728834166049,0.9996608525093124,False
ENSG00000287016,0.0782307,0.46635333,0.9376445390376458,0.9996608525093124,False
ENSG00000248783,0.07701542,1.7541595,0.9386112737651521,0.9996608525093124,False
CCDC17,0.076828375,0.8181671,0.938760074556635,0.9996608525093124,False
ENSG00000282478,0.076316625,18.809277,0.9391671977476537,0.9996608525093124,False
CCR4,0.07545443,1.3343785,0.9398531568135932,0.9996608525093124,False
AGTR1,0.07543761,1.0053891,0.9398665336696459,0.9996608525093124,False
IFITM3,0.07543551,0.8738479,0.9398682057778455,0.9996608525093124,False
LINC01826,0.074761406,3.8384688,0.9404045481215206,0.9996608525093124,False
LINC00858,0.0746248,1.1258477,0.9405132412201388,0.9996608525093124,False
FCGR2A,0.07461219,0.95735884,0.9405232744851344,0.9996608525093124,False
H2BC11,0.07358133,0.51019585,0.9413435256833727,0.9996608525093124,False
ENSG00000242861,0.07320619,2.850599,0.9416420423709628,0.9996608525093124,False
ENSG00000255085,0.07300128,0.8536736,0.9418051011691961,0.9996608525093124,False
ADGRG5,0.072862566,0.57621,0.9419154808174428,0.9996608525093124,False
LYL1,0.072354496,1.4046865,0.9423197976003903,0.9996608525093124,False
PPP1R36,0.072279364,1.1566234,0.9423795892470108,0.9996608525093124,False
GSDMD,0.072059214,0.49798334,0.9425547848211635,0.9996608525093124,False
ENSG00000287609,0.07146025,0.1775148,0.9430314646269492,0.9996608525093124,False
DPPA4,0.07145026,0.5254839,0.9430394094637147,0.9996608525093124,False
ZFP36,0.070793495,0.20547463,0.94356210850587,0.9996608525093124,False
LINC02812,0.07077879,0.9141699,0.9435738172435454,0.9996608525093124,False
ENSG00000224027,0.07007999,1.4472623,0.9441299962816605,0.9996608525093124,False
APOBEC3F,0.06978576,0.5309788,0.9443641850935758,0.9996608525093124,False
AXL,0.069553524,0.21867302,0.9445490303738109,0.9996608525093124,False
SAFB2,0.06919099,0.10789639,0.9448375957128492,0.9996608525093124,False
FGR,0.06907435,0.47576225,0.9449304400150234,0.9996608525093124,False
HMGA1P4,0.0690465,0.5322987,0.944952605657282,0.9996608525093124,False
NFKB2,0.06902864,0.5843176,0.9449668251483414,0.9996608525093124,False
DMRT2,0.06881742,0.21764486,0.9451349510471495,0.9996608525093124,False
GJA3,0.06855524,2.7848332,0.9453436480365486,0.9996608525093124,False
ENSG00000262231,0.06841338,0.85247684,0.945456571820113,0.9996608525093124,False
CHKB-CPT1B,0.06839026,0.88220865,0.945474974318384,0.9996608525093124,False
FAM177B,0.06833246,0.42554355,0.9455209806913325,0.9996608525093124,False
ENSG00000278642,0.06698426,1.6077614,0.9465942351317014,0.9996608525093124,False
CAHM,0.06640525,0.13469736,0.9470551872082392,0.9996608525093124,False
HLA-DRB1,0.065879844,0.18000236,0.9474734893718327,0.9996608525093124,False
APPBP2-DT,0.06547948,0.3697518,0.9477922453469462,0.9996608525093124,False
FKBP1C,0.06543429,1.7131176,0.947828220956478,0.9996608525093124,False
HOXC13,0.06472026,1.9108044,0.9483967333246284,0.9996608525093124,False
PPP1R3D,0.06470975,0.07584401,0.9484051001494418,0.9996608525093124,False
OR5BA1P,0.064611495,1.3589028,0.9484833302366087,0.9996608525093124,False
PIN1-DT,0.06387067,1.0017464,0.949073209397508,0.9996608525093124,False
ENSG00000267092,0.063858055,1.2209291,0.9490832501363722,0.9996608525093124,False
HAMP,0.06369938,0.49923113,0.9492095967908669,0.9996608525093124,False
ZFP57,0.06338729,0.25992522,0.9494581101589569,0.9996608525093124,False
LIM2,0.06316977,2.4775739,0.9496313193546202,0.9996608525093124,False
ENSG00000279329,0.06316766,2.4625638,0.9496329928850409,0.9996608525093124,False
ENSG00000249655,0.063154005,1.1405112,0.9496438708381902,0.9996608525093124,False
MGC16275,0.06303894,0.9989131,0.9497354970465743,0.9996608525093124,False
MILR1,0.062054843,0.5541241,0.9505191582645829,0.9996608525093124,False
ENSG00000286043,0.061908778,0.25825763,0.9506354772675181,0.9996608525093124,False
IGFL1,0.061604563,1.633461,0.9508777421618324,0.9996608525093124,False
ENSG00000250865,0.061602462,1.4320587,0.9508794158556761,0.9996608525093124,False
CLEC9A,0.06146533,0.70090157,0.9509886248469877,0.9996608525093124,False
ENSG00000267462,0.06111015,0.25784105,0.951271484593326,0.9996608525093124,False
FAM111A,0.060824327,0.2295223,0.9514991158314453,0.9996608525093124,False
ENSG00000279924,0.060742363,0.86549276,0.9515643931674479,0.9996608525093124,False
LRRC37A6P,0.06026634,0.22884108,0.951943510260482,0.9996608525093124,False
BARHL2,0.06006248,1.8055458,0.9521058727883527,0.9996608525093124,False
NGRNP1,0.06004987,1.1854316,0.9521159158966715,0.9996608525093124,False
ENSG00000287425,0.059841283,0.23833348,0.9522820467489301,0.9996608525093124,False
CFAP97D1,0.059190296,0.7492129,0.9528005389577037,0.9996608525093124,False
PSMB9,0.05904213,0.55510145,0.952918552089929,0.9996608525093124,False
LINC01532,0.058511987,1.8716203,0.953340813188175,0.9996608525093124,False
ENSG00000257644,0.057794802,1.7682256,0.9539120792045156,0.9996608525093124,False
LGALS4,0.057520535,0.6990968,0.9541305476484965,0.9996608525093124,False
TCF23,0.0569636,1.7657703,0.9545741914753135,0.9996608525093124,False
LINC01747,0.056895822,1.378503,0.9546281830553849,0.9996608525093124,False
CD37,0.05682857,0.75116456,0.9546817563018695,0.9996608525093124,False
LGALS9B,0.056247987,3.9699976,0.9551442525815944,0.9996608525093124,False
ENSG00000285597,0.056240633,2.6103437,0.9551501123601867,0.9996608525093124,False
ENSG00000271579,0.056238532,1.6963216,0.9551517865830869,0.9996608525093124,False
ENSG00000218586,0.05623748,1.7453939,0.9551526236946112,0.9996608525093124,False
LILRB4,0.055941146,0.5048829,0.9553886911150099,0.9996608525093124,False
ENSG00000287741,0.05541311,1.6728436,0.955809352853502,0.9996608525093124,False
ENSG00000272906,0.055389464,0.1895357,0.9558281887425145,0.9996608525093124,False
ENSG00000265010,0.054688565,2.0284374,0.9563865793668462,0.9996608525093124,False
LINC01559,0.054688565,2.5020225,0.9563865793668462,0.9996608525093124,False
ENSG00000200072,0.054685414,1.6809309,0.9563890909174615,0.9996608525093124,False
CD33,0.054684363,1.979432,0.9563899281010962,0.9996608525093124,False
ENSG00000271185,0.054671753,0.87878954,0.9563999743084644,0.9996608525093124,False
EDNRB-AS1,0.05394248,0.55367595,0.9569809916993818,0.9996608525093124,False
ENSG00000276509,0.053828992,0.99901426,0.9570714114544003,0.9996608525093124,False
ENSG00000236431,0.053820584,0.94038534,0.9570781092360193,0.9996608525093124,False
FXYD3,0.053134397,2.0982678,0.9576248258368023,0.9996608525093124,False
C1orf105,0.053133346,1.735296,0.9576256630904405,0.9996608525093124,False
SEC62-AS1,0.053121787,1.0228848,0.9576348728835452,0.9996608525093124,False
ENSG00000286223,0.05283281,0.455311,0.9578651195459008,0.9996608525093124,False
PNLIPRP2,0.05227745,0.91553414,0.9583076216209552,0.9996608525093124,False
VTRNA1-1,0.05209513,0.6282027,0.9584528923757547,0.9996608525093124,False
ENSG00000267559,0.052075166,0.3247596,0.9584688010725819,0.9996608525093124,False
EVA1CP6,0.051577076,1.3593986,0.9588656865305811,0.9996608525093124,False
SLC16A5,0.0514163,0.5868867,0.9589937973092639,0.9996608525093124,False
PYCARD,0.051414195,0.46709326,0.9589954719669852,0.9996608525093124,False
S100A8,0.05087775,18.498278,0.9594229342477899,0.9996608525093124,False
TLR3,0.050720654,0.8510789,0.9595481188536193,0.9996608525093124,False
EHHADH-AS1,0.050675467,0.28663078,0.9595841253130534,0.9996608525093124,False
ENSG00000264451,0.05001765,1.268127,0.9601083216731935,0.9996608525093124,False
HOXC4,0.049323056,6.0735316,0.9606618448530064,0.9996608525093124,False
ENSG00000257611,0.049318854,2.2854562,0.9606651945217718,0.9996608525093124,False
CHST14,0.049176466,0.78865504,0.9607786649609908,0.9996608525093124,False
ENSG00000286570,0.049171213,1.0028455,0.9607828520772834,0.9996608525093124,False
MNDA,0.049149144,0.58028847,0.960800437977523,0.9996608525093124,False
LRRC3B-AS1,0.04913969,0.6161219,0.9608079747977508,0.9996608525093124,False
ENSG00000279717,0.04901832,0.6432188,0.960904697634678,0.9996608525093124,False
EYS,0.048836526,0.09811617,0.9610495736092997,0.9996608525093124,False
IRF7,0.048809204,0.6426681,0.961071346988458,0.9996608525093124,False
ENSG00000259780,0.048466634,1.2088685,0.9613443541247242,0.9996608525093124,False
LINC02953,0.047769412,2.34836,0.9619000129840418,0.9996608525093124,False
FAM230F,0.04776731,2.812594,0.9619016879446616,0.9996608525093124,False
OR4K13,0.04776521,2.2675734,0.9619033629054496,0.9996608525093124,False
SHB,0.047756802,1.1413823,0.9619100627502829,0.9996608525093124,False
ENSG00000270099,0.04621472,2.5356007,0.9631391105525788,0.9996608525093124,False
CELF6,0.046213668,2.6544824,0.9631399480940541,0.9996608525093124,False
ENSG00000259711,0.046207365,2.2286196,0.9631449733437603,0.9996608525093124,False
FGF19,0.046206314,1.7823882,0.9631458108855203,0.9996608525093124,False
TRIML1,0.046206314,1.5968472,0.9631458108855203,0.9996608525093124,False
Y_RNA-627,0.046206314,2.2403328,0.9631458108855203,0.9996608525093124,False
MS4A7,0.046198957,0.9011201,0.9631516736789791,0.9996608525093124,False
LINC01480,0.046197906,1.3402768,0.9631525112210645,0.9996608525093124,False
LINC00709,0.046192653,0.39650226,0.963156698932101,0.9996608525093124,False
RGR,0.045627832,0.2994583,0.9636068837719616,0.9996608525093124,False
IFNA2,0.04532257,0.36037096,0.9638501978126695,0.9996608525093124,False
MT1L,0.045312062,0.40351042,0.9638585735712097,0.9996608525093124,False
ELF4,0.04521118,0.43516067,0.9639389810559779,0.9996608525093124,False
CD300A,0.045138676,0.51900476,0.9639967741622215,0.9996608525093124,False
VENTX,0.044661075,1.7701757,0.9643774595525574,0.9996608525093124,False
RBMY2JP,0.044655822,1.9113398,0.9643816475559623,0.9996608525093124,False
SHOX2,0.044649515,1.5086946,0.9643866731613455,0.9996608525093124,False
ARMCX6,0.044645313,1.4085152,0.9643900235657202,0.9996608525093124,False
HAGLR,0.044477183,0.6800622,0.9645240402556365,0.9996608525093124,False
SLFN13,0.043765247,0.39621612,0.9650915282381906,0.9996608525093124,False
RNA5SP361,0.04310323,2.2741725,0.9656192451123778,0.9996608525093124,False
GIMAP7,0.043099027,1.4027336,0.9656225957440592,0.9996608525093124,False
EFEMP1,0.043001298,0.25670505,0.9657004981016433,0.9996608525093124,False
MDFI,0.04293562,0.61926526,0.9657528520205577,0.9996608525093124,False
SULT1A2,0.042398125,18.001097,0.9661813220207792,0.9996608525093124,False
TFAP2C,0.042204775,0.28114817,0.9663354563410561,0.9996608525093124,False
CALCR,0.0420482,0.57012165,0.9664602725549566,0.9996608525093124,False
OLA1P3,0.041546434,1.5489073,0.9668602763456198,0.9996608525093124,False
ENSG00000228692,0.041541178,1.0822276,0.9668644649112794,0.9996608525093124,False
ENSG00000270000,0.041540127,1.5747457,0.9668653026245211,0.9996608525093124,False
ENSG00000279134,0.041540127,1.3616867,0.9668653026245211,0.9996608525093124,False
FTH1P10,0.041536976,1.0542426,0.9668678157644655,0.9996608525093124,False
LINC02710,0.041531723,1.2394466,0.9668720043317706,0.9996608525093124,False
ENSG00000279025,0.040842906,4.1583867,0.9674211333765843,0.9996608525093124,False
ENSG00000253854,0.040842906,3.9510689,0.9674211333765843,0.9996608525093124,False
LINC02950,0.040838704,2.342666,0.9674244843261482,0.9996608525093124,False
ENSG00000224794,0.040836602,1.6019387,0.967426159801146,0.9996608525093124,False
ENSG00000258108,0.039284535,2.6864815,0.9686635368560282,0.9996608525093124,False
ENSG00000287040,0.039283484,1.926021,0.9686643746456697,0.9996608525093124,False
ENSG00000254263,0.039282434,1.6627003,0.9686652124353458,0.9996608525093124,False
ENSG00000227139,0.039281383,1.4714489,0.9686660502250564,0.9996608525093124,False
POLA2,0.039280333,1.4630657,0.9686668880148015,0.9996608525093124,False
HOXA11,0.039275076,0.7883515,0.9686710769640463,0.9996608525093124,False
U4,0.038414977,0.6140487,0.9693568195239033,0.9996608525093124,False
FGL1,0.03792319,0.28373164,0.9697489220016688,0.9996608525093124,False
CCL15-CCL14,0.037729315,2.3360226,0.9699035028780892,0.9996608525093124,False
RN7SL73P,0.037727214,1.717629,0.9699051785577519,0.9996608525093124,False
IFITM3P8,0.03772406,1.1822929,0.9699076920774952,0.9996608525093124,False
RLN2,0.03772301,1.480378,0.969908529917476,0.9996608525093124,False
ZSCAN5B,0.037718806,1.1150537,0.9699118812777314,0.9996608525093124,False
LINC00391,0.03753491,0.16195495,0.9700585038082091,0.9996608525093124,False
ENSG00000289451,0.037524402,0.12856093,0.9700668822691375,0.9996608525093124,False
GPR174,0.036893908,1.4617165,0.9705695959374622,0.9996608525093124,False
LNCHR1,0.03684347,0.28967595,0.9706098135387512,0.9996608525093124,False
LINC00877,0.036779895,0.24165052,0.9706605045801652,0.9996608525093124,False
NACC2,0.036737338,0.25744092,0.9706944383187606,0.9996608525093124,False
IRF8,0.036649592,0.43752745,0.9707644006385576,0.9996608525093124,False
SINHCAF,0.0364368,0.3121634,0.970934070670818,0.9996608525093124,False
APOBR,0.03616884,1.2014521,0.9711477311003605,0.9996608525093124,False
TP53INP1,0.03616569,1.2022083,0.971150244764827,0.9996608525093124,False
PIGR,0.036163587,1.1473764,0.9711519205412973,0.9996608525093124,False
ENSG00000289320,0.035301387,0.6470399,0.971839418497309,0.9996608525093124,False
CSF2RB,0.035276167,0.14853765,0.9718595284442155,0.9996608525093124,False
ENSG00000227743,0.035176862,0.4679073,0.9719387115339512,0.9996608525093124,False
ENSG00000249072,0.03461047,0.9568078,0.9723903536808002,0.9996608525093124,False
ENSG00000261312,0.03460311,0.2378339,0.9723962192217781,0.9996608525093124,False
OR5A1,0.03460101,0.49310824,0.9723978950909032,0.9996608525093124,False
RN7SKP247,0.03459891,0.36368987,0.9723995709601502,0.9996608525093124,False
ENSG00000264695,0.034595758,0.18255764,0.9724020847642492,0.9996608525093124,False
KRT18,0.034595758,0.47973478,0.9724020847642492,0.9996608525093124,False
ENSG00000279998,0.034388743,0.19330536,0.9725671584990095,0.9996608525093124,False
ZNF683,0.03379818,1.6755024,0.9730380859429959,0.9996608525093124,False
ENSG00000285592,0.033780318,0.9110145,0.9730523312264964,0.9996608525093124,False
ENSG00000288576,0.033060502,1.3502918,0.9736263394580676,0.9996608525093124,False
PADI3,0.032902878,0.49847206,0.973752036524721,0.9996608525093124,False
IL10RA,0.0328992,0.5521707,0.9737549694640713,0.9996608525093124,False
CD70,0.032633867,0.39050844,0.9739665610224665,0.9996608525093124,False
SPINT4,0.032362755,3.5750637,0.9741827633982277,0.9996608525093124,False
ENSG00000277587,0.032360654,2.208119,0.9741844393930668,0.9996608525093124,False
ENSG00000234425,0.032357503,1.044618,0.9741869533855391,0.9996608525093124,False
TREM2,0.03218464,0.3845684,0.9743248043646381,0.9996608525093124,False
TMEM119,0.032175183,0.3831455,0.9743323463856596,0.9996608525093124,False
HLA-DQA2,0.031505283,1.0034429,0.9748665786734643,0.9996608525093124,False
RN7SL596P,0.031503182,0.9536919,0.9748682547141955,0.9996608525093124,False
SERPINA1,0.03148637,0.45883107,0.9748816630440391,0.9996608525093124,False
SMIM35,0.031100716,0.3643853,0.9751892185509137,0.9996608525093124,False
VAC14-AS1,0.030797554,1.0268954,0.9754309916162861,0.9996608525093124,False
LINC00492,0.030797554,0.82654583,0.9754309916162861,0.9996608525093124,False
CD7,0.030797554,0.33262864,0.9754309916162861,0.9996608525093124,False
ENSG00000260360,0.030597372,0.2583087,0.9755906385013519,0.9996608525093124,False
ACSM5P1,0.029937454,0.43820685,0.9761169353856639,0.9996608525093124,False
ENSG00000259503,0.029252317,2.7446818,0.9766633565250131,0.9996608525093124,False
LINC02176,0.029250216,1.8085351,0.9766650326804566,0.9996608525093124,False
ENSG00000287326,0.029249163,1.6160523,0.976665870758217,0.9996608525093124,False
ENSG00000234436,0.029248113,1.6046888,0.976666708836003,0.9996608525093124,False
ENSG00000204117,0.02924391,1.1374191,0.9766700611474051,0.9996608525093124,False
REV3L-IT1,0.029241808,0.81028205,0.9766717373032606,0.9996608525093124,False
ENSG00000271519,0.029240757,0.7218045,0.976672575381227,0.9996608525093124,False
CARD6,0.02908366,0.6577153,0.9767978683263909,0.9996608525093124,False
LINC00351,0.029055286,0.3934589,0.9768204965448316,0.9996608525093124,False
WBP1,0.029034795,0.056151688,0.9768368391586408,0.9996608525093124,False
ENSG00000264050,0.028419012,1.3703954,0.9773279601611665,0.9996608525093124,False
FTH1P5,0.028396945,0.81580245,0.9773455602212032,0.9996608525093124,False
AOX3P,0.02839169,0.23440959,0.977349750713314,0.9996608525093124,False
ASB10,0.02838959,0.68630064,0.9773514269103334,0.9996608525093124,False
TFCP2L1,0.02777696,0.21019787,0.97784004257456,0.9996608525093124,False
STSP1,0.02769447,0.5640858,0.9779058345167507,0.9996608525093124,False
ENSG00000286713,0.027693419,1.9662882,0.9779066726316344,0.9996608525093124,False
TREM1,0.027690267,1.4383166,0.977909186976432,0.9996608525093124,False
ENSG00000261195,0.027686063,0.9097428,0.9779125394365036,0.9996608525093124,False
CD84,0.027676607,0.7582459,0.9779200824730907,0.9996608525093124,False
ENSG00000253775,0.027477475,0.12238874,0.978078905756408,0.9996608525093124,False
LITAF,0.026972027,0.28151917,0.9784820442050945,0.9996608525093124,False
PRP4K,0.026966248,0.11583336,0.9784866539282732,0.9996608525093124,False
ENSG00000227459,0.026840676,0.7784109,0.9785868108180914,0.9996608525093124,False
ENSG00000279043,0.02682176,0.58302385,0.9786018972408294,0.9996608525093124,False
LINC01139,0.02613347,1.1055354,0.9791508805649289,0.9996608525093124,False
CXCL6,0.02613242,0.87142885,0.9791517187150243,0.9996608525093124,False
LIPK,0.025930662,0.5806158,0.9793126439586637,0.9996608525093124,False
CDH12P2,0.025290709,0.83154404,0.9798230842548906,0.9996608525093124,False
LINC00891,0.024809431,0.11959316,0.9802069676329904,0.9996608525093124,False
ENSG00000259882,0.024599267,0.04108996,0.9803746037389858,0.9996608525093124,False
ENSG00000278344,0.02458298,1.6598656,0.9803875955734813,0.9996608525093124,False
RNU2-63P,0.024581928,1.0622456,0.9803884337565307,0.9996608525093124,False
IHH,0.024576675,0.91713464,0.9803926246721022,0.9996608525093124,False
ENSG00000247416,0.024566166,0.42320386,0.9804010065048686,0.9996608525093124,False
HCG22,0.024484728,0.7480292,0.9804659657821022,0.9996608525093124,False
CASP5,0.024446897,0.73207235,0.9804961404581926,0.9996608525093124,False
PPM1B-DT,0.02441012,0.4764229,0.9805254769755903,0.9996608525093124,False
GIMAP6,0.023882605,2.575169,0.9809462493322234,0.9996608525093124,False
ENSG00000262151,0.023882605,3.663486,0.9809462493322234,0.9996608525093124,False
FCGR2B,0.023880504,2.2627912,0.9809479257267941,0.9996608525093124,False
LINC01854,0.023573663,0.4524029,0.9811926802331353,0.9996608525093124,False
ENSG00000223742,0.023016727,1.0569224,0.981636930933141,0.9996608525093124,False
ENSG00000286710,0.023014624,0.50502354,0.981638607361749,0.9996608525093124,False
ENSG00000269066,0.023012523,0.40628624,0.981640283790438,0.9996608525093124,False
FEZF1,0.023007268,0.21022458,0.9816444748625154,0.9996608525093124,False
ENSG00000258272,0.02280656,0.12018419,0.9818045741941216,0.9996608525093124,False
ENSG00000278239,0.022327386,3.9573705,0.9821868038219432,0.9996608525093124,False
ANGPT2,0.022326335,2.6166015,0.9821876420493371,0.9996608525093124,False
RAC1P2,0.022323182,1.38097,0.9821901567316369,0.9996608525093124,False
LINC00668,0.022323182,1.1793123,0.9821901567316369,0.9996608525093124,False
HPAT5,0.022322131,1.0815374,0.9821909949591094,0.9996608525093124,False
ENSG00000242527,0.02232108,1.3941146,0.9821918331866016,0.9996608525093124,False
CYP2C58P,0.02232003,0.025443075,0.9821926714141136,0.9996608525093124,False
CLIC1,0.02219183,0.9015741,0.9822949353177948,0.9996608525093124,False
ENSG00000278158,0.02145993,0.31027803,0.9828787671416753,0.9996608525093124,False
KIR3DX1,0.021455728,0.48325852,0.9828821201150412,0.9996608525093124,False
IL18,0.021454677,0.40034294,0.9828829583584299,0.9996608525093124,False
CHRM5,0.021452574,0.36179703,0.9828846348452639,0.9996608525093124,False
OTOP2,0.020771114,1.480594,0.9834282396448902,0.9996608525093124,False
ENSG00000283258,0.020766912,1.1333276,0.9834315926670196,0.9996608525093124,False
MYL12BP1,0.020765861,1.1698097,0.9834324309225977,0.9996608525093124,False
RNU6-336P,0.020765861,1.5674899,0.9834324309225977,0.9996608525093124,False
ENSG00000234768,0.020764811,1.9487519,0.983433269178194,0.9996608525093124,False
OCSTAMP,0.020762708,0.32895702,0.9834349456894416,0.9996608525093124,False
CFL1P6,0.020761658,0.9226408,0.9834357839450928,0.9996608525093124,False
ENSG00000286301,0.020761658,0.5694219,0.9834357839450928,0.9996608525093124,False
THSD7A,0.0200203,0.05382326,0.9840271778106001,0.9996608525093124,False
ENSG00000234714,0.019905236,0.9360816,0.9841189682985167,0.9996608525093124,False
ENSG00000203825,0.019880015,0.014944308,0.9841390867897535,0.9996608525093124,False
LINC02391,0.019391382,0.40624592,0.9845288845329631,0.9996608525093124,False
FGD2,0.019237436,0.12549509,0.9846516925484654,0.9996608525093124,False
LINC00550,0.019215895,1.8366798,0.9846688773169098,0.9996608525093124,False
ENSG00000286380,0.01921064,0.9875597,0.9846730687249269,0.9996608525093124,False
SPRR2E,0.019206438,0.47868618,0.9846764218516452,0.9996608525093124,False
ENSG00000287053,0.019203285,0.59696287,0.9846789366968616,0.9996608525093124,False
GOLGA8N,0.019202234,0.016259482,0.9846797749786341,0.9996608525093124,False
ENSG00000254975,0.019202234,-0.10732368,0.9846797749786341,0.9996608525093124,False
ENSG00000272988,0.019202234,0.52413446,0.9846797749786341,0.9996608525093124,False
ENSG00000255184,0.019202234,0.41945994,0.9846797749786341,0.9996608525093124,False
ENSG00000248401,0.019199083,-0.4069102,0.9846822898240535,0.9996608525093124,False
LINC02783,0.019198032,-0.4739107,0.9846831281058938,0.9996608525093124,False
HHEX,0.019194879,-0.103891924,0.9846856429515161,0.9996608525093124,False
LINC01946,0.019045662,0.26032063,0.9848046791512689,0.9996608525093124,False
LINC01896,0.018989969,0.3214071,0.9848491082422397,0.9996608525093124,False
ENSG00000233891,0.01817663,0.2784507,0.985497945909989,0.9996608525093124,False
VTRNA1-2,0.01766593,2.2810202,0.9859053605380532,0.9996608525093124,False
FAM131C2P,0.017657524,1.5540192,0.985912066982726,0.9996608525093124,False
TRBVB,0.017650167,0.38833815,0.9859179351226314,0.9996608525093124,False
ENSG00000240478,0.017649116,0.8322779,0.9859187734283943,0.9996608525093124,False
FOXD2,0.017648065,0.44944686,0.9859196117341729,0.9996608525093124,False
APOC3,0.017647015,0.55877227,0.9859204500399669,0.9996608525093124,False
ALG10,0.01764176,-0.24691752,0.9859246415691704,0.9996608525093124,False
ENSG00000226772,0.01764071,0.14138833,0.9859254798750576,0.9996608525093124,False
ENSG00000236961,0.017431596,0.50039226,0.9860923030546622,0.9996608525093124,False
ZNF722,0.016810559,0.5040265,0.9865877463053616,0.9996608525093124,False
CCR5AS,0.01675539,1.0463065,0.986631758014597,0.9996608525093124,False
ZNF479,0.01611071,1.576943,0.9871460692540454,0.9996608525093124,False
ENSG00000260505,0.01609705,0.6957657,0.987156967513268,0.9996608525093124,False
SLC6A14,0.016095998,0.8503752,0.9871578058409998,0.9996608525093124,False
SAA1,0.016091796,0.9782187,0.9871611591520687,0.9996608525093124,False
ENSG00000289316,0.016091796,0.4870897,0.9871611591520687,0.9996608525093124,False
ENSG00000286756,0.016090745,0.5343647,0.9871619974798714,0.9996608525093124,False
LINC01922,0.016081287,0.07625214,0.9871695424307334,0.9996608525093124,False
ZIC4,0.015991967,0.61789834,0.9872408003564869,0.9996608525093124,False
ENSG00000255437,0.01595729,0.42708826,0.9872684652257103,0.9996608525093124,False
ENSG00000240143,0.015936274,0.38557947,0.987285231820571,0.9996608525093124,False
ARSH,0.015926816,0.33550927,0.9872927767900909,0.9996608525093124,False
CASP1,0.015901595,0.06748373,0.9873128967143647,0.9996608525093124,False
LINC00278,0.015097716,0.07970486,0.9879542234592091,0.9996608525093124,False
ASPA,0.015064615,0.28829402,0.9879806312007451,0.9996608525093124,False
ENSG00000232358,0.014546033,1.5853484,0.9883943541855414,0.9996608525093124,False
AQP5,0.014543931,0.8177479,0.9883960308808609,0.9996608525093124,False
TNNI1,0.014537626,0.56841016,0.9884010609671269,0.9996608525093124,False
POTEI,0.01451661,-0.4096376,0.9884178279246755,0.9996608525093124,False
EHF,0.014319055,0.6043487,0.9885754375746592,0.9996608525093124,False
ENSG00000250038,0.014003808,0.003694988,0.9888269432561233,0.9996608525093124,False
H4C9,0.013844607,2.6845157,0.9889539540487631,0.9996608525093124,False
FOXF1,0.013843557,0.44536924,0.9889547924047636,0.9996608525093124,False
SRP14P1,0.013841456,0.30593923,0.9889564691168011,0.9996608525093124,False
ENSG00000274310,0.013840404,0.35639095,0.9889573074728382,0.9996608525093124,False
CLDN5,0.013493633,0.11437547,0.9892339656254354,0.9996608525093124,False
ABHD14B,0.012971899,0.34348083,0.9896502128199036,0.9996608525093124,False
ENSG00000255516,0.0129634915,0.2748208,0.9896569197467048,0.9996608525093124,False
ENSG00000283579,0.01275753,0.32568365,0.9898212396804941,0.9996608525093124,False
HSP90AA3P,0.012289913,1.9223138,0.9901943145915475,0.9996608525093124,False
ENSG00000228792,0.012288863,1.0022177,0.9901951529645792,0.9996608525093124,False
FTH1P7,0.01228571,1.0833101,0.9901976680837391,0.9996608525093124,False
ENSG00000253604,0.01228466,0.2921278,0.9901985064568141,0.9996608525093124,False
HOTAIRM1,0.012283608,0.38979706,0.9901993448298998,0.9996608525093124,False
NAIPP3,0.012283608,0.9053789,0.9901993448298998,0.9996608525093124,False
OR1AB1P,0.012283608,0.63444674,0.9901993448298998,0.9996608525093124,False
LINC01925,0.012281507,0.31125057,0.9902010215761038,0.9996608525093124,False
LINC01836,0.012280456,-0.16032693,0.990201859949222,0.9996608525093124,False
ENSG00000232193,0.012279405,-0.44514748,0.9902026983223511,0.9996608525093124,False
ENSG00000274723,0.012278355,-0.9022994,0.990203536695491,0.9996608525093124,False
ENSG00000287921,0.0114376955,1.0663855,0.9908742385941751,0.9996608525093124,False
SAGE1,0.011427187,0.4694965,0.9908826224097057,0.9996608525093124,False
CIMAP1B,0.011425085,0.34011993,0.9908842991729326,0.9996608525093124,False
ENSG00000248964,0.011414577,0.2919896,0.9908926829896713,0.9996608525093124,False
EN2,0.01125275,0.29452413,0.9910217938938733,0.9996608525093124,False
HPGDS,0.011136109,0.08604938,0.9911148544967976,0.9996608525093124,False
ENSG00000230285,0.010734169,1.894113,0.9914355372222317,0.9996608525093124,False
VKORC1,0.010727864,1.212316,0.9914405675506506,0.9996608525093124,False
CYB5D1,0.01072366,0.10068801,0.991443921103119,0.9996608525093124,False
OSBPL9P2,0.010716304,-0.9870104,0.9914497898203023,0.9996608525093124,False
ENSG00000255357,0.010713152,-1.4222416,0.9914523049849511,0.9996608525093124,False
ENSG00000260633,0.009895085,1.0478626,0.9921049930096293,0.9996608525093124,False
ENSG00000276768,0.009849899,-0.061919868,0.9921410440154734,0.9996608525093124,False
OTOS,0.009830985,-0.32915226,0.9921561351389672,0.9996608525093124,False
NINJ2,0.009494721,0.16005546,0.9924244222422133,0.9996608525093124,False
ENSG00000251661,0.009179474,1.1278641,0.9926759421800196,0.9996608525093124,False
ZBP1,0.009178423,0.8300193,0.9926767805810434,0.9996608525093124,False
POM121L7P,0.009177373,0.43846184,0.9926776189820751,0.9996608525093124,False
ENSG00000285805,0.009171068,0.9538518,0.9926826493884355,0.9996608525093124,False
PRND,0.009166865,0.23067477,0.9926860029928375,0.9996608525093124,False
LINC02452,0.009166865,0.2450495,0.9926860029928375,0.9996608525093124,False
PRKAG3,0.009164763,0.073946305,0.992687679795087,0.9996608525093124,False
ENSG00000284716,0.009158458,-0.34617218,0.992692710202029,0.9996608525093124,False
SETP16,0.009157407,-0.5409536,0.9926935486032142,0.9996608525093124,False
ENSG00000225113,0.009155305,-0.659712,0.992695225405609,0.9996608525093124,False
VNN2,0.009041291,0.49307138,0.9927861919836769,0.9996608525093124,False
CERNA2,0.008693468,0.18184939,0.9930637035013017,0.9996608525093124,False
ENSG00000273259,0.0083199,0.6160253,0.9933617568353309,0.9996608525093124,False
LRRC26,0.008266308,-0.29597312,0.9934045156184333,0.9996608525093124,False
ENSG00000256706,0.0076279324,1.2506557,0.9939138496042075,0.9996608525093124,False
ENSG00000286695,0.0076153222,0.36413527,0.9939239105481077,0.9996608525093124,False
CASP14,0.007603763,-0.045893237,0.993933133080865,0.9996608525093124,False
P2RX3,0.0074865962,0.390924,0.9940266160720802,0.9996608525093124,False
ENSG00000267168,0.0067835953,0.5600512,0.9945875156964894,0.9996608525093124,False
ENSG00000232058,0.006779392,0.72599494,0.9945908693647466,0.9996608525093124,False
ZNF886P,0.006755223,0.31304756,0.994610152959079,0.9996608525093124,False
SIGLEC8,0.0067352573,0.030082596,0.9946260828872069,0.9996608525093124,False
CLCNKA,0.0060585267,0.49831012,0.9951660248346594,0.9996608525093124,False
ASCL2,0.006048018,0.124523655,0.9951744090444844,0.9996608525093124,False
LINC00920,0.0059487154,0.690937,0.9952536398535108,0.9996608525093124,False
OR14J1,0.0058331247,-0.110966586,0.9953458662509547,0.9996608525093124,False
ENSG00000268649,0.0053660334,1.1215559,0.9957185453594269,0.9996608525093124,False
ENSG00000286714,0.005362881,0.10215216,0.9957210606322653,0.9996608525093124,False
ARHGEF10,0.005224172,0.8525035,0.9958317326788987,0.9996608525093124,False
MT1E,0.0051022763,0.058567293,0.995928989998277,0.9996608525093124,False
ENSG00000280850,0.0045206454,0.8584439,0.996393059136133,0.9996608525093124,False
ENSG00000267401,0.0045101373,0.6216229,0.9964014434140939,0.9996608525093124,False
HNRNPA1P30,0.004502781,0.37840143,0.996407312408903,0.9996608525093124,False
ENSG00000286985,0.0044943746,0.095678315,0.99641401983178,0.9996608525093124,False
TNFAIP6,0.0040530288,0.23864779,0.9967661598772944,0.9996608525093124,False
ARHGAP31,0.0039978605,0.22497334,0.9968101774286806,0.9996608525093124,False
LINC01973,0.003809763,0.7246972,0.9969602563903388,0.9996608525093124,False
LINC02875,0.0038066104,0.5066973,0.9969627716811301,0.9996608525093124,False
ENSG00000288941,0.0038066104,0.9796827,0.9969627716811301,0.9996608525093124,False
ENSG00000229827,0.0038045088,1.1887684,0.9969644485416745,0.9996608525093124,False
RN7SL163P,0.0038034578,0.2780326,0.9969652869719517,0.9996608525093124,False
ENSG00000286816,0.0038003055,-0.6878437,0.9969678022628035,0.9996608525093124,False
HSP90AA6P,0.0036563426,0.54600954,0.997082667243411,0.9996608525093124,False
MEF2B,0.0029323248,-0.055839483,0.9976603467367069,0.9996608525093124,False
CEACAM21,0.0025330116,-0.062879734,0.9979789513554892,0.9996608525093124,False
ENSG00000226527,0.002255594,1.2355901,0.9982002979149776,0.9996608525093124,False
ENSG00000280878,0.0022545431,1.8774551,0.9982011363491892,0.9996608525093124,False
MRPS31P5,0.0022534924,1.4345735,0.9982019747834027,0.9996608525093124,False
FASLG,0.0022534924,1.8868116,0.9982019747834027,0.9996608525093124,False
PNRC1-DT,0.0022534924,1.1267415,0.9982019747834027,0.9996608525093124,False
CCDC169,0.0022524416,1.885661,0.9982028132176182,0.9996608525093124,False
EVI2A,0.0022513906,0.5501497,0.9982036516518357,0.9996608525093124,False
TUBAP6,0.0022513906,1.0196503,0.9982036516518357,0.9996608525093124,False
RAB40AL,0.0022503398,1.2093039,0.998204490086055,0.9996608525093124,False
ZBTB42,0.0022503398,0.6704657,0.998204490086055,0.9996608525093124,False
ALG1L8P,0.0022503398,0.91978043,0.998204490086055,0.9996608525093124,False
RN7SL272P,0.002249289,0.44597054,0.9982053285202765,0.9996608525093124,False
DOCK8-AS2,0.002249289,0.68638784,0.9982053285202765,0.9996608525093124,False
ENSG00000248645,0.0022461365,0.17977208,0.9982078438229528,0.9996608525093124,False
MYH6,0.0022461365,0.22798413,0.9982078438229528,0.9996608525093124,False
ENSG00000229345,0.002242984,-0.84904,0.9982103591256468,0.9996608525093124,False
LINC01160,0.002242984,-0.2781651,0.9982103591256468,0.9996608525093124,False
PDLIM4,0.0022408825,-0.4283053,0.9982120359941193,0.9996608525093124,False
HLMR1,0.0020843097,0.23962349,0.9983369627170262,0.9996608525093124,False
LINC01222,0.0019886848,0.22694421,0.99841326026603,0.9996608525093124,False
ENSG00000226868,0.0014007485,0.59552324,0.9988823647197492,0.9996608525093124,False
LINC00851,0.0013944436,0.5681142,0.9988873953328965,0.9996608525093124,False
ENSG00000256440,0.0006982726,1.0656673,0.9994428590950946,0.9996608525093124,False
ENSG00000285614,0.0006940693,0.48133996,0.9994462128396554,0.9996608525093124,False
SRARP,0.00069091684,0.27163863,0.9994487281480825,0.9996608525093124,False
ENSG00000265073,0.000689866,0.047935344,0.9994495665842261,0.9996608525093124,False
LINC01698,0.0006877644,0.017289104,0.999451243456515,0.9996608525093124,False
MDC1-AS1,0.0006846119,-0.2508776,0.999453758764953,0.9996608525093124,False
TWF1P1,0.00060054596,0.7859047,0.9995208336585564,0.9996608525093124,False
TLR7,0.0005501064,0.34576133,0.9995610785963742,0.9996608525093124,False
FKBP6,0.00042505836,0.36705366,0.9996608525093124,0.9996608525093124,False
HDHD5-AS1,-0.00070773007,0.26421753,0.9994353131698688,0.9996608525093124,False
SIX1,-0.0008516929,1.4716954,0.9993204474258403,0.9996608525093124,False
ENSG00000274835,-0.00085904874,1.112448,0.9993145783735836,0.9996608525093124,False
ENSG00000286928,-0.0008653537,0.06379683,0.9993095477573931,0.9996608525093124,False
RNU6-871P,-0.0008653537,0.26177713,0.9993095477573931,0.9996608525093124,False
ENSG00000228587,-0.00086955697,0.080375224,0.9993061940132814,0.9996608525093124,False
H2AC8,-0.0009914526,0.5073348,0.9992089354396138,0.9996608525093124,False
ENSG00000287984,-0.0010797218,-0.21812563,0.9991385068245574,0.9996608525093124,False
CYTL1,-0.0017107417,0.395488,0.9986350262987623,0.9996608525093124,False
ENSG00000254753,-0.0017286057,0.10900647,0.9986207729020006,0.9996608525093124,False
ENSG00000253047,-0.0017401647,-0.32806963,0.9986115501160949,0.9996608525093124,False
LINC00701,-0.0017590796,-0.33443946,0.9985964582850135,0.9996608525093124,False
FLT3LG,-0.0024121667,0.95920384,0.9980753712401786,0.9996608525093124,False
MKRN6P,-0.0024216243,0.4958059,0.9980678253351274,0.9996608525093124,False
ENSG00000253177,-0.002427929,0.23468679,0.998062794731856,0.9996608525093124,False
NOVA1-DT,-0.0024384374,-0.51663786,0.9980544103932414,0.9996608525093124,False
ENSG00000268566,-0.0025813493,0.12611267,0.9979403834097985,0.9996608525093124,False
ARHGAP40,-0.0026212807,-0.029657781,0.9979085229365494,0.9996608525093124,False
ENSG00000289053,-0.0026422972,-0.19106048,0.9978917542677547,0.9996608525093124,False
LINC01694,-0.0028629703,0.1865024,0.9977156833030459,0.9996608525093124,False
ENSG00000287342,-0.0031167443,-0.5230503,0.9975132018316792,0.9996608525093124,False
TLR10,-0.0034262121,0.36429217,0.99726628365087,0.9996608525093124,False
ENSG00000260981,-0.0034309407,0.123813674,0.9972625107095004,0.9996608525093124,False
CYP4F12,-0.003488736,-0.092576586,0.9972163969866231,0.9996608525093124,False
BTN2A3P,-0.003500295,-0.07778802,0.9972071742431585,0.9996608525093124,False
EIF3C,-0.003977895,0.45293948,0.9968261075925342,0.9996608525093124,False
ENSG00000233461,-0.0039873524,-0.26928154,0.9968185617252876,0.9996608525093124,False
LGALS2,-0.0040556556,0.6829388,0.9967640638036634,0.9996608525093124,False
HS6ST3,-0.004320989,-0.0344914,0.9965523604844416,0.9996608525093124,False
VCAM1,-0.00467354,0.28607765,0.9962710679373318,0.9996608525093124,False
ENSG00000284665,-0.00467354,0.3832353,0.9962710679373318,0.9996608525093124,False
FCAMR,-0.004675642,-0.16841663,0.9962693910829662,0.9996608525093124,False
EEF1B2P5,-0.0046766927,-0.63629675,0.9962685526557896,0.9996608525093124,False
NANOGNB,-0.0048138252,0.4681219,0.9961591379449422,0.9996608525093124,False
LINC01023,-0.004862163,-0.14136638,0.9961205703245133,0.9996608525093124,False
VAV1,-0.00536183,0.23412076,0.9957218990565542,0.9996608525093124,False
CYBB,-0.005524708,0.74531746,0.9955919433487274,0.9996608525093124,False
ENSG00000260763,-0.005529962,0.701275,0.9955877512310486,0.9996608525093124,False
ADCY4,-0.0055572833,-0.9212314,0.9955659522210846,0.9996608525093124,False
ENSG00000283175,-0.00566762,0.33137795,0.9954779177916098,0.9996608525093124,False
LINC02333,-0.0062282346,0.77137285,0.9950306199205559,0.9996608525093124,False
ZSCAN5C,-0.0062292856,0.78158337,0.9950297815004769,0.9996608525093124,False
BEAN1-AS1,-0.0062324377,-0.7509514,0.9950272662402729,0.9996608525093124,False
IFNA21,-0.0062345397,0.32219106,0.9950255894001645,0.9996608525093124,False
LINC00399,-0.0062345397,0.008988266,0.9950255894001645,0.9996608525093124,False
LINC02845,-0.0062345397,-0.49788165,0.9950255894001645,0.9996608525093124,False
OR9K1P,-0.0062345397,-0.16330008,0.9950255894001645,0.9996608525093124,False
ENSG00000285714,-0.00623559,-0.91761047,0.9950247509801184,0.9996608525093124,False
TRMT112P8,-0.0062387427,-1.3057392,0.9950222357200135,0.9996608525093124,False
BST2,-0.006755223,-0.019532146,0.994610152959079,0.9996608525093124,False
LINC01053,-0.007085182,0.20067644,0.9943468902522451,0.9996608525093124,False
ENSG00000256433,-0.0070914864,0.22377583,0.9943418597605637,0.9996608525093124,False
ENSG00000232896,-0.007123011,-0.37093818,0.9943167073055339,0.9996608525093124,False
SLC51B,-0.0072753807,0.015696384,0.9941951371862949,0.9996608525093124,False
TNF,-0.007780827,1.0799795,0.9937918607368923,0.9996608525093124,False
EZR-AS1,-0.0077850306,0.95714855,0.993788507093092,0.9996608525093124,False
ENSG00000286068,-0.007787132,0.3765893,0.993786830271233,0.9996608525093124,False
SLA,-0.007787132,0.30185056,0.993786830271233,0.9996608525093124,False
SETP2,-0.007787132,1.1031646,0.993786830271233,0.9996608525093124,False
TRMT1P1,-0.0077902847,0.08904407,0.9937843150384961,0.9996608525093124,False
CDC42EP2,-0.007791335,-0.10127231,0.9937834766275975,0.9996608525093124,False
LINC01944,-0.007793437,0.03794433,0.9937817998058208,0.9996608525093124,False
EEF1AKMT3,-0.0077965898,-1.331296,0.9937792845732074,0.9996608525093124,False
ENSG00000286943,-0.0077997423,-1.5179145,0.9937767693406558,0.9996608525093124,False
ENSG00000286127,-0.007952637,0.21080276,0.993654780636616,0.9996608525093124,False
BNC2,-0.007961569,0.2985847,0.9936476541533092,0.9996608525093124,False
ENSG00000287620,-0.008009382,-0.4040037,0.9936095065160039,0.9996608525093124,False
FXYD4,-0.0086351475,0.29540747,0.9931102349717563,0.9996608525093124,False
ENSG00000255057,-0.0086393505,0.3417734,0.9931068813514786,0.9996608525093124,False
ENSG00000259669,-0.008685587,1.0392603,0.9930699915364745,0.9996608525093124,False
ENSG00000287182,-0.009339725,0.7393298,0.9925480861191083,0.9996608525093124,False
LINC01343,-0.009340775,0.3882187,0.9925472477193368,0.9996608525093124,False
LINC02127,-0.009342877,0.19578858,0.9925455709198185,0.9996608525093124,False
NALT1,-0.00934708,-0.059101254,0.9925422173208808,0.9996608525093124,False
ENSG00000230160,-0.00934708,0.24571511,0.9925422173208808,0.9996608525093124,False
OR5M2P,-0.009350233,-0.39169535,0.9925397021217639,0.9996608525093124,False
TMEM37,-0.009350233,-0.28396755,0.9925397021217639,0.9996608525093124,False
RNU6-600P,-0.009351284,-0.22933914,0.9925388637220748,0.9996608525093124,False
ENSG00000276121,-0.009352335,-0.37518898,0.9925380253223939,0.9996608525093124,False
CXCL3,-0.009354437,-0.33548436,0.9925363485230568,0.9996608525093124,False
ENSG00000236504,-0.009524144,0.19053963,0.9924009470860443,0.9996608525093124,False
HLA-DMB,-0.009547262,0.43990913,0.9923825023250971,0.9996608525093124,False
ZFP3-DT,-0.010185113,0.28815356,0.9918735962427716,0.9996608525093124,False
PRSS57,-0.010195621,0.2655552,0.9918652123146576,0.9996608525093124,False
LINC01910,-0.010213485,0.15017807,0.9918509596389258,0.9996608525093124,False
JAKMIP3-AS1,-0.010223993,-0.13078906,0.9918425757132392,0.9996608525093124,False
CYP11A1,-0.010229248,-0.3137034,0.9918383837507335,0.9996608525093124,False
ENSG00000253427,-0.010314364,0.34978318,0.9917704739896134,0.9996608525093124,False
ADIRF,-0.010427853,-0.13477178,0.9916799277342799,0.9996608525093124,False
IBSP,-0.010893368,0.46615148,0.9913085215430131,0.9996608525093124,False
ENSG00000262921,-0.010898623,0.2527556,0.9913043296101424,0.9996608525093124,False
ACY3,-0.010901775,0.11026437,0.9913018144505351,0.9996608525093124,False
MIR1268A,-0.010903876,0.2174839,0.9913001376775117,0.9996608525093124,False
RN7SL138P,-0.010907029,-0.13981235,0.9912976225180485,0.9996608525093124,False
RNU6-147P,-0.010921741,-0.98370016,0.9912858851083645,0.9996608525093124,False
RNU4-41P,-0.010923842,-1.3578296,0.9912842083357063,0.9996608525093124,False
ENSG00000287064,-0.011011586,0.67342156,0.9912142031116731,0.9996608525093124,False
LINC02593,-0.011094601,-0.16024035,0.9911479706865247,0.9996608525093124,False
AMN,-0.0117960265,0.5459813,0.9905883510937268,0.9996608525093124,False
ENSG00000289070,-0.012437554,1.1036743,0.9900765232886548,0.9996608525093124,False
ENSG00000253380,-0.012452266,0.2916076,0.9900647860887867,0.9996608525093124,False
USP9YP3,-0.012458571,0.06434102,0.9900597558609299,0.9996608525093124,False
HSPE1P10,-0.012465927,-0.34095368,0.990053887262263,0.9996608525093124,False
ENSG00000286821,-0.012469079,-0.21850716,0.9900513721487133,0.9996608525093124,False
PARP4,-0.012598855,0.23213443,0.9899478333936838,0.9996608525093124,False
LPAR6,-0.013154741,-0.9356628,0.9895043373437376,0.9996608525093124,False
HSD17B3,-0.01333128,-0.09439263,0.9893634923892797,0.9996608525093124,False
CETP,-0.013360703,0.5936636,0.9893400182623117,0.9996608525093124,False
RHOD,-0.013386974,0.5117157,0.9893190592281731,0.9996608525093124,False
ENSG00000254219,-0.013389075,-0.86403793,0.9893173825057603,0.9996608525093124,False
TOR4A,-0.014030078,-0.37140915,0.9888059844065821,0.9996608525093124,False
GACAT3,-0.014141991,0.37116104,0.9887166997942617,0.9996608525093124,False
ENSG00000269446,-0.014706809,0.46996763,0.9882660871460994,0.9996608525093124,False
LINC02435,-0.014706809,0.9146931,0.9882660871460994,0.9996608525093124,False
ZSCAN2,-0.014709962,0.09040379,0.9882635721091313,0.9996608525093124,False
GPS2P1,-0.014709962,0.31403917,0.9882635721091313,0.9996608525093124,False
ENSG00000286893,-0.014713114,-0.4919116,0.9882610570722797,0.9996608525093124,False
LINC01255,-0.014713114,-1.5455908,0.9882610570722797,0.9996608525093124,False
OR9A2,-0.014713114,0.5644449,0.9882610570722797,0.9996608525093124,False
NBPF4,-0.014716267,-1.8269515,0.9882585420355449,0.9996608525093124,False
IFNA1,-0.014717317,-1.985276,0.9882577036899924,0.9996608525093124,False
ATF4P4,-0.015563756,0.39732796,0.9875824206395284,0.9996608525093124,False
TPRG1-AS1,-0.015564807,0.3446706,0.9875815823047331,0.9996608525093124,False
REXO1L1P,-0.015565857,0.22481616,0.9875807439699517,0.9996608525093124,False
ENSG00000284048,-0.015583722,-0.1285067,0.9875664922807642,0.9996608525093124,False
TRGVB,-0.016262028,0.61374915,0.9870253502358527,0.9996608525093124,False
SOX3,-0.016265182,-0.09325265,0.9870228352594562,0.9996608525093124,False
ENSG00000280334,-0.016265182,-0.023770167,0.9870228352594562,0.9996608525093124,False
KIF18B-DT,-0.016267283,0.12607838,0.9870211586085968,0.9996608525093124,False
PCDHA6,-0.016269384,-0.39854956,0.9870194819577949,0.9996608525093124,False
KCNQ1-AS1,-0.016270434,0.028926095,0.9870186436324154,0.9996608525093124,False
MUC1,-0.016271487,-0.50918305,0.9870178053070502,0.9996608525093124,False
ENSG00000260515,-0.016273588,-0.62991965,0.9870161286563629,0.9996608525093124,False
EDRF1-DT,-0.01627674,-0.73847556,0.9870136136804394,0.9996608525093124,False
LINC01221,-0.016485855,0.3009237,0.9868467872335908,0.9996608525093124,False
IFI44,-0.016870456,0.11650007,0.9865399622101251,0.9996608525093124,False
ENSG00000288974,-0.017115299,0.5103341,0.9863446347458102,0.9996608525093124,False
ENSG00000261329,-0.017135264,-0.08833971,0.9863287067910947,0.9996608525093124,False
PSCA,-0.01715628,-0.58197284,0.9863119405288603,0.9996608525093124,False
LINC02047,-0.0178183,0.6287494,0.9857838064014505,0.9996608525093124,False
RNF125,-0.017827757,-0.038732864,0.9857762616727856,0.9996608525093124,False
ENSG00000286444,-0.017828807,-0.684652,0.9857754233696792,0.9996608525093124,False
GREM1-AS1,-0.017829858,-0.45961553,0.9857745850665884,0.9996608525093124,False
ENSG00000272384,-0.017833011,-0.7813611,0.9857720701574103,0.9996608525093124,False
ENSG00000217275,-0.017833011,-0.6716367,0.9857720701574103,0.9996608525093124,False
OR5H14,-0.017835112,-1.0920813,0.9857703935513702,0.9996608525093124,False
MLLT10P1,-0.018691009,-0.16166387,0.9850876010491082,0.9996608525093124,False
CLDN11,-0.018824464,0.2558376,0.9849811383648139,0.9996608525093124,False
TNFRSF13C,-0.018994696,0.034047,0.9848453359591035,0.9996608525093124,False
ZNF486,-0.019378774,0.12211692,0.9845389438788493,0.9996608525093124,False
ENSG00000288739,-0.019379824,0.24529013,0.9845381055999315,0.9996608525093124,False
GDNF,-0.019379824,0.034619797,0.9845381055999315,0.9996608525093124,False
RDH10,-0.019392435,-0.108590476,0.9845280462542503,0.9996608525093124,False
RNU6-1004P,-0.019397687,-0.67264897,0.9845238548609423,0.9996608525093124,False
ADRB2,-0.01965514,0.111748144,0.9843184771144113,0.9996608525093124,False
IGSF3P1,-0.020221533,0.3566934,0.9838666497494005,0.9996608525093124,False
ENSG00000287024,-0.020226788,0.331238,0.983862458424932,0.9996608525093124,False
ENSG00000239969,-0.02042802,-0.09140128,0.9837019310341002,0.9996608525093124,False
ENSG00000254802,-0.020935044,0.08632097,0.9832974720107721,0.9996608525093124,False
COX15,-0.020937145,0.77565515,0.9832957955055486,0.9996608525093124,False
MMP3,-0.020946603,-0.60220456,0.9832882512329555,0.9996608525093124,False
LINC01046,-0.020950805,-0.2896284,0.9832848982233937,0.9996608525093124,False
H3C10,-0.021634892,-1.7492583,0.9827391998943442,0.9996608525093124,False
ENSG00000287174,-0.02175311,0.54676586,0.9826448979990151,0.9996608525093124,False
LINC02575,-0.022502873,-0.2549849,0.9820468201237611,0.9996608525093124,False
CD3G,-0.022503924,-0.5188465,0.9820459818996841,0.9996608525093124,False
FCN1,-0.022509178,-0.5294264,0.9820417907795967,0.9996608525093124,False
CNN2,-0.022666803,-0.10057478,0.9819160574079805,0.9996608525093124,False
LINC02331,-0.023188535,0.13626066,0.9814998831694046,0.9996608525093124,False
ENSG00000225230,-0.023188535,-0.023155663,0.9814998831694046,0.9996608525093124,False
ENSG00000251501,-0.02319379,-0.9129248,0.9814956921148767,0.9996608525093124,False
SLFN14,-0.023343533,0.22418232,0.981376247275978,0.9996608525093124,False
LPAR5,-0.023691881,0.2830058,0.9810983824812561,0.9996608525093124,False
ENSG00000145075,-0.02404023,0.386276,0.9808205199797496,0.9996608525093124,False
ENSG00000229313,-0.024061246,-0.1460212,0.980803756102015,0.9996608525093124,False
ENSG00000226954,-0.024063347,-0.2954427,0.9808020797147077,0.9996608525093124,False
ENSG00000289291,-0.024069652,-0.6147931,0.9807970505532944,0.9996608525093124,False
NFATC4,-0.024127973,0.3732147,0.9807505308464283,0.9996608525093124,False
KRT18P24,-0.024746383,0.2991539,0.980257258373349,0.9996608525093124,False
CYB5RL,-0.024748484,-0.39553368,0.9802555820140717,0.9996608525093124,False
CYTH1P1,-0.024750587,-0.5314621,0.9802539056548817,0.9996608525093124,False
ENSG00000287854,-0.024751637,-1.0858668,0.9802530674753194,0.9996608525093124,False
OR6X1,-0.024752688,-1.8380921,0.9802522292957788,0.9996608525093124,False
ENSG00000271457,-0.024752688,-1.1863499,0.9802522292957788,0.9996608525093124,False
WDCP,-0.024753738,-1.8334213,0.9802513911162601,0.9996608525093124,False
ZIC1,-0.024963904,0.25499323,0.9800837556519812,0.9996608525093124,False
MSLN,-0.02562382,-0.1971558,0.9795573860450472,0.9996608525093124,False
OR7E25P,-0.025631176,-0.5653662,0.9795515189176326,0.9996608525093124,False
CD69,-0.02563538,-0.72081137,0.9795481662738924,0.9996608525093124,False
SPP1,-0.025653243,0.5448476,0.9795339175420273,0.9996608525093124,False
ENSG00000285941,-0.026205977,0.062216572,0.9790930482639932,0.9996608525093124,False
TAF12-DT,-0.026303178,-0.00064818095,0.9790155196272213,0.9996608525093124,False
FRK,-0.02630423,0.5743494,0.9790146814808784,0.9996608525093124,False
ZNF443,-0.02630528,-0.31542075,0.9790138433345588,0.9996608525093124,False
NSA2P2,-0.026308432,-0.82773894,0.9790113288957387,0.9996608525093124,False
TSPAN10,-0.026309483,-0.35075653,0.9790104907495117,0.9996608525093124,False
ENSG00000287060,-0.026310535,-0.8921103,0.9790096526033079,0.9996608525093124,False
ENSG00000286126,-0.02631684,-1.6083434,0.9790046237265715,0.9996608525093124,False
KCTD11,-0.027141212,0.4746178,0.9783471053547225,0.9996608525093124,False
LINC02674,-0.02715277,0.13903308,0.9783378859527323,0.9996608525093124,False
CBX2,-0.027164329,0.121788934,0.9783286665536357,0.9996608525093124,False
ENSG00000232719,-0.02717904,-0.30465156,0.9783169327771541,0.9996608525093124,False
H2BW1,-0.027856821,0.29866415,0.9777763460607728,0.9996608525093124,False
ENSG00000286870,-0.027856821,-0.016596153,0.9777763460607728,0.9996608525093124,False
ENSG00000284630,-0.027861025,0.15227385,0.9777729936166005,0.9996608525093124,False
LINC01975,-0.027862076,-0.19700639,0.9777721555056188,0.9996608525093124,False
AMTN,-0.027863126,-0.5720742,0.9777713173946617,0.9996608525093124,False
TMIGD1,-0.02786628,-0.8001129,0.9777688030619374,0.9996608525093124,False
SEMA3B-AS1,-0.027872585,-1.0101383,0.9777637743971515,0.9996608525093124,False
ENSG00000266928,-0.027874686,-1.167755,0.9777620981757525,0.9996608525093124,False
ENSG00000279817,-0.028035987,0.0036656319,0.9776334484769297,0.9996608525093124,False
SIX3,-0.02869538,0.35188735,0.9771075412991581,0.9996608525093124,False
ENSG00000273145,-0.028841443,0.22559315,0.9769910468641576,0.9996608525093124,False
LYPD3,-0.029414669,-0.15038,0.9765338738290253,0.9996608525093124,False
ENSG00000284968,-0.029417822,-0.19907585,0.9765313596080277,0.9996608525093124,False
ZNF660,-0.029418873,-0.078922905,0.9765305215344137,0.9996608525093124,False
ENSG00000287847,-0.029419923,-0.45032257,0.9765296834608255,0.9996608525093124,False
LILRB2,-0.029427279,-0.7099726,0.9765238169464339,0.9996608525093124,False
H2BC8,-0.029438838,-1.3030375,0.97651459814067,0.9996608525093124,False
ZMYND15,-0.030259006,0.16272397,0.9758604900493593,0.9996608525093124,False
ENSG00000288919,-0.03026531,0.14345483,0.9758554617342872,0.9996608525093124,False
LINC02123,-0.030278971,-0.19319063,0.975844567054923,0.9996608525093124,False
TGIF2-RAB5IF,-0.030540626,0.27372402,0.9756358929146449,0.9996608525093124,False
ENSG00000287616,-0.03081069,0.4910038,0.9754205161332339,0.9996608525093124,False
ENSG00000226838,-0.030968312,0.15962341,0.9752948106678051,0.9996608525093124,False
ENSG00000289011,-0.030972516,-0.19843799,0.9752914585304462,0.9996608525093124,False
HEPFAL,-0.03100404,-1.263569,0.9752663175141681,0.9996608525093124,False
SNX30-DT,-0.031081276,0.31975198,0.9752047221281882,0.9996608525093124,False
RASSF10,-0.03167026,-0.72939515,0.974735009822949,0.9996608525093124,False
ENSG00000272279,-0.031671315,-1.7413666,0.9747341718069923,0.9996608525093124,False
LIVAR,-0.031672366,-2.4256122,0.9747333337910635,0.9996608525093124,False
ADIPOQ,-0.031821582,-0.027827565,0.9746143358127888,0.9996608525093124,False
MPIG6B,-0.031852055,-0.22769792,0.9745900334781696,0.9996608525093124,False
MIR503HG,-0.031917207,0.21773134,0.9745380768419318,0.9996608525093124,False
ZKSCAN8P2,-0.032532465,-0.11952553,0.9740474271918745,0.9996608525093124,False
FENDRR,-0.033226535,-0.3499122,0.973493939256273,0.9996608525093124,False
CD68,-0.033227585,-0.69823945,0.9734931012826344,0.9996608525093124,False
C11orf21,-0.033229686,-1.2434633,0.9734914253354451,0.9996608525093124,False
ENSG00000255641,-0.033385206,-0.14092414,0.9733674055687289,0.9996608525093124,False
MMP14,-0.03341253,-0.3086136,0.9733456183788263,0.9996608525093124,False
TRPC2,-0.033428293,-0.40332603,0.9733330488552363,0.9996608525093124,False
RNU6-529P,-0.034093462,-0.41854948,0.9728026210357759,0.9996608525093124,False
DUOX2,-0.03411553,-0.8767216,0.9727850241091811,0.9996608525093124,False
ENSG00000279648,-0.034386642,0.0051037897,0.9725688343805271,0.9996608525093124,False
ENSG00000225280,-0.034780703,-0.45868903,0.9722546087217098,0.9996608525093124,False
RTP4,-0.034781754,-0.17960578,0.9722537707923554,0.9996608525093124,False
ENSG00000272908,-0.034787007,-1.1264889,0.9722495811460431,0.9996608525093124,False
MED15P5,-0.034788057,-1.1347649,0.9722487432168725,0.9996608525093124,False
ENSG00000261804,-0.0349667,-0.31080025,0.9721062957038596,0.9996608525093124,False
ASF1A,-0.034975104,-0.36204758,0.9720995923133685,0.9996608525093124,False
CCDC160,-0.035627667,-0.05244743,0.9715792476779578,0.9996608525093124,False
ADGRG3,-0.035655513,-0.45617285,0.9715570432227529,0.9996608525093124,False
ENSG00000288537,-0.035821017,-0.2153881,0.9714250738029669,0.9996608525093124,False
PYGM,-0.03586095,0.20436896,0.9713932336790206,0.9996608525093124,False
LINC01029,-0.036341175,-0.23373449,0.9710103178796279,0.9996608525093124,False
HSPE1P14,-0.036342226,-1.2064884,0.9710094799967712,0.9996608525093124,False
ENSG00000262312,-0.036344327,-0.6447778,0.971007804231154,0.9996608525093124,False
ENSG00000286509,-0.036350634,-1.4844735,0.9710027769350701,0.9996608525093124,False
ANAPC1P6,-0.036350634,-0.9567816,0.9710027769350701,0.9996608525093124,False
LINC03002,-0.036610186,0.12297136,0.9707958209153005,0.9996608525093124,False
ENSG00000289430,-0.036807217,-0.38604948,0.9706387199858483,0.9996608525093124,False
CX3CR1,-0.03762686,-0.001334174,0.9699851924161534,0.9996608525093124,False
SDCBP2-AS1,-0.037896395,-0.0814832,0.9697702867706921,0.9996608525093124,False
MAFTRR,-0.037906904,-1.2116778,0.969761908427312,0.9996608525093124,False
NAA50P2,-0.037917413,-1.9249765,0.9697535300872694,0.9996608525093124,False
ENSG00000287975,-0.03858153,-0.028479783,0.9692240258079245,0.9996608525093124,False
ENSG00000267026,-0.03873863,0.21296556,0.9690987732110876,0.9996608525093124,False
ENSG00000286101,-0.038765952,-0.34937683,0.969076990228492,0.9996608525093124,False
H2BC4,-0.039554596,0.21162352,0.9684482260673812,0.9996608525093124,False
OPLAH,-0.03967229,0.3305807,0.9683543948470053,0.9996608525093124,False
ENSG00000230472,-0.040437814,0.18313088,0.9677440837758832,0.9996608525093124,False
TYMP,-0.040495083,0.23952344,0.9676984263932292,0.9996608525093124,False
SLC25A51P4,-0.040994227,0.665224,0.9673004995758737,0.9996608525093124,False
ENSG00000280424,-0.041004732,-0.19503103,0.9672921222563579,0.9996608525093124,False
AMPD1,-0.04101629,-0.79883677,0.9672829072090596,0.9996608525093124,False
GOLGA8J,-0.041028902,-0.81674755,0.9672728544351716,0.9996608525093124,False
FAM86LP,-0.041707736,-0.30986392,0.9667316878253286,0.9996608525093124,False
ENSG00000257579,-0.041707736,-0.5987884,0.9667316878253286,0.9996608525093124,False
IGSF6,-0.04171299,-4.8627105,0.9667274992887092,0.9996608525093124,False
MT1X,-0.04192368,-0.23970094,0.9665595397279738,0.9996608525093124,False
ENSG00000286541,-0.04212754,-0.08235617,0.9663970266524045,0.9996608525093124,False
LINC01527,-0.042564157,-0.20403078,0.9660489685582367,0.9996608525093124,False
ENSG00000272366,-0.04326453,-1.3590921,0.965490665080794,0.9996608525093124,False
ENSG00000263612,-0.04326663,-1.7208767,0.9654889897768507,0.9996608525093124,False
ENSG00000224844,-0.043267682,-1.5361422,0.9654881521249363,0.9996608525093124,False
ENSG00000224277,-0.043267682,-1.3901236,0.9654881521249363,0.9996608525093124,False
ENSG00000244151,-0.04327399,-3.0653098,0.9654831262142493,0.9996608525093124,False
LILRB1,-0.043593965,0.35714936,0.9652280630519188,0.9996608525093124,False
UCP2,-0.043610252,-0.19329122,0.9652150796361345,0.9996608525093124,False
ENSG00000289622,-0.04388294,-0.24242625,0.9649977134990618,0.9996608525093124,False
ID1,-0.044103615,-0.4520254,0.9648218121701541,0.9996608525093124,False
ENSG00000234132,-0.04411412,-0.08464035,0.9648134359590306,0.9996608525093124,False
NPM1P9,-0.044141445,-0.7209522,0.9647916578282835,0.9996608525093124,False
LINC00437,-0.044826582,-1.0648926,0.9642455379489366,0.9996608525093124,False
EGLN2,-0.044827633,-1.2060411,0.9642447003545763,0.9996608525093124,False
CTSE,-0.044827633,-0.8129207,0.9642447003545763,0.9996608525093124,False
DNAH17-AS1,-0.044833936,-2.2979486,0.9642396747892429,0.9996608525093124,False
LINC00608,-0.04637602,-0.6961423,0.9630105484189775,0.9996608525093124,False
MFRP,-0.04637602,-0.21603222,0.9630105484189775,0.9996608525093124,False
ENSG00000287119,-0.046381276,-1.1540259,0.9630063607434843,0.9996608525093124,False
AKAP4,-0.046382327,-0.68783987,0.9630055232085082,0.9996608525093124,False
LINC02773,-0.046395987,-2.2996066,0.9629946352575329,0.9996608525093124,False
FFAR1,-0.04655939,-0.35475385,0.9628643991487003,0.9996608525093124,False
ENSG00000261467,-0.047929663,-0.29123378,0.9617722977325719,0.9996608525093124,False
PSLNR,-0.047940172,-0.31234688,0.9617639229962193,0.9996608525093124,False
NAGS,-0.04808256,-0.0527962,0.9616504457349065,0.9996608525093124,False
ENSG00000273013,-0.049488563,-0.26691917,0.9605299521979777,0.9996608525093124,False
LINC00384,-0.049489614,0.26154187,0.9605291147877424,0.9996608525093124,False
CFAP418,-0.049501173,-1.4173474,0.9605199032780283,0.9996608525093124,False
ENSG00000223628,-0.049502224,-1.0035963,0.9605190658683157,0.9996608525093124,False
GATA1,-0.049502224,-1.1443955,0.9605190658683157,0.9996608525093124,False
MLNR,-0.049510628,-1.4303173,0.9605123665921826,0.9996608525093124,False
WT1,-0.049662475,-0.28284663,0.9603913613975279,0.9996608525093124,False
BAGE2,-0.04977176,0.21637306,0.9603042717181696,0.9996608525093124,False
GJB6,-0.05032712,0.027114095,0.9598617127568686,0.9996608525093124,False
ENSG00000265995,-0.05037178,-0.5022042,0.9598261243503776,0.9996608525093124,False
GJB1,-0.050987564,-0.0030641877,0.9593354312209452,0.9996608525093124,False
ALCAM,-0.051044833,0.084110215,0.9592897958653785,0.9996608525093124,False
ENSG00000281938,-0.05104851,-0.05561397,0.9592868651590277,0.9996608525093124,False
LINC02771,-0.052785523,-0.27640834,0.9579027966076573,0.9996608525093124,False
ITSN1,-0.05280076,0.09172414,0.9578906562108178,0.9996608525093124,False
CLDN14,-0.052835964,-0.70953166,0.9578626077451295,0.9996608525093124,False
ENSG00000254991,-0.053302526,-1.2452801,0.9574908658574427,0.9996608525093124,False
ENSG00000260715,-0.053306732,-3.0147536,0.9574875168733247,0.9996608525093124,False
LINC01931,-0.053311985,-3.4851356,0.9574833306442324,0.9996608525093124,False
P2RY1,-0.053321443,0.35436442,0.9574757954348214,0.9996608525093124,False
LINC02606,-0.05348432,0.31646425,0.9573460229806761,0.9996608525093124,False
UGT2B17,-0.053657707,-0.36913586,0.9572078793524663,0.9996608525093124,False
ENSG00000273355,-0.054175764,-0.6789602,0.9567951306092499,0.9996608525093124,False
AFDN-DT,-0.0548609,-1.4330264,0.9562492819260543,0.9996608525093124,False
GOLGA2P9,-0.054869305,-1.8520952,0.9562425845230897,0.9996608525093124,False
ENSG00000257997,-0.05498805,-0.13531303,0.9561479840364323,0.9996608525093124,False
LINC00996,-0.05501537,-0.31915256,0.95612621764014,0.9996608525093124,False
ENSG00000267735,-0.055704188,-0.0062140706,0.9555774641562884,0.9996608525093124,False
APOF,-0.05573571,-0.65189433,0.9555523500822563,0.9996608525093124,False
FOXR1,-0.05584132,-0.014157107,0.9554682182559087,0.9996608525093124,False
DDAH2,-0.055935893,0.014857137,0.9553928767429393,0.9996608525093124,False
ENSG00000219622,-0.056419272,-1.213282,0.955007804137712,0.9996608525093124,False
ENSG00000283156,-0.056422424,-1.3089089,0.9550052928290044,0.9996608525093124,False
CENPN-AS1,-0.056423474,-1.2139466,0.9550044557262011,0.9996608525093124,False
IL1B,-0.05725573,-0.18323527,0.954341485968373,0.9996608525093124,False
ENSG00000276407,-0.057279896,-0.07339551,0.9543222335285481,0.9996608525093124,False
FAM72A,-0.057289355,-0.6921032,0.9543146999723929,0.9996608525093124,False
VTI1BP2,-0.05797554,-0.99115884,0.9537681095548676,0.9996608525093124,False
YWHAQP7,-0.0579829,-0.91813916,0.9537622503568558,0.9996608525093124,False
TRIM40,-0.05798605,-1.9290618,0.9537597392727586,0.9996608525093124,False
ENSG00000233824,-0.0579871,-1.8230857,0.9537589022448282,0.9996608525093124,False
SLC1A3-AS1,-0.06006563,0.028028559,0.9521033620124614,0.9996608525093124,False
CMKLR1,-0.060311526,0.39650348,0.9519075229597033,0.9996608525093124,False
ARSI,-0.060413454,-0.06357713,0.9518263426647182,0.9996608525093124,False
ENSG00000255775,-0.06109544,-0.9093308,0.9512832008101557,0.9996608525093124,False
MIDEAS-AS1,-0.062289175,0.012610344,0.9503325479670475,0.9996608525093124,False
DEFB124,-0.06266537,-1.2005442,0.9500329730107103,0.9996608525093124,False
IL1A,-0.064200625,-0.7127984,0.9488104796096102,0.9996608525093124,False
APOC2,-0.06490047,-1.7040172,0.9482532431654567,0.9996608525093124,False
CFAP144,-0.064905725,-2.2719502,0.9482490598040472,0.9996608525093124,False
OR5B3,-0.06490888,-3.12443,0.9482465497878863,0.9996608525093124,False
ENSG00000286220,-0.06645202,-0.86055607,0.9470179590212375,0.9996608525093124,False
LECT2,-0.06646147,-1.0634729,0.9470104297390516,0.9996608525093124,False
TM4SF1,-0.066464625,-1.7191758,0.9470079199793746,0.9996608525093124,False
ENSG00000278177,-0.06800461,-0.58127636,0.9457819657321437,0.9996608525093124,False
ENSG00000263154,-0.068241045,0.21567844,0.9455937547794957,0.9996608525093124,False
F2RL3,-0.07112451,-0.29374167,0.9432986651368487,0.9996608525093124,False
GPAT2P2,-0.07127425,-0.19444233,0.9431794904104468,0.9996608525093124,False
ENSG00000285886,-0.07129526,-0.4262978,0.9431627642347808,0.9996608525093124,False
ACAA2P1,-0.07199879,-0.6674675,0.9426028700117276,0.9996608525093124,False
RHBDL2,-0.072675,-0.6770291,0.9420647459792961,0.9996608525093124,False
ENSG00000232175,-0.073373266,-0.81672394,0.941509088545487,0.9996608525093124,False
EEF1DP5,-0.07339008,-4.108316,0.9414957096343802,0.9996608525093124,False
ERVK3-1,-0.07421918,-0.072562456,0.9408359826346735,0.9996608525093124,False
CLEC4E,-0.074935846,-1.2409102,0.940265757009604,0.9996608525093124,False
ENSG00000254533,-0.07494005,-1.8264782,0.9402624126678292,0.9996608525093124,False
LIPG,-0.07535828,0.10392065,0.939929655938005,0.9996608525093124,False
DNM1P47,-0.07540871,0.1328884,0.9398895251806253,0.9996608525093124,False
BEST1,-0.07567037,0.32704335,0.9396813493286903,0.9996608525093124,False
KIF13B,-0.07572606,0.15403754,0.9396370393375385,0.9996608525093124,False
GOLGA6EP,-0.07648476,-0.58821756,0.9390334388827477,0.9996608525093124,False
LINC02978,-0.076490015,-1.508157,0.9390292589459157,0.9996608525093124,False
GALNT6,-0.07660718,0.22782218,0.9389360467911945,0.9996608525093124,False
OTX1,-0.07664869,-0.2197927,0.9389030256455336,0.9996608525093124,False
UGT2A3,-0.07805994,-1.4089166,0.9377803695718728,0.9996608525093124,False
CFB,-0.07824594,-0.707172,0.9376324188627114,0.9996608525093124,False
DNAI2,-0.07927207,-0.28009546,0.9368162211681138,0.9996608525093124,False
FOXC1,-0.080479994,-0.8828066,0.9358555083039254,0.9996608525093124,False
LINC00251,-0.0813238,-0.42305887,0.9351844436358188,0.9996608525093124,False
LRRC74A,-0.081504546,-0.0010915303,0.9350407097285959,0.9996608525093124,False
ENSG00000225637,-0.08185762,-1.9448594,0.9347599333246255,0.9996608525093124,False
TUBAP11,-0.08186077,-3.3876855,0.934757426428946,0.9996608525093124,False
ENSG00000288060,-0.08202733,-0.65600646,0.9346249796945034,0.9996608525093124,False
ENSG00000266088,-0.08272771,-1.0724646,0.9340680547542213,0.9996608525093124,False
ENSG00000254111,-0.08497331,-1.2527792,0.9322826043766601,0.9996608525093124,False
DRC12,-0.08552343,-0.29997763,0.9318452749457022,0.9996608525093124,False
ENSG00000260593,-0.08583815,-0.93029416,0.9315950833024368,0.9996608525093124,False
ENSG00000288056,-0.0858455,-0.5839581,0.9315892358322445,0.9996608525093124,False
ORMDL2,-0.08732506,-0.052884717,0.9304131344631774,0.9996608525093124,False
SELENBP1,-0.08777323,-0.18159735,0.9300569091923231,0.9996608525093124,False
SLC39A1,-0.08937732,-0.42477635,0.9287820470884129,0.9996608525093124,False
C3AR1,-0.09006298,-0.10531017,0.928237164875011,0.9996608525093124,False
PRICKLE3,-0.09075915,-0.674636,0.9276839664020987,0.9996608525093124,False
MUC22,-0.0912005,-0.94902265,0.9273332775318203,0.9996608525093124,False
PLEKHG3,-0.0918084,0.0346226,0.9268502684863131,0.9996608525093124,False
ENSG00000269403,-0.091895096,-2.0764937,0.9267813886624241,0.9996608525093124,False
EPSTI1,-0.0931419,0.35704714,0.9257908325078126,0.9996608525093124,False
ENSG00000253474,-0.09377239,-0.09036188,0.9252899628506083,0.9996608525093124,False
ENSG00000289494,-0.09433511,-0.94693893,0.9248429616837718,0.9996608525093124,False
TNS4,-0.094465934,-0.49807534,0.9247390404371734,0.9996608525093124,False
LY86,-0.094785914,0.4011965,0.9244848770206413,0.9996608525093124,False
LINC02283,-0.09486578,-0.101963565,0.9244214417039543,0.9996608525093124,False
SMPD5,-0.095006585,-1.559614,0.9243095963954917,0.9996608525093124,False
ROBO4,-0.09586984,-0.94918996,0.9236239506675294,0.9996608525093124,False
SDC4,-0.09595653,0.074874446,0.9235550971023423,0.9996608525093124,False
MROCKI,-0.09616617,-0.3166113,0.9233885990311042,0.9996608525093124,False
ADAP2,-0.09619191,0.18098183,0.923368152130821,0.9996608525093124,False
DNAJC22,-0.09735518,0.2506248,0.9224443391038417,0.9996608525093124,False
CASKP1,-0.09832299,0.15847264,0.9216758263667452,0.9996608525093124,False
MUSK,-0.10025387,0.08484133,0.9201427750344362,0.9996608525093124,False
LINC01547,-0.102379166,-0.83364356,0.9184557189516795,0.9996608525093124,False
MYO15B,-0.10301965,0.1340594,0.9179473798589947,0.9996608525093124,False
CBR1,-0.10302542,-0.7601485,0.9179427928661619,0.9996608525093124,False
CNN2P3,-0.103496715,-2.9003038,0.9175687536566945,0.9996608525093124,False
ENSG00000286403,-0.104328446,-0.4974754,0.9169087044943937,0.9996608525093124,False
ENSG00000228804,-0.105199054,-0.32266268,0.9162178615806535,0.9996608525093124,False
ENSG00000272182,-0.105489604,-0.7028432,0.9159873167156285,0.9996608525093124,False
RBP1,-0.10557683,-0.83720815,0.91591811294432,0.9996608525093124,False
TLCD1,-0.10747672,-1.0935893,0.9144107970448871,0.9996608525093124,False
ITGB7,-0.10905821,-1.2544371,0.9131563244314874,0.9996608525093124,False
H1-8,-0.10914753,-0.2042159,0.9130854802441681,0.9996608525093124,False
MEPE,-0.10944491,0.07129393,0.9128496157543016,0.9996608525093124,False
TNFRSF12A,-0.10980745,-0.20317698,0.9125620881574822,0.9996608525093124,False
GPNMB,-0.11018048,0.112602666,0.912266238376205,0.9996608525093124,False
ENSG00000288799,-0.11125653,-0.68881,0.911412925866213,0.9996608525093124,False
APOBEC3G,-0.11207932,-0.23826124,0.910760510654301,0.9996608525093124,False
ENSG00000274363,-0.112988286,-0.57719,0.9100398409487167,0.9996608525093124,False
SIGLEC9,-0.11522024,0.22436285,0.9082705579318953,0.9996608525093124,False
ENSG00000289594,-0.11665566,-2.517567,0.9071329255390559,0.9996608525093124,False
CD300LB,-0.118190914,-1.4214752,0.9059163860992184,0.9996608525093124,False
LINC00954,-0.11832017,-0.26150474,0.905813977001859,0.9996608525093124,False
ENSG00000254777,-0.11847989,-0.028926732,0.9056874248338873,0.9996608525093124,False
RN7SL753P,-0.11973983,-0.7685366,0.9046892455611429,0.9996608525093124,False
ENSG00000233920,-0.120122336,-0.20430508,0.904386241711202,0.9996608525093124,False
GNG5,-0.121042855,-0.5456118,0.9036570917948996,0.9996608525093124,False
HCST,-0.1237109,-0.7318654,0.9015441834881656,0.9996608525093124,False
OLR1,-0.12378025,-0.18994783,0.9014892687569634,0.9996608525093124,False
ADAMTS4,-0.12634216,-0.00813897,0.899461084391869,0.9996608525093124,False
IGFN1,-0.12757057,-1.3397352,0.8984888194685502,0.9996608525093124,False
NUPR1,-0.12764308,0.13785365,0.898431436466075,0.9996608525093124,False
OTUD7B,-0.1317807,0.13224867,0.8951577520031507,0.9996608525093124,False
SMAD6,-0.13236234,0.0345659,0.8946977072943791,0.9996608525093124,False
SNX22,-0.13382192,0.0708981,0.8935433882463569,0.9996608525093124,False
CICP27,-0.13620414,-0.67006177,0.8916598985802022,0.9996608525093124,False
ENSG00000287092,-0.13679628,0.08331362,0.8911918207682247,0.9996608525093124,False
CD82,-0.1369991,0.081269674,0.891031511787781,0.9996608525093124,False
S100A1,-0.1391848,-1.4955869,0.8893041135162895,0.9996608525093124,False
ENSG00000232471,-0.13980111,-0.89272255,0.8888171316477083,0.9996608525093124,False
DHRS9,-0.14072952,-0.2904193,0.88808362441427,0.9996608525093124,False
ENSG00000287646,-0.14139731,-1.7208024,0.8875560731676742,0.9996608525093124,False
RAB20,-0.14570202,-0.0047474327,0.8841566276919631,0.9996608525093124,False
LINC00899,-0.14794342,-0.3561131,0.882387415849124,0.9996608525093124,False
LINC02642,-0.14943612,-0.95530653,0.8812095103162889,0.9996608525093124,False
SPATA13,-0.15260752,-0.49562356,0.8787078027166639,0.9996608525093124,False
BGN,-0.1529217,-0.23898727,0.8784600184589824,0.9996608525093124,False
NKX2-2,-0.15363364,0.053096563,0.8778986115941908,0.9996608525093124,False
VESTAR,-0.15622655,-0.6843405,0.8758544516208076,0.9996608525093124,False
CHADL,-0.15739822,0.15126798,0.8749310188962404,0.9996608525093124,False
ENSG00000285695,-0.15868968,0.03667628,0.8739133697585886,0.9996608525093124,False
DCLRE1CP1,-0.15915363,-0.6498243,0.8735478452440375,0.9996608525093124,False
HNRNPA1L3,-0.16226879,-0.23359457,0.87109419373429,0.9996608525093124,False
S100A16,-0.16345938,-0.42245018,0.8701567607876617,0.9996608525093124,False
ACP3,-0.16388233,0.040411796,0.8698237801315846,0.9996608525093124,False
ENSG00000230960,-0.16676316,0.08128797,0.8675564058523233,0.9996608525093124,False
CDH1,-0.1675208,0.021864029,0.8669602785284543,0.9996608525093124,False
RAB34,-0.16921052,-0.24796635,0.8656310470516366,0.9996608525093124,False
LINC02882,-0.17020567,0.15274239,0.8648483998542662,0.9996608525093124,False
ARHGAP30,-0.17410001,-0.0076943254,0.8617868612636352,0.9996608525093124,False
ENSG00000223528,-0.1762106,-1.8495996,0.8601284970773463,0.9996608525093124,False
GAL3ST4,-0.17672971,-0.09337952,0.8597207088325921,0.9996608525093124,False
ANGPTL4,-0.17776634,0.044550866,0.8589064826168812,0.9996608525093124,False
ENSG00000267879,-0.17795339,-0.46108353,0.8587595829426671,0.9996608525093124,False
LINC03122,-0.18223235,0.017302787,0.8554003918350614,0.9996608525093124,False
TMIGD3,-0.18230484,-0.12522088,0.8553434927668044,0.9996608525093124,False
PLXNB3,-0.1837739,0.034692474,0.8541908305564789,0.9996608525093124,False
PCDH15,-0.18395096,0.05978446,0.8540519219189077,0.9996608525093124,False
ENSG00000273214,-0.18859245,-1.0161519,0.8504122458955717,0.9996608525093124,False
GEM,-0.18973418,0.17013067,0.8495174382720677,0.9996608525093124,False
ERBB3,-0.19793586,0.14083983,0.8430952479473851,0.9996608525093124,False
FAM135A-AS1,-0.20090233,-1.1839436,0.8407749416743302,0.9996608525093124,False
LINC02712,-0.20127118,-0.48396063,0.8404865407360853,0.9996608525093124,False
SILC1,-0.2030765,0.17183344,0.8390752468318081,0.9996608525093124,False
CSF2RA,-0.21051422,0.22586673,0.8332663516320875,0.9996608525093124,False
NEK8,-0.21205105,-0.5269397,0.8320672047030011,0.9996608525093124,False
SH3BP2,-0.21642196,0.039986055,0.8286588528144994,0.9996608525093124,False
BAMBI,-0.21758206,-0.3668488,0.8277547585597819,0.9996608525093124,False
LAYN,-0.21873377,-0.03708979,0.8268574414175198,0.9996608525093124,False
NOP56,-0.21877581,0.14619051,0.8268246968848116,0.9996608525093124,False
NCKAP1L,-0.2199128,0.48959973,0.8259390716907049,0.9996608525093124,False
ENSG00000278254,-0.22027533,-0.06856066,0.8256567330805099,0.9996608525093124,False
SLC38A3,-0.2275628,0.014303199,0.8199861470937333,0.9996608525093124,False
TP53TG5,-0.22805983,-0.950756,0.8195997251992411,0.9996608525093124,False
ENSG00000253515,-0.24017689,-1.2103473,0.8101931309677514,0.9996608525093124,False
STAT5A,-0.24188815,0.00832444,0.8088668294232746,0.9996608525093124,False
ZFP36L1,-0.24934113,0.30054387,0.8030969232480595,0.9996608525093124,False
NOL8,-0.25171757,0.15324041,0.8012593809051515,0.9996608525093124,False
OAF,-0.25416914,0.14991294,0.7993648941279844,0.9996608525093124,False
LCP2,-0.2557212,0.07012153,0.7981661220407792,0.9996608525093124,False
ENSG00000267042,-0.2576174,-1.0895102,0.7967021882051379,0.9996608525093124,False
MERTK,-0.26241285,0.16665284,0.7930031663282383,0.9996608525093124,False
ANP32D,-0.26272705,-1.6491263,0.7927609683550645,0.9996608525093124,False
ADAMTS17,-0.26384303,0.0104721,0.7919008817988777,0.9996608525093124,False
ROR1,-0.26773265,0.07653078,0.7889051176139923,0.9996608525093124,False
ENSG00000286321,-0.2736183,-0.1280147,0.7843779586168081,0.9996608525093124,False
HEY2-AS1,-0.27443165,-0.23332313,0.7837529219063823,0.9996608525093124,False
LINC02445,-0.27752948,0.09608693,0.7813735718839132,0.9996608525093124,False
CLEC19A,-0.28148267,-0.32684353,0.7783402095421954,0.9996608525093124,False
ENSG00000225889,-0.28259656,0.12544124,0.7774861214434845,0.9996608525093124,False
ENSG00000287801,-0.2845721,-0.07053421,0.7759719854522902,0.9996608525093124,False
GYPC,-0.28509963,-0.49374574,0.7755678226562563,0.9996608525093124,False
ALOX5,-0.28802615,0.2750393,0.7733267115267801,0.9996608525093124,False
FGFR3,-0.29245538,-0.093763545,0.7699384655676969,0.9996608525093124,False
PRAM1,-0.3024293,0.20559412,0.7623248338042666,0.9996608525093124,False
ENSG00000285218,-0.30729198,-1.2504281,0.7586211451650102,0.9996608525093124,False
AOX1,-0.30806065,-0.1575902,0.7580361823834435,0.9996608525093124,False
RGS10,-0.30855402,-0.060675357,0.7576608075936586,0.9996608525093124,False
INPP5D,-0.32010257,0.2902095,0.7488905778260964,0.9996608525093124,False
APCDD1,-0.32344157,0.09391691,0.7463608567288151,0.9996608525093124,False
ADM,-0.32525215,-0.8692606,0.7449902551137886,0.9996608525093124,False
SLC7A10,-0.33325994,-0.37922734,0.7389380770625509,0.9996608525093124,False
ENG,-0.3418147,-0.31527546,0.7324903480204965,0.9996608525093124,False
MAG,-0.3444181,-0.05975903,0.730531867973468,0.9996608525093124,False
FGD4,-0.35150594,0.104710296,0.7252088296763719,0.9996608525093124,False
BTK,-0.3525578,-0.4474954,0.7244199806884997,0.9996608525093124,False
ENSG00000289098,-0.35423124,-0.5808839,0.72316559677524,0.9996608525093124,False
SMOC1,-0.36461443,0.08205697,0.7153992428381115,0.9996608525093124,False
CARD11,-0.36515298,0.25102767,0.7149972179390762,0.9996608525093124,False
TYMS,-0.36578083,-0.086670145,0.714528615551728,0.9996608525093124,False
EYA4,-0.36749315,0.027032737,0.7132511920629058,0.9996608525093124,False
ARHGDIB,-0.37387693,-0.1748814,0.7084958900565195,0.9996608525093124,False
TRIP6,-0.37778598,-0.14096169,0.7055895869482155,0.9996608525093124,False
ARHGAP25,-0.38081342,0.14545509,0.7033417095739443,0.9996608525093124,False
NEK3,-0.38124266,0.008811649,0.7030231899436266,0.9996608525093124,False
NIBAN1,-0.3827422,0.023911731,0.701910924882907,0.9996608525093124,False
SRRT,-0.38518536,0.17173737,0.7001000879767165,0.9996608525093124,False
ENSG00000259647,-0.38871613,-0.15622051,0.6974861484657942,0.9996608525093124,False
HINT2,-0.39087453,-1.5068958,0.6958899862536344,0.9996608525093124,False
APOC1,-0.41237438,-0.13359116,0.6800650349915905,0.9996608525093124,False
LINC03048,-0.41442558,0.024112435,0.6785624485025071,0.9996608525093124,False
GRIN2C,-0.42779732,-0.095380925,0.668798680576937,0.9996608525093124,False
EPHA6,-0.43024576,0.003974393,0.6670168848257609,0.9996608525093124,False
SCD,-0.43494713,0.07655152,0.663600798130521,0.9996608525093124,False
RHOG,-0.44022647,-0.05584201,0.6597730841040919,0.9996608525093124,False
NOTCH1,-0.4405848,0.04958523,0.6595136021161503,0.9996608525093124,False
PLP1,-0.44468617,-0.6062895,0.6565465609463059,0.9996608525093124,False
FGF13,-0.44987935,0.026835462,0.6527974390330503,0.9996608525093124,False
TMEM235,-0.45500317,-0.07527094,0.6491069603358772,0.9996608525093124,False
OR6W1P,-0.46444273,-1.160222,0.6423305889566151,0.9996608525093124,False
RBP7,-0.4683455,-0.5372275,0.6395375489243081,0.9996608525093124,False
TMEM125,-0.472305,-0.7446753,0.6367091117682835,0.9996608525093124,False
STK33,-0.47845337,0.057137188,0.6323275638362507,0.9996608525093124,False
APOD,-0.48237556,-0.14904352,0.6295391801237609,0.9996608525093124,False
PCSK5,-0.48482293,0.040076777,0.627801956765571,0.9996608525093124,False
KIF2C,-0.4974796,-0.72336113,0.6188508994189144,0.9996608525093124,False
EFS,-0.50407505,-0.31466368,0.6142086197291785,0.9996608525093124,False
ENSG00000287544,-0.51951116,0.011813298,0.603404333702678,0.9996608525093124,False
EPS8,-0.5210275,0.14721008,0.6023476160970589,0.9996608525093124,False
MPL,-0.52631736,-0.2058254,0.5986677328330078,0.9996608525093124,False
TPPP3,-0.5319424,-0.6879986,0.5947658845056616,0.9996608525093124,False
PRDM16-DT,-0.53929293,-0.6292026,0.5896847516322905,0.9996608525093124,False
NPY,-0.54584116,-0.4409196,0.5851751460034451,0.9996608525093124,False
NKAIN4,-0.5667436,-0.121449776,0.5708883933911079,0.9996608525093124,False
PROX1,-0.57620734,0.020546312,0.5644750560007228,0.9996608525093124,False
ENSG00000259732,-0.59133655,-0.31484297,0.5542949356362248,0.9996608525093124,False
TCF12,-0.60093373,0.040693924,0.5478841195561135,0.9996608525093124,False
CCNT1,-0.61058927,0.22976933,0.5414715495052431,0.9996608525093124,False
LPCAT2,-0.6144789,0.16189848,0.5388989364128174,0.9996608525093124,False
KLK6,-0.6149596,-0.8054471,0.5385813911432544,0.9996608525093124,False
ENSG00000231252,-0.62939006,-0.06502314,0.5290937256377185,0.9996608525093124,False
LINC01748,-0.67060286,0.09628484,0.502473563923665,0.9996608525093124,False
COL9A1,-0.6714225,-0.2501766,0.5019514173811908,0.9996608525093124,False
LINC00844,-0.70327824,-0.14376634,0.4818823748678517,0.9996608525093124,False
NFATC2,-0.7036082,0.15806292,0.4816768102983676,0.9996608525093124,False
LINC03000,-0.7242758,0.0026740823,0.46889643236528833,0.9996608525093124,False
OPALIN,-0.7502369,-0.24231517,0.45311201863283723,0.9996608525093124,False
SERPINE1,-0.7658159,-0.4900865,0.4437858365964764,0.9996608525093124,False
FRYL,-0.77252126,0.06093571,0.4398057750248119,0.9996608525093124,False
VCAN,-0.7808101,-0.13385497,0.43491417198225457,0.9996608525093124,False
HES1,-0.7908334,-0.6002861,0.42904120421795033,0.9996608525093124,False
ENSG00000284341,-0.7911513,-0.51151985,0.42885570879595847,0.9996608525093124,False
ADGRG1,-0.8035043,0.12437321,0.42168333631261534,0.9996608525093124,False
AASS,-0.8091235,-0.0545466,0.41844408887178,0.9996608525093124,False
PSD2,-0.8328238,-0.0034418216,0.4049440941984188,0.9996608525093124,False
F3,-0.8383175,-0.36376765,0.40185238951597346,0.9996608525093124,False
RGS16,-0.8420837,-0.40039977,0.3997411100023367,0.9996608525093124,False
ENSG00000259072,-0.8473788,0.066903286,0.39678402122814294,0.9996608525093124,False
ZHX2,-0.85172606,0.0997365,0.39436615750506065,0.9996608525093124,False
PAQR6,-0.86277914,-0.3817481,0.3882589072306002,0.9996608525093124,False
NASP,-0.87117416,0.12093781,0.3836590559090961,0.9996608525093124,False
THSD7B,-0.8866512,-0.007970062,0.37526669625684783,0.9996608525093124,False
RASSF4,-0.89218175,0.12175847,0.3722955331960448,0.9996608525093124,False
PRELID2,-0.906846,0.04525026,0.36448825070458124,0.9996608525093124,False
TMPRSS5,-0.9117113,0.25120792,0.3619207157982973,0.9996608525093124,False
DISC1,-0.94107765,0.06657024,0.3466650797182903,0.9996608525093124,False
RNASE1,-0.94622666,-0.4914845,0.34403298821228157,0.9996608525093124,False
PLD5,-0.9470673,0.027186193,0.3436044735993201,0.9996608525093124,False
EGLN3,-0.95216805,0.14578596,0.34101177433841035,0.9996608525093124,False
PLLP,-0.9678227,-0.27094138,0.33313293612730044,0.9996608525093124,False
LNC-LBCS,-0.98275334,0.2274001,0.3257288652355951,0.9996608525093124,False
ENTREP1,-0.99458665,-0.25332075,0.3199373467486759,0.9996608525093124,False
HK2,-1.006388,-0.5897006,0.314229000957731,0.9996608525093124,False
ENSG00000271860,-1.0068871,0.057327762,0.3139890490149947,0.9996608525093124,False
ZFHX3,-1.0092635,0.068211704,0.3128482786337191,0.9996608525093124,False
LINC01170,-1.0110778,-0.10780443,0.3119792182979827,0.9996608525093124,False
COL5A3,-1.018204,0.10876429,0.308581059512373,0.9996608525093124,False
MKRN3,-1.0251472,0.009077041,0.30529372075992023,0.9996608525093124,False
S100A13,-1.0353849,-0.71105224,0.3004891998567151,0.9996608525093124,False
ENSG00000285367,-1.0684029,-0.0026465754,0.28533883932934234,0.9996608525093124,False
RELN,-1.0798327,-0.18671912,0.2802167100546248,0.9996608525093124,False
LINC01299,-1.0912415,-1.2742406,0.27516665551462705,0.9996608525093124,False
ENOX2,-1.1015153,0.16845782,0.2706724263656859,0.9996608525093124,False
CSF1R,-1.1149648,-0.08787424,0.26486548445236935,0.9996608525093124,False
ENSG00000226994,-1.1344619,-0.03883701,0.25660087131524323,0.9996608525093124,False
CBFB,-1.1360008,0.12231228,0.25595624066574607,0.9996608525093124,False
KNOP1,-1.1406691,-0.14450571,0.2540076668257827,0.9996608525093124,False
SYT9,-1.165839,0.10481832,0.24367957638964854,0.9996608525093124,False
PDGFD,-1.1855955,-0.059929743,0.23578209263657657,0.9763233649547685,False
ADAMTS14,-1.2123594,-0.82715917,0.22537482228664274,0.9429908882286308,False
CST3,-1.2423016,-0.6277137,0.21412529931496505,0.9025956305125233,False
SHC4,-1.3213667,-0.004167337,0.18637913246732551,0.803358329600541,False
RAB31,-1.3243005,0.042302497,0.18540323969486372,0.8008779252477914,False
TBL1X,-1.3306655,0.026139518,0.1832991272332407,0.7935027152954143,False
PPP1R14A,-1.3320525,-0.90657496,0.18284293598809753,0.7932448415969524,False
MYO10,-1.3328848,0.046785127,0.18256962549934186,0.7932448415969524,False
PREX2,-1.3369347,-0.06034088,0.18124397465861164,0.7897340943730354,False
GPR37L1,-1.3618339,-0.35533264,0.1732503070152256,0.7649020177272653,False
COL9A3,-1.3654083,-0.48365423,0.17212476006180877,0.7616139825743751,False
S100B,-1.3689606,-0.36708423,0.1710115911605199,0.7583662579180482,False
SRRM1,-1.3747212,0.060564063,0.16921789056114478,0.7520795136050878,False
ENSG00000228566,-1.3765991,-0.008516568,0.1686362476917972,0.75116368682315,False
HDAC2-AS2,-1.395673,0.047423955,0.16281296600979922,0.7333917387828793,False
RASSF8,-1.4297781,0.093862094,0.15278071737042767,0.6944578062292167,False
PLCE1,-1.4314363,-0.040817548,0.1523052118331263,0.6938734024288215,False
LINC00320,-1.4504268,0.10517503,0.14693954062895148,0.6724921767915399,False
COL9A2,-1.4602399,-0.51867545,0.14422414971591216,0.6661623543460146,False
PALD1,-1.4885297,-0.00833387,0.1366112625801164,0.6383703858883945,False
PHLDB1,-1.4950364,0.08850483,0.13490494875980685,0.6319824823118619,False
CMTM5,-1.5281436,-1.4154452,0.12647687805334984,0.5993782673797047,False
MARCKSL1,-1.5467306,-0.25752777,0.12192821665599236,0.5806105555047255,False
TAC3,-1.5615478,-0.986623,0.11839456332355458,0.5678396322472642,False
FGFR2,-1.5643572,0.059888687,0.1177337195749144,0.5670117665296486,False
SEMA6A,-1.570112,0.013644882,0.11638906182845926,0.5636274180554928,False
RYBP,-1.6734585,0.08083093,0.09423708323565884,0.4676778324350314,False
MIR219A2HG,-1.6961836,-0.3817844,0.08985112402601543,0.44969197357190943,False
MYO16,-1.7002691,-0.01577137,0.08908030896179045,0.4487672995556194,False
RIN2,-1.7424235,-0.010482167,0.08143436799897473,0.4144242646258256,False
DAPK2,-1.7575039,0.013819546,0.07883196276611759,0.40323254611824855,False
PADI2,-1.794496,-0.28164726,0.07273403143327092,0.37588646735540526,False
RBMS3,-1.8097787,-0.043388117,0.07033011350083533,0.36440473316494987,False
ENSG00000253693,-1.8430641,-0.048251405,0.06531965624194194,0.3416711899139798,False
CARNS1,-1.8447192,-0.40060025,0.06507840808544192,0.34161894008106,False
OFD1,-1.8619741,0.068763316,0.06260673015925569,0.33213119447881,False
ARHGAP6,-1.8627292,-0.13404043,0.06250037625574775,0.33213119447881,False
ENSG00000285534,-1.8798928,-0.012211778,0.060122685250143026,0.32151168582964185,False
PRKCQ,-1.8892562,-0.06228444,0.05885750764754764,0.31558985333805706,False
CUEDC1,-1.8930161,0.042449247,0.058355735440450494,0.31374051312070156,False
CDK19,-1.9006686,0.058282796,0.05734542418121972,0.30913975299848906,False
ARHGAP23,-1.9096469,0.10177135,0.05617869018966887,0.30615090021617913,False
ENSG00000250842,-1.912181,-0.22286196,0.05585298512062088,0.30520756896514145,False
ZNF98,-1.9186552,-0.0836922,0.055027996752102466,0.3023516305060575,False
USP38-DT,-1.9203001,0.030403234,0.05481999489149832,0.3023516305060575,False
FTL,-1.9239454,-0.048483636,0.05436141778697536,0.30200787659430756,False
ZNF536,-1.9296073,-0.04297491,0.05365551121373906,0.2995973214606573,False
COPG2,-1.9398508,-0.051300593,0.05239783054064726,0.2935452691352788,False
PTN,-1.9713624,-0.10552403,0.04868244529036315,0.2742672974104966,True
ABTB2,-2.027063,-0.082440324,0.04265598549828985,0.243054048423304,False
CCDC122,-2.1320093,0.05458959,0.03300609183312957,0.19023684053676984,False
RGS20,-2.1398766,-0.22176984,0.032364732483087355,0.18707937851495582,True
SGK1,-2.1511,0.03537375,0.03146830530592246,0.18295526340652596,False
NSRP1,-2.166767,0.05379599,0.030252642831730722,0.17795672253959247,False
LINC02649,-2.2062364,-0.6112547,0.027367462770371817,0.16436914576799888,True
PLPP3,-2.2370663,-0.25792015,0.02528200234161739,0.15276134345388148,True
AOAH,-2.287783,0.0066992897,0.022150171616946913,0.13589062341685224,False
PTPRZ1,-2.3284554,-0.12193672,0.019887929753214833,0.12314507587129928,True
ZNF608,-2.4424515,0.0128157325,0.014587888606525204,0.09503510492850295,False
SLC35F4,-2.4554412,-0.073330805,0.014071173665867742,0.0919684553324689,False
KIF6,-2.4614403,0.0929848,0.013838037109465635,0.09074122694731565,False
SGCZ,-2.4697125,-0.021911638,0.013522166836835402,0.0889616239265487,False
ANKRD44,-2.4738128,0.020098472,0.013367970594404024,0.08823742966603317,False
PARD3,-2.4993243,-0.012351824,0.012443040964909486,0.08240424480072507,False
HPSE2,-2.5058377,0.031820953,0.01221616590339735,0.08144110602264899,False
ANKDD1A,-2.5338616,0.03730906,0.01128132579413561,0.07571359593379604,False
ATP13A4,-2.5647092,-0.1598958,0.010326232939809719,0.07024648258373958,True
LINC01505,-2.5791354,-0.052958068,0.009904796369392344,0.06807420185149378,False
ABCC4,-2.5951736,-0.005019569,0.009454316050888211,0.06520217966129802,False
PLEKHH1,-2.5952735,0.021141179,0.009451570263712695,0.06520217966129802,False
SH3PXD2B,-2.6218739,-0.06491687,0.00874477639876798,0.06158293238569,False
EGFR,-2.6230195,-0.15141976,0.008715431948827061,0.06158293238569,True
CRB1,-2.6364594,-0.046424206,0.008377622427631692,0.05941576189809711,False
ENSG00000287001,-2.6629665,-0.032290958,0.007745513836445297,0.055325098831752115,False
SST,-2.725625,-1.9447377,0.006417987307587784,0.046172570558185494,True
AFMID,-2.7261505,-0.20448324,0.0064077794302357,0.046172570558185494,True
ATP1B2,-2.8020225,-0.21449882,0.005078332816453047,0.03734068247391946,True
SFMBT2,-2.8060288,-0.025184697,0.005015621090118779,0.037128979655100466,False
MMD2,-2.8093157,-0.22857003,0.004964692534964804,0.03691221215587215,True
ZDHHC9,-2.8227737,-0.14981101,0.004761016855284324,0.03552997653197257,True
DENND2A,-2.8822434,-0.08509185,0.003948544843403902,0.029913218510635622,False
ERBB4,-2.8948128,-0.05952082,0.0037938456457026408,0.029071614143315255,False
LINC02055,-2.9091382,-0.0011421939,0.0036242651735442217,0.02787896287341709,False
ST6GALNAC3,-2.9378757,-0.0076340763,0.0033046949972310212,0.025844368787915097,False
GLTP,-2.949127,-0.01125657,0.003186731299680162,0.025092372438426474,False
SVEP1,-2.9656174,-0.032483384,0.003020759790562025,0.02387952403606344,False
ENOSF1,-3.063495,-0.3510599,0.0021876794451073274,0.017714003604107915,True
SEMA5A,-3.0917437,-0.26132452,0.001989845971951365,0.016177609528059876,True
FOXN2,-3.135125,-0.09937913,0.0017178099307631615,0.014138353339614497,False
RDX,-3.1807432,-0.039824508,0.0014689777470001672,0.012241481225001394,False
TMEM123,-3.2019148,-0.18109386,0.001365174198945414,0.011424051874020201,True
LDB3,-3.2133307,-0.5555072,0.0013120505733011875,0.011072156736718882,True
GRIN3A,-3.2181919,-0.15619059,0.0012900145238570167,0.01093232647336455,True
PDE1C,-3.4279501,-0.0048648957,0.0006081572019310739,0.005358213232872898,False
ENSG00000288087,-3.455126,-0.4643579,0.0005500357048505936,0.0048675726092972885,True
TCEAL4,-3.4763825,-0.09346167,0.0005082266882419428,0.004517570562150602,False
SDK1,-3.479412,-0.065005936,0.0005025151447769292,0.004486742364079725,False
ENSG00000251031,-3.5018935,-0.13247529,0.00046196431517937184,0.004180672535559926,True
ELMO1,-3.5197396,0.020089554,0.00043197067256332665,0.00392700611421206,False
LAMA2,-3.5806675,-0.08758901,0.0003427176423714477,0.0031441985538664926,False
PCSK6,-3.6107247,0.031268764,0.00030534265618373897,0.0028142180293432165,False
DIP2B,-3.6444004,0.00021104331,0.0002680158544316148,0.002481628281774211,False
EIF5B,-3.658624,0.026934166,0.00025357317076655904,0.0023588201931772934,False
MBP,-3.7012594,-0.01648541,0.00021453194726203718,0.002023886294924879,False
ADAMTS9-AS2,-3.7180796,-0.089087084,0.00020074309991124798,0.0019068575708112417,False
LINC01632,-3.7217264,-0.24208793,0.0001978653592524403,0.0018934484138989503,True
ZNF804A,-3.734093,-0.051428314,0.00018839286788433017,0.0018114698835031747,False
ADRA1A,-3.7938135,-0.22944468,0.00014835114969007494,0.0014333444414499994,True
PTGDS,-3.8207738,-0.5841866,0.00013303356186434673,0.0013042506065132032,True
PDE4B,-3.8255274,-0.029262813,0.00013049246153541227,0.0012856400151272144,False
GPRC5B,-3.84449,-0.25251797,0.00012080342762561178,0.0011960735408476412,True
LHFPL3,-3.8621285,-0.2353852,0.0001124033796173219,0.0011184415882320587,True
LUZP2,-3.8633833,-0.11868844,0.00011182734818234075,0.0011182734818234075,True
DCC,-3.9287577,-0.08313525,8.538583427907335e-05,0.0008668612617164806,False
ANKRD17-DT,-4.0242577,-0.001101368,5.715532910453693e-05,0.000589230196953989,False
NPC1,-4.1347737,-0.13417564,3.5530438378016254e-05,0.00037400461450543427,True
TSHZ2,-4.152543,-0.19693667,3.2880057150372424e-05,0.0003479371127023537,True
GLIS3,-4.1788034,-0.07622265,2.9304692552510185e-05,0.0003134191716846009,False
RYR3,-4.199115,-0.06786446,2.6796052736879614e-05,0.0002912614427921697,False
CCDC200,-4.2921295,-0.36302695,1.7696769512257342e-05,0.00019663077235841493,True
PLCH1,-4.3571963,-0.19281548,1.3173897981202913e-05,0.0001490770843481207,True
NKAIN3,-4.393696,-0.18087882,1.1143970679049509e-05,0.00012809161700056906,True
ABTB3,-4.40524,-0.28052947,1.0566672912471447e-05,0.00012215806835227106,True
HIP1R,-4.4063716,-0.23246463,1.051166661950838e-05,0.00012215806835227106,True
GLDN,-4.4382915,-0.22882271,9.067565171503674e-06,0.00010667723731180792,True
HIPK2,-4.4670544,-0.004819545,7.93039706921985e-06,9.385085289017574e-05,False
PLPPR1,-4.4760838,-0.18645951,7.602472522947204e-06,9.050562527318098e-05,True
RGS12,-4.4765964,-0.069140054,7.58424296451339e-06,9.050562527318098e-05,False
DYSF,-4.4908123,-0.06426369,7.095199869456178e-06,8.548433577658045e-05,False
SLC39A11,-4.5044575,0.025567057,6.654273515789632e-06,8.065786079745008e-05,False
ENSG00000230490,-4.5652466,-0.35077038,4.989076257244671e-06,6.159353404005766e-05,True
ALK,-4.5776634,-0.16771518,4.701979919905722e-06,5.840968844603381e-05,True
ADARB2,-4.596823,-0.2939637,4.289811371988515e-06,5.395989147155365e-05,True
FNBP1,-4.750186,-0.07382391,2.032298147183688e-06,2.6055104451072924e-05,False
DLX6-AS1,-4.8771443,-0.51494795,1.076327048318534e-06,1.4162198004191237e-05,True
TMEM132C,-4.917597,-0.16272745,8.761312961287833e-07,1.1604388028195806e-05,True
MAML3,-4.920994,-0.08390887,8.610594538771046e-07,1.1480792718361395e-05,False
TMTC4,-4.9224725,-0.21446405,8.545751615712187e-07,1.1470807537868708e-05,True
CREB5,-4.980905,-0.072661676,6.328750980236337e-07,8.789931916994913e-06,False
LINC02306,-5.0915627,-0.17169604,3.551241175942926e-07,5.037221526160179e-06,True
POLR2F,-5.208626,-0.2367041,1.9024444209428073e-07,2.777291125463952e-06,True
SLC25A13,-5.2621393,-0.099347346,1.4238870069534072e-07,2.1252044879901598e-06,False
ROBO2,-5.2973824,-0.14253674,1.1747443929146187e-07,1.7799157468403313e-06,True
L3MBTL4,-5.357377,-0.1416062,8.443871139914019e-08,1.329743486600633e-06,True
CXCL14,-5.38361,-1.2895325,7.300660070888082e-08,1.158834931886997e-06,True
LRIG1,-5.3940105,-0.24855153,6.890218038040139e-08,1.1024348860864223e-06,True
MGAT4C,-5.4290037,-0.10332064,5.666957563977762e-08,9.214565144679288e-07,True
ZNF385D,-5.463152,-0.115059935,4.677534277383325e-08,7.731461615509629e-07,True
SLC22A15,-5.5215216,-0.08712436,3.360762510155284e-08,5.648340353202158e-07,False
PTPRM,-5.552685,-0.11422806,2.8131479535851677e-08,4.7680473789579114e-07,True
KIAA1217,-5.5984426,-0.11630766,2.1628601914852318e-08,3.7290692956641924e-07,True
EEIG1,-5.647029,-0.21465524,1.6324429708986104e-08,2.8390312537367134e-07,True
SYNPR,-5.719346,-0.1753786,1.0693471990466165e-08,1.876047717625643e-07,True
GRIK1,-5.7858753,-0.2677555,7.213565009158004e-09,1.2767371697624786e-07,True
ADCY8,-5.8311596,-0.20309304,5.5043484464719045e-09,9.829193654414115e-08,True
SEMA4D,-5.9374833,-0.10927316,2.894308728414239e-09,5.409922856849045e-08,True
TENM3-AS1,-5.937834,-0.39448848,2.8881304244060125e-09,5.409922856849045e-08,True
PAMR1,-5.9605775,-0.5421147,2.513479308686641e-09,4.8336140551666175e-08,True
SPHKAP,-6.095214,-0.4164286,1.0929121348183729e-09,2.142964970232104e-08,True
DNER,-6.1827807,-0.18272756,6.298220125662853e-10,1.2596440251325705e-08,True
MIR9-1HG,-6.198142,-0.15543166,5.713353987128094e-10,1.1542129266925441e-08,True
NSUN6,-6.501274,-0.15725467,7.964267934959681e-11,1.6421170999916866e-09,True
PDE8A,-6.8961253,-0.118191876,5.3440082832620865e-12,1.1875573962804638e-10,True
SLC24A3,-6.9591837,-0.4863331,3.4225017151881716e-12,7.867820034915338e-11,True
ENSG00000227486,-7.0367885,-0.32658035,1.967210086623351e-12,4.620321859748288e-11,True
ZNF91,-7.0683017,-0.108737394,1.5684123350751662e-12,3.7343150835123e-11,True
FSTL5,-7.1858773,-0.18577796,6.677694996553717e-13,1.609083131699691e-11,True
ZEB2,-7.3960176,-0.12610558,1.4032949701999347e-13,3.4649258523455178e-12,True
IL1RAPL2,-7.519937,-0.2740251,5.480263990224017e-14,1.405195894929235e-12,True
GAD2,-7.5375576,-0.6442873,4.78854588917711e-14,1.2437781530330156e-12,True
SOX2-OT,-7.7754607,-0.16339356,7.517334156882363e-15,1.9782458307585166e-13,True
PITPNC1,-7.7786555,-0.17254879,7.329925763777717e-15,1.9546468703407246e-13,True
PSEN1,-7.7787247,-0.19700152,7.325939538209508e-15,1.9546468703407246e-13,True
PTMA,-7.8019066,-0.21416579,6.097870300137733e-15,1.6938528611493706e-13,True
GNG12-AS1,-7.8220086,-0.55626273,5.19871034140254e-15,1.485345811829297e-13,True
KCNIP1,-7.94711,-0.55449903,1.9091265138206866e-15,5.533700040059961e-14,True
SLC6A1,-8.161797,-0.52920216,3.300789466558934e-16,9.85310288525055e-15,True
SCD5,-8.168616,-0.14388211,3.1194602046214336e-16,9.452909710974041e-15,True
GALNTL6,-8.285765,-0.17575283,1.1735279882961817e-16,3.6108553486036355e-15,True
IQGAP1,-8.339858,-0.23209575,7.437994606850264e-17,2.3243733146407075e-15,True
USP54,-8.415645,-0.2586098,3.907414345518194e-17,1.26045624048974e-15,True
SCHLAP1,-8.43432,-0.3328193,3.33133981783812e-17,1.0922425632256131e-15,True
ZMAT1,-8.67727,-0.3013935,4.053836705384891e-18,1.39787472599479e-16,True
ST6GAL1,-8.704826,-0.32673118,3.1806143268224483e-18,1.1359336881508743e-16,True
GAD1,-8.857377,-0.63047874,8.19190573878085e-19,3.0340391625114264e-17,True
LMCD1-AS1,-9.049612,-0.33147398,1.434769442173724e-19,5.856201804790709e-18,True
ANO4,-9.052874,-0.19793713,1.392539615831051e-19,5.802248399296045e-18,True
TMEM165,-9.375079,-0.29303315,6.912382005157494e-21,3.0721697800699974e-19,True
EPN2,-9.393176,-0.23374285,5.8217446480918544e-21,2.6462475673144797e-19,True
LPP,-9.416313,-0.2003196,4.672034100457936e-21,2.173039116492064e-19,True
SLC1A2,-9.41643,-0.24987783,4.6668488646485506e-21,2.173039116492064e-19,True
GNG7,-9.733763,-0.25734657,2.1643524371279867e-22,1.0821762185639934e-20,True
FCHSD2,-9.894324,-0.20004147,4.405743977856067e-23,2.3188126199242457e-21,True
C8orf34,-10.188631,-0.3911024,2.2287948842536247e-24,1.2382193801409028e-22,True
CHST11,-10.516691,-0.33036214,7.237040911613525e-26,4.386085400977893e-24,True
MIR325HG,-11.573364,-0.5056527,5.62334486008194e-31,3.74889657338796e-29,True
MAN2A1,-12.008609,-0.20885615,3.2018748530203174e-33,2.3717591503854202e-31,True
SON,-13.916519,-0.3302944,5.027997725969426e-44,5.292629185230975e-42,True
PALM2AKAP2,-14.534533,-0.29502365,7.321143110263822e-48,8.613109541486849e-46,True
NAALADL2,-14.701442,-0.36976004,6.310208060844018e-49,7.887760076055022e-47,True
GPC6,-14.7656355,-0.44501773,2.4401247674252094e-49,3.4858925248931563e-47,True
ENSG00000229618,-14.829681,-0.41756636,9.417895807819829e-50,1.4489070473568967e-47,True
CIRBP,-15.179937,-0.65411013,4.802405037281271e-52,8.731645522329583e-50,True
RFX3-DT,-15.829313,-0.822852,1.9534073763436514e-56,4.8835184408591285e-54,True
